2026-03-03 00:15:56,938 - INFO - OperationLogger - [SERVICE_INIT] OperationLogger initialized
2026-03-03 00:15:56,939 - INFO - TradingLogger - [SERVICE_INIT] TradingLogger initialized
[BACKTEST] Time and Sleep have been successfully mocked.

==================================================
INITIALIZING BACKTEST: OHLC
==================================================

1970-01-01 08:00:00,000 - INFO - OperationLogger.src.pipeline.data_pipeline - [DataPipeline_DATA_PIPELINE] [COMPONENT_INIT] DATA_PIPELINE | Status: active
1970-01-01 08:00:00,000 - INFO - OperationLogger.src.pipeline.signal_pipeline - [SignalPipeline_SIGNAL_PIPELINE] [COMPONENT_INIT] SIGNAL_PIPELINE | Status: active
1970-01-01 08:00:00,000 - INFO - OperationLogger.src.interfaces.pipeline_interface - [PipelineController_PIPELINE_CONTROLLER] [SERVICE_INIT] PIPELINE_CONTROLLER initialized
1970-01-01 08:00:00,000 - INFO - OperationLogger.src.interfaces.pipeline_interface - [PipelineController_PIPELINE_CONTROLLER] [SERVICE_INIT] PIPELINE_CONTROLLER initialized
1970-01-01 08:00:00,000 - INFO - OperationLogger.src.data.data_manager - [DataManager_BACKTEST_DATA_MANAGER] [THREAD_START] resize_df | Status: running
1970-01-01 08:00:00,000 - INFO - OperationLogger.src.data.data_manager - [DataManager_BACKTEST_DATA_MANAGER] [THREAD_START] resize_df | Status: running
1970-01-01 08:00:00,000 - INFO - OperationLogger.src.data.data_collector - [DataCollector_DATA_COLLECTOR] [THREAD_START] price_data_fetch | Status: running
1970-01-01 08:00:00,000 - INFO - OperationLogger.src.data.data_collector - [DataCollector_DATA_COLLECTOR] [THREAD_START] price_data_fetch | Status: running
1970-01-01 08:00:00,000 - INFO - OperationLogger.src.data.data_processor - [DataProcessor_DATA_PROCESSOR] [THREAD_START] index_thread | Status: running
1970-01-01 08:00:00,000 - INFO - OperationLogger.src.data.data_processor - [DataProcessor_DATA_PROCESSOR] [THREAD_START] index_thread | Status: running
1970-01-01 08:00:00,000 - INFO - OperationLogger.src.data.data_processor - [DataProcessor_DATA_PROCESSOR] [DATA_INIT] DATA_PROCESSOR | Status: ready
1970-01-01 08:00:00,000 - INFO - OperationLogger.src.data.data_manager - [DataManager_BACKTEST_DATA_MANAGER] [DATA_INIT] BACKTEST_DATA_MANAGER | Status: ready
1970-01-01 08:00:00,000 - INFO - OperationLogger.src.strategy.strategy_fetcher - [StrategyFetcher_STRATEGY_FETCHER] [STRATEGY_LOAD] Count: 14 | Source: config/strategies.json
1970-01-01 08:00:00,000 - INFO - OperationLogger.src.strategy.strategy_manager - [StrategyManager_STRATEGY_MANAGER] [THREAD_START] golden_cross_signal_generator | Status: ready
1970-01-01 08:00:00,000 - INFO - OperationLogger.src.strategy.strategy_manager - [StrategyManager_STRATEGY_MANAGER] [THREAD_START] death_cross_signal_generator | Status: ready
1970-01-01 08:00:00,000 - INFO - OperationLogger.src.strategy.strategy_manager - [StrategyManager_STRATEGY_MANAGER] [THREAD_START] ema_trend_follow_signal_generator | Status: ready
1970-01-01 08:00:00,000 - INFO - OperationLogger.src.strategy.strategy_manager - [StrategyManager_STRATEGY_MANAGER] [THREAD_START] ema_trend_follow_sell_signal_generator | Status: ready
1970-01-01 08:00:00,000 - INFO - OperationLogger.src.strategy.strategy_manager - [StrategyManager_STRATEGY_MANAGER] [THREAD_START] price_moving_average_buy_signal_generator | Status: ready
1970-01-01 08:00:00,000 - INFO - OperationLogger.src.strategy.strategy_manager - [StrategyManager_STRATEGY_MANAGER] [THREAD_START] price_moving_average_sell_signal_generator | Status: ready
1970-01-01 08:00:00,000 - INFO - OperationLogger.src.strategy.strategy_manager - [StrategyManager_STRATEGY_MANAGER] [THREAD_START] ema_sma_divergence_signal_generator | Status: ready
1970-01-01 08:00:00,000 - INFO - OperationLogger.src.strategy.strategy_manager - [StrategyManager_STRATEGY_MANAGER] [THREAD_START] StrategyManager_StatusLogger | Status: ready
1970-01-01 08:00:00,000 - INFO - OperationLogger.src.strategy.strategy_manager - [THREAD_START] golden_cross_signal_generator | Status: running
1970-01-01 08:00:00,000 - INFO - OperationLogger.src.strategy.strategy_manager - [THREAD_START] death_cross_signal_generator | Status: running
1970-01-01 08:00:00,000 - INFO - OperationLogger.src.strategy.strategy_manager - [THREAD_START] ema_trend_follow_signal_generator | Status: running
1970-01-01 08:00:00,000 - INFO - OperationLogger.src.strategy.strategy_manager - [THREAD_START] ema_trend_follow_sell_signal_generator | Status: running
1970-01-01 08:00:00,000 - INFO - OperationLogger.src.strategy.strategy_manager - [THREAD_START] price_moving_average_buy_signal_generator | Status: running
1970-01-01 08:00:00,000 - INFO - OperationLogger.src.strategy.strategy_manager - [THREAD_START] price_moving_average_sell_signal_generator | Status: running
1970-01-01 08:00:00,000 - INFO - OperationLogger.src.strategy.strategy_manager - [THREAD_START] ema_sma_divergence_signal_generator | Status: running
1970-01-01 08:00:00,000 - INFO - OperationLogger.src.strategy.strategy_manager - [THREAD_START] StrategyManager_StatusLogger | Status: running
1970-01-01 08:00:00,000 - INFO - OperationLogger.src.strategy.strategy_manager - [StrategyManager_STRATEGY_MANAGER] [STRATEGY_INIT] STRATEGY_MANAGER | Global Period: 0.75 s| Status: ready
1970-01-01 08:00:00,000 - INFO - OperationLogger.src.trading.signal_generator - [SignalGenerator_BACKTEST_SIGNAL_GEN] [THREAD_START] index_data_getter | Status: ready
1970-01-01 08:00:00,000 - INFO - OperationLogger.src.trading.signal_generator - [SignalGenerator_BACKTEST_SIGNAL_GEN] [THREAD_START] status_logger | Status: ready
1970-01-01 08:00:00,000 - INFO - OperationLogger.src.trading.signal_generator - [SignalGenerator_BACKTEST_SIGNAL_GEN] [THREAD_START] index_data_getter | Status: running
1970-01-01 08:00:00,000 - INFO - OperationLogger.src.trading.signal_generator - [SignalGenerator_BACKTEST_SIGNAL_GEN] [THREAD_START] status_logger | Status: running
1970-01-01 08:00:00,000 - INFO - OperationLogger.src.trading.signal_generator - [SignalGenerator_BACKTEST_SIGNAL_GEN] [COMPONENT_INIT] BACKTEST_SIGNAL_GEN | Status: ready
1970-01-01 08:00:00,000 - INFO - OperationLogger.src.trading.trade_manager - [TradeManager_BACKTEST_TRADE_MANAGER] [THREAD_START] Thread-Get-Signal | Status: running
1970-01-01 08:00:00,000 - INFO - OperationLogger.src.trading.trade_manager - [TradeManager_BACKTEST_TRADE_MANAGER] [THREAD_START] Thread-Decide-Trade | Status: running
1970-01-01 08:00:00,000 - INFO - OperationLogger.src.trading.trade_manager - [TradeManager_BACKTEST_TRADE_MANAGER] [THREAD_START] Thread-Log-Status | Status: running
1970-01-01 08:00:00,000 - INFO - OperationLogger.src.trading.trade_manager - [TradeManager_BACKTEST_TRADE_MANAGER] [INIT_COMPLETE] Ready | Pair: BTC/USDT | Leverage: 10 | Window: 120000ms

[RUNNING] Pumping data...
2020-09-13 20:26:42,000 - INFO - OperationLogger.src.data.data_manager - [DataManager_BACKTEST_DATA_MANAGER] [DATA_CLEANUP] Action: skipped | Rows: 0 | All within 1h retention window
2020-09-13 20:27:00,000 - INFO - OperationLogger.src.strategy.strategy_manager - [StrategyManager_STRATEGY_MANAGER] [STRATEGY_STATS] No signals generated in last interval.
2020-09-13 20:27:02,000 - INFO - OperationLogger.src.trading.signal_generator - [SignalGenerator_BACKTEST_SIGNAL_GEN] [STATUS_HEARTBEAT] Indicators: SMA: FRESH (1000ms ago) | EMA: FRESH (1000ms ago) | PRICE: FRESH (1000ms ago)
2020-09-13 20:27:02,000 - INFO - OperationLogger.src.trading.trade_manager - [TradeManager_BACKTEST_TRADE_MANAGER] [STATUS_HEARTBEAT] Position: None | 120.0 s History: 0 signals | 60.0 s Density: 0 signals | 24.0 s Density: 0 signals | Last Trade: N/A ms ago
2020-09-13 20:27:05,000 - INFO - OperationLogger.src.strategy.strategy_manager - [StrategyManager_STRATEGY_MANAGER] [STRATEGY_STATS] No signals generated in last interval.
2020-09-13 20:27:06,000 - INFO - OperationLogger.src.trading.trade_manager - [TradeManager_BACKTEST_TRADE_MANAGER] [STATUS_HEARTBEAT] Position: None | 120.0 s History: 0 signals | 60.0 s Density: 0 signals | 24.0 s Density: 0 signals | Last Trade: N/A ms ago
2020-09-13 20:27:06,000 - INFO - OperationLogger.src.trading.signal_generator - [SignalGenerator_BACKTEST_SIGNAL_GEN] [STATUS_HEARTBEAT] Indicators: SMA: FRESH (1000ms ago) | EMA: FRESH (1000ms ago) | PRICE: FRESH (1000ms ago)
2020-09-13 20:27:12,000 - INFO - OperationLogger.src.strategy.strategy_manager - [StrategyManager_STRATEGY_MANAGER] [STRATEGY_STATS] No signals generated in last interval.
2020-09-13 20:27:12,000 - INFO - OperationLogger.src.trading.trade_manager - [TradeManager_BACKTEST_TRADE_MANAGER] [STATUS_HEARTBEAT] Position: None | 120.0 s History: 0 signals | 60.0 s Density: 0 signals | 24.0 s Density: 0 signals | Last Trade: N/A ms ago
2020-09-13 20:27:12,000 - INFO - OperationLogger.src.trading.signal_generator - [SignalGenerator_BACKTEST_SIGNAL_GEN] [STATUS_HEARTBEAT] Indicators: SMA: FRESH (0ms ago) | EMA: FRESH (1000ms ago) | PRICE: FRESH (1000ms ago)
2020-09-13 20:27:18,000 - INFO - OperationLogger.src.strategy.strategy_manager - [StrategyManager_STRATEGY_MANAGER] [STRATEGY_STATS] No signals generated in last interval.
2020-09-13 20:27:18,000 - INFO - OperationLogger.src.trading.trade_manager - [TradeManager_BACKTEST_TRADE_MANAGER] [STATUS_HEARTBEAT] Position: None | 120.0 s History: 0 signals | 60.0 s Density: 0 signals | 24.0 s Density: 0 signals | Last Trade: N/A ms ago
2020-09-13 20:27:18,000 - INFO - OperationLogger.src.trading.signal_generator - [SignalGenerator_BACKTEST_SIGNAL_GEN] [STATUS_HEARTBEAT] Indicators: SMA: FRESH (1000ms ago) | EMA: FRESH (1000ms ago) | PRICE: FRESH (1000ms ago)
2020-09-13 20:27:22,000 - INFO - OperationLogger.src.strategy.strategy_manager - [StrategyManager_STRATEGY_MANAGER] [STRATEGY_STATS] No signals generated in last interval.
2020-09-13 20:27:22,000 - INFO - OperationLogger.src.trading.trade_manager - [TradeManager_BACKTEST_TRADE_MANAGER] [STATUS_HEARTBEAT] Position: None | 120.0 s History: 0 signals | 60.0 s Density: 0 signals | 24.0 s Density: 0 signals | Last Trade: N/A ms ago
2020-09-13 20:27:24,000 - INFO - OperationLogger.src.trading.signal_generator - [SignalGenerator_BACKTEST_SIGNAL_GEN] [STATUS_HEARTBEAT] Indicators: SMA: FRESH (1000ms ago) | EMA: FRESH (1000ms ago) | PRICE: FRESH (1000ms ago)
2020-09-13 20:27:30,000 - INFO - OperationLogger.src.strategy.strategy_manager - [StrategyManager_STRATEGY_MANAGER] [STRATEGY_STATS] Signal Counts (1m): ema_sma_divergence: 1
2020-09-13 20:27:32,000 - INFO - OperationLogger.src.trading.trade_manager - [TradeManager_BACKTEST_TRADE_MANAGER] [STATUS_HEARTBEAT] Position: None | 120.0 s History: 0 signals | 60.0 s Density: 0 signals | 24.0 s Density: 0 signals | Last Trade: N/A ms ago
2020-09-13 20:27:33,000 - INFO - OperationLogger.src.trading.signal_generator - [SignalGenerator_BACKTEST_SIGNAL_GEN] [STATUS_HEARTBEAT] Indicators: SMA: FRESH (1000ms ago) | EMA: FRESH (1000ms ago) | PRICE: FRESH (1000ms ago)
2020-09-13 20:27:37,000 - INFO - OperationLogger.src.strategy.strategy_manager - [StrategyManager_STRATEGY_MANAGER] [STRATEGY_STATS] Signal Counts (1m): ema_sma_divergence: 1
2020-09-13 20:27:38,000 - INFO - OperationLogger.src.trading.trade_manager - [TradeManager_BACKTEST_TRADE_MANAGER] [STATUS_HEARTBEAT] Position: None | 120.0 s History: 0 signals | 60.0 s Density: 0 signals | 24.0 s Density: 0 signals | Last Trade: N/A ms ago
2020-09-13 20:27:41,000 - INFO - OperationLogger.src.trading.signal_generator - [SignalGenerator_BACKTEST_SIGNAL_GEN] [STATUS_HEARTBEAT] Indicators: SMA: FRESH (0ms ago) | EMA: FRESH (0ms ago) | PRICE: FRESH (2000ms ago)
2020-09-13 20:27:46,000 - INFO - OperationLogger.src.strategy.strategy_manager - [StrategyManager_STRATEGY_MANAGER] [STRATEGY_STATS] Signal Counts (1m): ema_sma_divergence: 1
2020-09-13 20:27:46,000 - INFO - OperationLogger.src.trading.trade_manager - [TradeManager_BACKTEST_TRADE_MANAGER] [STATUS_HEARTBEAT] Position: None | 120.0 s History: 0 signals | 60.0 s Density: 0 signals | 24.0 s Density: 0 signals | Last Trade: N/A ms ago
2020-09-13 20:27:49,000 - INFO - OperationLogger.src.trading.signal_generator - [SignalGenerator_BACKTEST_SIGNAL_GEN] [STATUS_HEARTBEAT] Indicators: SMA: FRESH (0ms ago) | EMA: FRESH (1000ms ago) | PRICE: FRESH (1000ms ago)
2020-09-13 20:27:53,000 - INFO - OperationLogger.src.strategy.strategy_manager - [StrategyManager_STRATEGY_MANAGER] [STRATEGY_STATS] Signal Counts (1m): ema_sma_divergence: 1
2020-09-13 20:27:55,000 - INFO - OperationLogger.src.trading.trade_manager - [TradeManager_BACKTEST_TRADE_MANAGER] [STATUS_HEARTBEAT] Position: None | 120.0 s History: 0 signals | 60.0 s Density: 0 signals | 24.0 s Density: 0 signals | Last Trade: N/A ms ago
2020-09-13 20:27:58,000 - INFO - OperationLogger.src.trading.signal_generator - [SignalGenerator_BACKTEST_SIGNAL_GEN] [STATUS_HEARTBEAT] Indicators: SMA: FRESH (0ms ago) | EMA: FRESH (1000ms ago) | PRICE: FRESH (1000ms ago)
2020-09-13 20:28:01,000 - INFO - OperationLogger.src.strategy.strategy_manager - [StrategyManager_STRATEGY_MANAGER] [STRATEGY_STATS] Signal Counts (1m): ema_sma_divergence: 2
2020-09-13 20:28:02,000 - INFO - OperationLogger.src.trading.trade_manager - [TradeManager_BACKTEST_TRADE_MANAGER] [STATUS_HEARTBEAT] Position: None | 120.0 s History: 0 signals | 60.0 s Density: 0 signals | 24.0 s Density: 0 signals | Last Trade: N/A ms ago
2020-09-13 20:28:05,000 - INFO - OperationLogger.src.trading.signal_generator - [SignalGenerator_BACKTEST_SIGNAL_GEN] [STATUS_HEARTBEAT] Indicators: SMA: FRESH (1000ms ago) | EMA: FRESH (1000ms ago) | PRICE: FRESH (1000ms ago)
2020-09-13 20:28:06,000 - INFO - OperationLogger.src.strategy.strategy_manager - [StrategyManager_STRATEGY_MANAGER] [STRATEGY_STATS] No signals generated in last interval.
2020-09-13 20:28:08,000 - INFO - OperationLogger.src.trading.trade_manager - [TradeManager_BACKTEST_TRADE_MANAGER] [STATUS_HEARTBEAT] Position: None | 120.0 s History: 0 signals | 60.0 s Density: 0 signals | 24.0 s Density: 0 signals | Last Trade: N/A ms ago
2020-09-13 20:28:10,000 - INFO - OperationLogger.src.trading.signal_generator - [SignalGenerator_BACKTEST_SIGNAL_GEN] [STATUS_HEARTBEAT] Indicators: SMA: FRESH (1000ms ago) | EMA: FRESH (1000ms ago) | PRICE: FRESH (1000ms ago)
2020-09-13 20:28:11,000 - INFO - OperationLogger.src.strategy.strategy_manager - [StrategyManager_STRATEGY_MANAGER] [STRATEGY_STATS] Signal Counts (1m): ema_sma_divergence: 1
2020-09-13 20:28:13,000 - INFO - OperationLogger.src.trading.trade_manager - [TradeManager_BACKTEST_TRADE_MANAGER] [STATUS_HEARTBEAT] Position: None | 120.0 s History: 0 signals | 60.0 s Density: 0 signals | 24.0 s Density: 0 signals | Last Trade: N/A ms ago
2020-09-13 20:28:15,000 - INFO - OperationLogger.src.trading.signal_generator - [SignalGenerator_BACKTEST_SIGNAL_GEN] [STATUS_HEARTBEAT] Indicators: SMA: FRESH (0ms ago) | EMA: FRESH (1000ms ago) | PRICE: FRESH (1000ms ago)
2020-09-13 20:28:17,000 - INFO - OperationLogger.src.strategy.strategy_manager - [StrategyManager_STRATEGY_MANAGER] [STRATEGY_STATS] Signal Counts (1m): ema_sma_divergence: 1
2020-09-13 20:28:18,000 - INFO - OperationLogger.src.trading.trade_manager - [TradeManager_BACKTEST_TRADE_MANAGER] [STATUS_HEARTBEAT] Position: None | 120.0 s History: 0 signals | 60.0 s Density: 0 signals | 24.0 s Density: 0 signals | Last Trade: N/A ms ago
2020-09-13 20:28:22,000 - INFO - OperationLogger.src.trading.signal_generator - [SignalGenerator_BACKTEST_SIGNAL_GEN] [STATUS_HEARTBEAT] Indicators: SMA: FRESH (1000ms ago) | EMA: FRESH (1000ms ago) | PRICE: FRESH (2000ms ago)
2020-09-13 20:28:25,000 - INFO - OperationLogger.src.strategy.strategy_manager - [StrategyManager_STRATEGY_MANAGER] [STRATEGY_STATS] Signal Counts (1m): ema_sma_divergence: 1
2020-09-13 20:28:25,000 - INFO - OperationLogger.src.trading.trade_manager - [TradeManager_BACKTEST_TRADE_MANAGER] [STATUS_HEARTBEAT] Position: None | 120.0 s History: 0 signals | 60.0 s Density: 0 signals | 24.0 s Density: 0 signals | Last Trade: N/A ms ago
2020-09-13 20:28:29,000 - INFO - OperationLogger.src.trading.signal_generator - [SignalGenerator_BACKTEST_SIGNAL_GEN] [STATUS_HEARTBEAT] Indicators: SMA: FRESH (1000ms ago) | EMA: FRESH (1000ms ago) | PRICE: FRESH (2000ms ago)
2020-09-13 20:28:30,000 - INFO - OperationLogger.src.strategy.strategy_manager - [StrategyManager_STRATEGY_MANAGER] [STRATEGY_STATS] Signal Counts (1m): ema_sma_divergence: 1
2020-09-13 20:28:30,000 - INFO - OperationLogger.src.trading.trade_manager - [TradeManager_BACKTEST_TRADE_MANAGER] [STATUS_HEARTBEAT] Position: None | 120.0 s History: 0 signals | 60.0 s Density: 0 signals | 24.0 s Density: 0 signals | Last Trade: N/A ms ago
2020-09-13 20:28:36,000 - INFO - OperationLogger.src.trading.signal_generator - [SignalGenerator_BACKTEST_SIGNAL_GEN] [STATUS_HEARTBEAT] Indicators: SMA: FRESH (2000ms ago) | EMA: FRESH (2000ms ago) | PRICE: FRESH (2000ms ago)
2020-09-13 20:28:36,000 - INFO - OperationLogger.src.strategy.strategy_manager - [StrategyManager_STRATEGY_MANAGER] [STRATEGY_STATS] Signal Counts (1m): ema_sma_divergence: 1
2020-09-13 20:28:38,000 - INFO - OperationLogger.src.trading.trade_manager - [TradeManager_BACKTEST_TRADE_MANAGER] [STATUS_HEARTBEAT] Position: None | 120.0 s History: 0 signals | 60.0 s Density: 0 signals | 24.0 s Density: 0 signals | Last Trade: N/A ms ago
2020-09-13 20:28:43,000 - INFO - OperationLogger.src.trading.signal_generator - [SignalGenerator_BACKTEST_SIGNAL_GEN] [STATUS_HEARTBEAT] Indicators: SMA: FRESH (1000ms ago) | EMA: FRESH (1000ms ago) | PRICE: FRESH (1000ms ago)
2020-09-13 20:28:43,000 - INFO - OperationLogger.src.strategy.strategy_manager - [StrategyManager_STRATEGY_MANAGER] [STRATEGY_STATS] Signal Counts (1m): ema_sma_divergence: 1
2020-09-13 20:28:44,000 - INFO - OperationLogger.src.trading.trade_manager - [TradeManager_BACKTEST_TRADE_MANAGER] [STATUS_HEARTBEAT] Position: None | 120.0 s History: 0 signals | 60.0 s Density: 0 signals | 24.0 s Density: 0 signals | Last Trade: N/A ms ago
2020-09-13 20:28:49,000 - INFO - OperationLogger.src.strategy.strategy_manager - [StrategyManager_STRATEGY_MANAGER] [STRATEGY_STATS] Signal Counts (1m): ema_sma_divergence: 1
2020-09-13 20:28:49,000 - INFO - OperationLogger.src.trading.signal_generator - [SignalGenerator_BACKTEST_SIGNAL_GEN] [STATUS_HEARTBEAT] Indicators: SMA: FRESH (0ms ago) | EMA: FRESH (1000ms ago) | PRICE: FRESH (1000ms ago)
2020-09-13 20:28:51,000 - INFO - OperationLogger.src.trading.trade_manager - [TradeManager_BACKTEST_TRADE_MANAGER] [STATUS_HEARTBEAT] Position: None | 120.0 s History: 0 signals | 60.0 s Density: 0 signals | 24.0 s Density: 0 signals | Last Trade: N/A ms ago
2020-09-13 20:28:55,000 - INFO - OperationLogger.src.strategy.strategy_manager - [StrategyManager_STRATEGY_MANAGER] [STRATEGY_STATS] Signal Counts (1m): ema_sma_divergence: 1
2020-09-13 20:28:57,000 - INFO - OperationLogger.src.trading.signal_generator - [SignalGenerator_BACKTEST_SIGNAL_GEN] [STATUS_HEARTBEAT] Indicators: SMA: FRESH (2000ms ago) | EMA: FRESH (2000ms ago) | PRICE: FRESH (3000ms ago)
2020-09-13 20:28:57,000 - INFO - OperationLogger.src.trading.trade_manager - [TradeManager_BACKTEST_TRADE_MANAGER] [STATUS_HEARTBEAT] Position: None | 120.0 s History: 0 signals | 60.0 s Density: 0 signals | 24.0 s Density: 0 signals | Last Trade: N/A ms ago
2020-09-13 20:29:00,000 - INFO - OperationLogger.src.strategy.strategy_manager - [StrategyManager_STRATEGY_MANAGER] [STRATEGY_STATS] Signal Counts (1m): ema_sma_divergence: 1
2020-09-13 20:29:00,000 - INFO - OperationLogger.src.trading.trade_manager - [TradeManager_BACKTEST_TRADE_MANAGER] [STATUS_HEARTBEAT] Position: None | 120.0 s History: 0 signals | 60.0 s Density: 0 signals | 24.0 s Density: 0 signals | Last Trade: N/A ms ago
2020-09-13 20:29:00,000 - INFO - OperationLogger.src.trading.signal_generator - [SignalGenerator_BACKTEST_SIGNAL_GEN] [STATUS_HEARTBEAT] Indicators: SMA: FRESH (0ms ago) | EMA: FRESH (1000ms ago) | PRICE: FRESH (1000ms ago)
2020-09-13 20:29:04,000 - INFO - OperationLogger.src.strategy.strategy_manager - [StrategyManager_STRATEGY_MANAGER] [STRATEGY_STATS] No signals generated in last interval.
2020-09-13 20:29:06,000 - INFO - OperationLogger.src.trading.trade_manager - [TradeManager_BACKTEST_TRADE_MANAGER] [STATUS_HEARTBEAT] Position: None | 120.0 s History: 0 signals | 60.0 s Density: 0 signals | 24.0 s Density: 0 signals | Last Trade: N/A ms ago
2020-09-13 20:29:06,000 - INFO - OperationLogger.src.trading.signal_generator - [SignalGenerator_BACKTEST_SIGNAL_GEN] [STATUS_HEARTBEAT] Indicators: SMA: FRESH (2000ms ago) | EMA: FRESH (2000ms ago) | PRICE: FRESH (2000ms ago)
2020-09-13 20:29:08,000 - INFO - OperationLogger.src.strategy.strategy_manager - [StrategyManager_STRATEGY_MANAGER] [STRATEGY_STATS] Signal Counts (1m): ema_sma_divergence: 1
2020-09-13 20:29:10,000 - INFO - OperationLogger.src.trading.trade_manager - [TradeManager_BACKTEST_TRADE_MANAGER] [STATUS_HEARTBEAT] Position: None | 120.0 s History: 0 signals | 60.0 s Density: 0 signals | 24.0 s Density: 0 signals | Last Trade: N/A ms ago
2020-09-13 20:29:10,000 - INFO - OperationLogger.src.trading.signal_generator - [SignalGenerator_BACKTEST_SIGNAL_GEN] [STATUS_HEARTBEAT] Indicators: SMA: FRESH (0ms ago) | EMA: FRESH (2000ms ago) | PRICE: FRESH (2000ms ago)
2020-09-13 20:29:15,000 - INFO - OperationLogger.src.strategy.strategy_manager - [StrategyManager_STRATEGY_MANAGER] [STRATEGY_STATS] Signal Counts (1m): ema_sma_divergence: 1
2020-09-13 20:29:15,000 - INFO - OperationLogger.src.trading.trade_manager - [TradeManager_BACKTEST_TRADE_MANAGER] [STATUS_HEARTBEAT] Position: None | 120.0 s History: 0 signals | 60.0 s Density: 0 signals | 24.0 s Density: 0 signals | Last Trade: N/A ms ago
2020-09-13 20:29:16,000 - INFO - OperationLogger.src.trading.signal_generator - [SignalGenerator_BACKTEST_SIGNAL_GEN] [STATUS_HEARTBEAT] Indicators: SMA: FRESH (1000ms ago) | EMA: FRESH (1000ms ago) | PRICE: FRESH (1000ms ago)
2020-09-13 20:29:21,000 - INFO - OperationLogger.src.strategy.strategy_manager - [StrategyManager_STRATEGY_MANAGER] [STRATEGY_STATS] Signal Counts (1m): ema_sma_divergence: 1
2020-09-13 20:29:22,000 - INFO - OperationLogger.src.trading.trade_manager - [TradeManager_BACKTEST_TRADE_MANAGER] [STATUS_HEARTBEAT] Position: None | 120.0 s History: 0 signals | 60.0 s Density: 0 signals | 24.0 s Density: 0 signals | Last Trade: N/A ms ago
2020-09-13 20:29:24,000 - INFO - OperationLogger.src.trading.signal_generator - [SignalGenerator_BACKTEST_SIGNAL_GEN] [STATUS_HEARTBEAT] Indicators: SMA: FRESH (1000ms ago) | EMA: FRESH (1000ms ago) | PRICE: FRESH (2000ms ago)
2020-09-13 20:29:27,000 - INFO - OperationLogger.src.strategy.strategy_manager - [StrategyManager_STRATEGY_MANAGER] [STRATEGY_STATS] Signal Counts (1m): ema_sma_divergence: 1
2020-09-13 20:29:28,000 - INFO - OperationLogger.src.trading.trade_manager - [TradeManager_BACKTEST_TRADE_MANAGER] [STATUS_HEARTBEAT] Position: None | 120.0 s History: 0 signals | 60.0 s Density: 0 signals | 24.0 s Density: 0 signals | Last Trade: N/A ms ago
2020-09-13 20:29:30,000 - INFO - OperationLogger.src.trading.signal_generator - [SignalGenerator_BACKTEST_SIGNAL_GEN] [STATUS_HEARTBEAT] Indicators: SMA: FRESH (1000ms ago) | EMA: FRESH (1000ms ago) | PRICE: FRESH (1000ms ago)
2020-09-13 20:29:34,000 - INFO - OperationLogger.src.strategy.strategy_manager - [StrategyManager_STRATEGY_MANAGER] [STRATEGY_STATS] Signal Counts (1m): ema_sma_divergence: 1
2020-09-13 20:29:34,000 - INFO - OperationLogger.src.trading.trade_manager - [TradeManager_BACKTEST_TRADE_MANAGER] [STATUS_HEARTBEAT] Position: None | 120.0 s History: 0 signals | 60.0 s Density: 0 signals | 24.0 s Density: 0 signals | Last Trade: N/A ms ago
2020-09-13 20:29:39,000 - INFO - OperationLogger.src.trading.signal_generator - [SignalGenerator_BACKTEST_SIGNAL_GEN] [STATUS_HEARTBEAT] Indicators: SMA: FRESH (3000ms ago) | EMA: FRESH (3000ms ago) | PRICE: FRESH (3000ms ago)
2020-09-13 20:29:42,000 - INFO - OperationLogger.src.strategy.strategy_manager - [StrategyManager_STRATEGY_MANAGER] [STRATEGY_STATS] Signal Counts (1m): ema_sma_divergence: 1
2020-09-13 20:29:42,000 - INFO - OperationLogger.src.trading.trade_manager - [TradeManager_BACKTEST_TRADE_MANAGER] [STATUS_HEARTBEAT] Position: None | 120.0 s History: 0 signals | 60.0 s Density: 0 signals | 24.0 s Density: 0 signals | Last Trade: N/A ms ago
2020-09-13 20:29:48,000 - INFO - OperationLogger.src.trading.signal_generator - [SignalGenerator_BACKTEST_SIGNAL_GEN] [STATUS_HEARTBEAT] Indicators: SMA: FRESH (2000ms ago) | EMA: FRESH (2000ms ago) | PRICE: FRESH (3000ms ago)
2020-09-13 20:29:54,000 - INFO - OperationLogger.src.strategy.strategy_manager - [StrategyManager_STRATEGY_MANAGER] [STRATEGY_STATS] Signal Counts (1m): ema_sma_divergence: 2
2020-09-13 20:29:57,000 - INFO - OperationLogger.src.trading.trade_manager - [TradeManager_BACKTEST_TRADE_MANAGER] [STATUS_HEARTBEAT] Position: None | 120.0 s History: 0 signals | 60.0 s Density: 0 signals | 24.0 s Density: 0 signals | Last Trade: N/A ms ago
2020-09-13 20:30:13,000 - INFO - OperationLogger.src.trading.signal_generator - [SignalGenerator_BACKTEST_SIGNAL_GEN] [STATUS_HEARTBEAT] Indicators: SMA: FRESH (0ms ago) | EMA: FRESH (0ms ago) | PRICE: FRESH (0ms ago)
2020-09-13 20:30:26,000 - INFO - OperationLogger.src.strategy.strategy_manager - [StrategyManager_STRATEGY_MANAGER] [STRATEGY_STATS] Signal Counts (1m): ema_sma_divergence: 5
2020-09-13 20:30:31,000 - INFO - OperationLogger.src.trading.trade_manager - [TradeManager_BACKTEST_TRADE_MANAGER] [STATUS_HEARTBEAT] Position: None | 120.0 s History: 0 signals | 60.0 s Density: 0 signals | 24.0 s Density: 0 signals | Last Trade: N/A ms ago
2020-09-13 20:30:48,000 - INFO - OperationLogger.src.trading.signal_generator - [SignalGenerator_BACKTEST_SIGNAL_GEN] [STATUS_HEARTBEAT] Indicators: SMA: FRESH (1000ms ago) | EMA: FRESH (1000ms ago) | PRICE: FRESH (1000ms ago)
2020-09-13 20:30:51,000 - INFO - OperationLogger.src.strategy.strategy_manager - [StrategyManager_STRATEGY_MANAGER] [STRATEGY_STATS] Signal Counts (1m): ema_sma_divergence: 5, ema_trend_follow_sell: 2, death_cross: 1, price_moving_average_sell: 2
2020-09-13 20:30:52,000 - INFO - OperationLogger.src.trading.trade_manager - [TradeManager_BACKTEST_TRADE_MANAGER] [STATUS_HEARTBEAT] Position: None | 120.0 s History: 6 signals | 60.0 s Density: 6 signals | 24.0 s Density: 6 signals | Last Trade: N/A ms ago
2020-09-13 20:30:55,000 - INFO - OperationLogger.src.trading.signal_generator - [SignalGenerator_BACKTEST_SIGNAL_GEN] [STATUS_HEARTBEAT] Indicators: SMA: FRESH (1000ms ago) | EMA: FRESH (1000ms ago) | PRICE: FRESH (1000ms ago)
2020-09-13 20:30:57,000 - INFO - OperationLogger.src.strategy.strategy_manager - [StrategyManager_STRATEGY_MANAGER] [STRATEGY_STATS] Signal Counts (1m): death_cross: 1, ema_trend_follow_sell: 1, price_moving_average_buy: 1, ema_sma_divergence: 1
2020-09-13 20:30:57,000 - INFO - OperationLogger.src.trading.trade_manager - [TradeManager_BACKTEST_TRADE_MANAGER] [STATUS_HEARTBEAT] Position: None | 120.0 s History: 8 signals | 60.0 s Density: 8 signals | 24.0 s Density: 8 signals | Last Trade: N/A ms ago
2020-09-13 20:31:00,000 - INFO - OperationLogger.src.trading.signal_generator - [SignalGenerator_BACKTEST_SIGNAL_GEN] [STATUS_HEARTBEAT] Indicators: SMA: FRESH (0ms ago) | EMA: FRESH (0ms ago) | PRICE: FRESH (0ms ago)
2020-09-13 20:31:02,000 - INFO - OperationLogger.src.strategy.strategy_manager - [StrategyManager_STRATEGY_MANAGER] [STRATEGY_STATS] Signal Counts (1m): ema_trend_follow_sell: 1, death_cross: 1, price_moving_average_buy: 1
2020-09-13 20:31:02,000 - INFO - OperationLogger.src.trading.trade_manager - [TradeManager_BACKTEST_TRADE_MANAGER] [STATUS_HEARTBEAT] Position: None | 120.0 s History: 11 signals | 60.0 s Density: 11 signals | 24.0 s Density: 11 signals | Last Trade: N/A ms ago
2020-09-13 20:31:07,000 - INFO - OperationLogger.src.trading.signal_generator - [SignalGenerator_BACKTEST_SIGNAL_GEN] [STATUS_HEARTBEAT] Indicators: SMA: FRESH (1000ms ago) | EMA: FRESH (1000ms ago) | PRICE: FRESH (2000ms ago)
2020-09-13 20:31:08,000 - INFO - OperationLogger.src.strategy.strategy_manager - [StrategyManager_STRATEGY_MANAGER] [STRATEGY_STATS] Signal Counts (1m): ema_sma_divergence: 1, ema_trend_follow_sell: 1, price_moving_average_sell: 1, death_cross: 1
2020-09-13 20:31:08,000 - INFO - OperationLogger.src.trading.trade_manager - [TradeManager_BACKTEST_TRADE_MANAGER] [STATUS_HEARTBEAT] Position: None | 120.0 s History: 14 signals | 60.0 s Density: 14 signals | 24.0 s Density: 13 signals | Last Trade: N/A ms ago
2020-09-13 20:31:14,000 - INFO - OperationLogger.src.trading.signal_generator - [SignalGenerator_BACKTEST_SIGNAL_GEN] [STATUS_HEARTBEAT] Indicators: SMA: FRESH (1000ms ago) | EMA: FRESH (1000ms ago) | PRICE: FRESH (1000ms ago)
2020-09-13 20:31:16,000 - INFO - OperationLogger.src.strategy.strategy_manager - [StrategyManager_STRATEGY_MANAGER] [STRATEGY_STATS] Signal Counts (1m): ema_sma_divergence: 1, ema_trend_follow_sell: 2, price_moving_average_sell: 1, price_moving_average_buy: 1, death_cross: 1
2020-09-13 20:31:16,000 - INFO - OperationLogger.src.trading.trade_manager - [TradeManager_BACKTEST_TRADE_MANAGER] [STATUS_HEARTBEAT] Position: None | 120.0 s History: 19 signals | 60.0 s Density: 19 signals | 24.0 s Density: 14 signals | Last Trade: N/A ms ago
2020-09-13 20:31:20,000 - INFO - OperationLogger.src.trading.signal_generator - [SignalGenerator_BACKTEST_SIGNAL_GEN] [STATUS_HEARTBEAT] Indicators: SMA: FRESH (1000ms ago) | EMA: FRESH (1000ms ago) | PRICE: FRESH (2000ms ago)
2020-09-13 20:31:22,000 - INFO - OperationLogger.src.strategy.strategy_manager - [StrategyManager_STRATEGY_MANAGER] [STRATEGY_STATS] Signal Counts (1m): ema_sma_divergence: 2, price_moving_average_buy: 1, death_cross: 1, ema_trend_follow_sell: 1, price_moving_average_sell: 1
2020-09-13 20:31:22,000 - INFO - OperationLogger.src.trading.trade_manager - [TradeManager_BACKTEST_TRADE_MANAGER] [STATUS_HEARTBEAT] Position: None | 120.0 s History: 23 signals | 60.0 s Density: 23 signals | 24.0 s Density: 15 signals | Last Trade: N/A ms ago
2020-09-13 20:31:26,000 - INFO - OperationLogger.src.trading.signal_generator - [SignalGenerator_BACKTEST_SIGNAL_GEN] [STATUS_HEARTBEAT] Indicators: SMA: FRESH (0ms ago) | EMA: FRESH (1000ms ago) | PRICE: FRESH (1000ms ago)
2020-09-13 20:31:27,000 - INFO - OperationLogger.src.strategy.strategy_manager - [StrategyManager_STRATEGY_MANAGER] [STRATEGY_STATS] Signal Counts (1m): ema_trend_follow_sell: 1
2020-09-13 20:31:27,000 - INFO - OperationLogger.src.trading.trade_manager - [TradeManager_BACKTEST_TRADE_MANAGER] [STATUS_HEARTBEAT] Position: None | 120.0 s History: 26 signals | 60.0 s Density: 26 signals | 24.0 s Density: 15 signals | Last Trade: N/A ms ago
2020-09-13 20:31:33,000 - INFO - OperationLogger.src.strategy.strategy_manager - [StrategyManager_STRATEGY_MANAGER] [STRATEGY_STATS] Signal Counts (1m): price_moving_average_sell: 2, death_cross: 1, ema_sma_divergence: 1, ema_trend_follow_sell: 1, price_moving_average_buy: 1
2020-09-13 20:31:34,000 - INFO - OperationLogger.src.trading.signal_generator - [SignalGenerator_BACKTEST_SIGNAL_GEN] [STATUS_HEARTBEAT] Indicators: SMA: FRESH (1000ms ago) | EMA: FRESH (1000ms ago) | PRICE: FRESH (2000ms ago)
2020-09-13 20:31:34,000 - INFO - OperationLogger.src.trading.trade_manager - [TradeManager_BACKTEST_TRADE_MANAGER] [STATUS_HEARTBEAT] Position: None | 120.0 s History: 29 signals | 60.0 s Density: 29 signals | 24.0 s Density: 14 signals | Last Trade: N/A ms ago
2020-09-13 20:31:40,000 - INFO - OperationLogger.src.strategy.strategy_manager - [StrategyManager_STRATEGY_MANAGER] [STRATEGY_STATS] Signal Counts (1m): ema_sma_divergence: 2, death_cross: 1, price_moving_average_buy: 1, ema_trend_follow_sell: 1
2020-09-13 20:31:40,000 - INFO - OperationLogger.src.trading.trade_manager - [TradeManager_BACKTEST_TRADE_MANAGER] [STATUS_HEARTBEAT] Position: None | 120.0 s History: 32 signals | 60.0 s Density: 32 signals | 24.0 s Density: 13 signals | Last Trade: N/A ms ago
2020-09-13 20:31:40,000 - INFO - OperationLogger.src.trading.signal_generator - [SignalGenerator_BACKTEST_SIGNAL_GEN] [STATUS_HEARTBEAT] Indicators: SMA: FRESH (0ms ago) | EMA: FRESH (1000ms ago) | PRICE: FRESH (1000ms ago)
2020-09-13 20:31:43,000 - INFO - OperationLogger.src.data.data_manager - [DataManager_BACKTEST_DATA_MANAGER] [DATA_CLEANUP] Action: skipped | Rows: 303 | All within 1h retention window
2020-09-13 20:31:50,000 - INFO - OperationLogger.src.strategy.strategy_manager - [StrategyManager_STRATEGY_MANAGER] [STRATEGY_STATS] Signal Counts (1m): price_moving_average_buy: 2, golden_cross: 2, ema_trend_follow: 1, ema_sma_divergence: 1
2020-09-13 20:31:50,000 - INFO - OperationLogger.src.trading.trade_manager - [TradeManager_BACKTEST_TRADE_MANAGER] [STATUS_HEARTBEAT] Position: None | 120.0 s History: 37 signals | 60.0 s Density: 33 signals | 24.0 s Density: 14 signals | Last Trade: N/A ms ago
2020-09-13 20:31:50,000 - INFO - OperationLogger.src.trading.signal_generator - [SignalGenerator_BACKTEST_SIGNAL_GEN] [STATUS_HEARTBEAT] Indicators: SMA: FRESH (1000ms ago) | EMA: FRESH (3000ms ago) | PRICE: FRESH (3000ms ago)
2020-09-13 20:31:57,000 - INFO - OperationLogger.src.strategy.strategy_manager - [StrategyManager_STRATEGY_MANAGER] [STRATEGY_STATS] Signal Counts (1m): price_moving_average_buy: 2, ema_sma_divergence: 1, ema_trend_follow: 1, golden_cross: 1
2020-09-13 20:31:57,000 - INFO - OperationLogger.src.trading.trade_manager - [TradeManager_BACKTEST_TRADE_MANAGER] [STATUS_HEARTBEAT] Position: None | 120.0 s History: 41 signals | 60.0 s Density: 33 signals | 24.0 s Density: 13 signals | Last Trade: N/A ms ago
2020-09-13 20:31:57,000 - INFO - OperationLogger.src.trading.signal_generator - [SignalGenerator_BACKTEST_SIGNAL_GEN] [STATUS_HEARTBEAT] Indicators: SMA: FRESH (1000ms ago) | EMA: FRESH (1000ms ago) | PRICE: FRESH (2000ms ago)
2020-09-13 20:32:02,000 - INFO - OperationLogger.src.strategy.strategy_manager - [StrategyManager_STRATEGY_MANAGER] [STRATEGY_STATS] Signal Counts (1m): ema_sma_divergence: 1, ema_trend_follow: 1, price_moving_average_buy: 1
2020-09-13 20:32:02,000 - INFO - OperationLogger.src.trading.trade_manager - [TradeManager_BACKTEST_TRADE_MANAGER] [STATUS_HEARTBEAT] Position: None | 120.0 s History: 43 signals | 60.0 s Density: 32 signals | 24.0 s Density: 11 signals | Last Trade: N/A ms ago
2020-09-13 20:32:05,000 - INFO - OperationLogger.src.trading.signal_generator - [SignalGenerator_BACKTEST_SIGNAL_GEN] [STATUS_HEARTBEAT] Indicators: SMA: FRESH (3000ms ago) | EMA: FRESH (3000ms ago) | PRICE: FRESH (3000ms ago)
2020-09-13 20:32:08,000 - INFO - OperationLogger.src.strategy.strategy_manager - [StrategyManager_STRATEGY_MANAGER] [STRATEGY_STATS] Signal Counts (1m): golden_cross: 1, ema_trend_follow: 1, ema_sma_divergence: 1, price_moving_average_buy: 1
2020-09-13 20:32:08,000 - INFO - OperationLogger.src.trading.trade_manager - [TradeManager_BACKTEST_TRADE_MANAGER] [STATUS_HEARTBEAT] Position: None | 120.0 s History: 46 signals | 60.0 s Density: 32 signals | 24.0 s Density: 11 signals | Last Trade: N/A ms ago
2020-09-13 20:32:09,000 - INFO - OperationLogger.src.trading.signal_generator - [SignalGenerator_BACKTEST_SIGNAL_GEN] [STATUS_HEARTBEAT] Indicators: SMA: FRESH (1000ms ago) | EMA: FRESH (1000ms ago) | PRICE: FRESH (1000ms ago)
2020-09-13 20:32:13,000 - INFO - OperationLogger.src.strategy.strategy_manager - [StrategyManager_STRATEGY_MANAGER] [STRATEGY_STATS] Signal Counts (1m): ema_trend_follow: 1, ema_sma_divergence: 1, golden_cross: 1, price_moving_average_buy: 1
2020-09-13 20:32:14,000 - INFO - OperationLogger.src.trading.trade_manager - [TradeManager_BACKTEST_TRADE_MANAGER] [STATUS_HEARTBEAT] Position: None | 120.0 s History: 49 signals | 60.0 s Density: 31 signals | 24.0 s Density: 13 signals | Last Trade: N/A ms ago
2020-09-13 20:32:15,000 - INFO - OperationLogger.src.trading.signal_generator - [SignalGenerator_BACKTEST_SIGNAL_GEN] [STATUS_HEARTBEAT] Indicators: SMA: FRESH (1000ms ago) | EMA: FRESH (1000ms ago) | PRICE: FRESH (2000ms ago)
2020-09-13 20:32:18,000 - INFO - OperationLogger.src.strategy.strategy_manager - [StrategyManager_STRATEGY_MANAGER] [STRATEGY_STATS] Signal Counts (1m): ema_trend_follow: 1, price_moving_average_buy: 1, ema_sma_divergence: 1
2020-09-13 20:32:19,000 - INFO - OperationLogger.src.trading.trade_manager - [TradeManager_BACKTEST_TRADE_MANAGER] [STATUS_HEARTBEAT] Position: None | 120.0 s History: 51 signals | 60.0 s Density: 31 signals | 24.0 s Density: 13 signals | Last Trade: N/A ms ago
2020-09-13 20:32:20,000 - INFO - OperationLogger.src.trading.signal_generator - [SignalGenerator_BACKTEST_SIGNAL_GEN] [STATUS_HEARTBEAT] Indicators: SMA: FRESH (0ms ago) | EMA: FRESH (0ms ago) | PRICE: FRESH (1000ms ago)
2020-09-13 20:32:28,000 - INFO - OperationLogger.src.strategy.strategy_manager - [StrategyManager_STRATEGY_MANAGER] [STRATEGY_STATS] Signal Counts (1m): golden_cross: 2, ema_trend_follow: 2, ema_sma_divergence: 1, price_moving_average_buy: 1
2020-09-13 20:32:29,000 - INFO - OperationLogger.src.trading.trade_manager - [TradeManager_BACKTEST_TRADE_MANAGER] [STATUS_HEARTBEAT] Position: None | 120.0 s History: 56 signals | 60.0 s Density: 30 signals | 24.0 s Density: 13 signals | Last Trade: N/A ms ago
2020-09-13 20:32:33,000 - INFO - OperationLogger.src.trading.signal_generator - [SignalGenerator_BACKTEST_SIGNAL_GEN] [STATUS_HEARTBEAT] Indicators: SMA: FRESH (2000ms ago) | EMA: FRESH (2000ms ago) | PRICE: FRESH (2000ms ago)
2020-09-13 20:32:36,000 - INFO - OperationLogger.src.strategy.strategy_manager - [StrategyManager_STRATEGY_MANAGER] [STRATEGY_STATS] Signal Counts (1m): price_moving_average_buy: 2, ema_sma_divergence: 1, ema_trend_follow: 1, golden_cross: 1
2020-09-13 20:32:36,000 - INFO - OperationLogger.src.trading.trade_manager - [TradeManager_BACKTEST_TRADE_MANAGER] [STATUS_HEARTBEAT] Position: None | 120.0 s History: 60 signals | 60.0 s Density: 30 signals | 24.0 s Density: 13 signals | Last Trade: N/A ms ago
2020-09-13 20:32:38,000 - INFO - OperationLogger.src.trading.signal_generator - [SignalGenerator_BACKTEST_SIGNAL_GEN] [STATUS_HEARTBEAT] Indicators: SMA: FRESH (0ms ago) | EMA: FRESH (1000ms ago) | PRICE: FRESH (1000ms ago)
2020-09-13 20:32:41,000 - INFO - OperationLogger.src.strategy.strategy_manager - [StrategyManager_STRATEGY_MANAGER] [STRATEGY_STATS] Signal Counts (1m): ema_sma_divergence: 1, ema_trend_follow: 1, price_moving_average_buy: 1
2020-09-13 20:32:42,000 - INFO - OperationLogger.src.trading.trade_manager - [TradeManager_BACKTEST_TRADE_MANAGER] [STATUS_HEARTBEAT] Position: None | 120.0 s History: 62 signals | 60.0 s Density: 28 signals | 24.0 s Density: 12 signals | Last Trade: N/A ms ago
2020-09-13 20:32:46,000 - INFO - OperationLogger.src.trading.signal_generator - [SignalGenerator_BACKTEST_SIGNAL_GEN] [STATUS_HEARTBEAT] Indicators: SMA: FRESH (0ms ago) | EMA: FRESH (1000ms ago) | PRICE: FRESH (1000ms ago)
2020-09-13 20:32:50,000 - INFO - OperationLogger.src.strategy.strategy_manager - [StrategyManager_STRATEGY_MANAGER] [STRATEGY_STATS] Signal Counts (1m): ema_trend_follow: 2, ema_sma_divergence: 2, golden_cross: 1, price_moving_average_buy: 1
2020-09-13 20:32:50,000 - INFO - OperationLogger.src.trading.trade_manager - [TradeManager_BACKTEST_TRADE_MANAGER] [STATUS_HEARTBEAT] Position: None | 120.0 s History: 62 signals | 60.0 s Density: 30 signals | 24.0 s Density: 12 signals | Last Trade: N/A ms ago
2020-09-13 20:32:54,000 - INFO - OperationLogger.src.trading.signal_generator - [SignalGenerator_BACKTEST_SIGNAL_GEN] [STATUS_HEARTBEAT] Indicators: SMA: FRESH (1000ms ago) | EMA: FRESH (1000ms ago) | PRICE: FRESH (1000ms ago)
2020-09-13 20:32:56,000 - INFO - OperationLogger.src.strategy.strategy_manager - [StrategyManager_STRATEGY_MANAGER] [STRATEGY_STATS] Signal Counts (1m): price_moving_average_buy: 1, golden_cross: 1, ema_trend_follow: 1, ema_sma_divergence: 1
2020-09-13 20:32:56,000 - INFO - OperationLogger.src.trading.trade_manager - [TradeManager_BACKTEST_TRADE_MANAGER] [STATUS_HEARTBEAT] Position: None | 120.0 s History: 63 signals | 60.0 s Density: 31 signals | 24.0 s Density: 13 signals | Last Trade: N/A ms ago
2020-09-13 20:32:59,000 - INFO - OperationLogger.src.trading.signal_generator - [SignalGenerator_BACKTEST_SIGNAL_GEN] [STATUS_HEARTBEAT] Indicators: SMA: FRESH (0ms ago) | EMA: FRESH (1000ms ago) | PRICE: FRESH (1000ms ago)
2020-09-13 20:33:01,000 - INFO - OperationLogger.src.strategy.strategy_manager - [StrategyManager_STRATEGY_MANAGER] [STRATEGY_STATS] Signal Counts (1m): price_moving_average_buy: 2, golden_cross: 1, ema_trend_follow: 1
2020-09-13 20:33:01,000 - INFO - OperationLogger.src.trading.trade_manager - [TradeManager_BACKTEST_TRADE_MANAGER] [STATUS_HEARTBEAT] Position: None | 120.0 s History: 63 signals | 60.0 s Density: 31 signals | 24.0 s Density: 13 signals | Last Trade: N/A ms ago
2020-09-13 20:33:04,000 - INFO - OperationLogger.src.trading.signal_generator - [SignalGenerator_BACKTEST_SIGNAL_GEN] [STATUS_HEARTBEAT] Indicators: SMA: FRESH (0ms ago) | EMA: FRESH (0ms ago) | PRICE: FRESH (0ms ago)
2020-09-13 20:33:05,000 - INFO - TradingLogger.src.trading.trade_manager - [TradeManager_BACKTEST_TRADE_MANAGER] Trade Signal: BUY Entry Price: 67979.3 Amount: 1500.0 USDT or 0.221 BTC It is a NEW order.
2020-09-13 20:33:06,000 - INFO - OperationLogger.src.strategy.strategy_manager - [StrategyManager_STRATEGY_MANAGER] [STRATEGY_STATS] Signal Counts (1m): ema_sma_divergence: 1, ema_trend_follow: 1, golden_cross: 1, price_moving_average_buy: 1
2020-09-13 20:33:06,000 - INFO - OperationLogger.src.trading.trade_manager - [TradeManager_BACKTEST_TRADE_MANAGER] [STATUS_HEARTBEAT] Position: BUY (0.2210 BTC) | 120.0 s History: 64 signals | 60.0 s Density: 31 signals | 24.0 s Density: 14 signals | Last Trade: 1000 ms ago
2020-09-13 20:33:11,000 - INFO - OperationLogger.src.trading.signal_generator - [SignalGenerator_BACKTEST_SIGNAL_GEN] [STATUS_HEARTBEAT] Indicators: SMA: FRESH (1000ms ago) | EMA: FRESH (1000ms ago) | PRICE: FRESH (1000ms ago)
2020-09-13 20:33:12,000 - INFO - OperationLogger.src.strategy.strategy_manager - [StrategyManager_STRATEGY_MANAGER] [STRATEGY_STATS] Signal Counts (1m): ema_sma_divergence: 1, ema_trend_follow: 1, price_moving_average_buy: 1, golden_cross: 1
2020-09-13 20:33:12,000 - INFO - OperationLogger.src.trading.trade_manager - [TradeManager_BACKTEST_TRADE_MANAGER] [STATUS_HEARTBEAT] Position: BUY (0.2210 BTC) | 120.0 s History: 62 signals | 60.0 s Density: 32 signals | 24.0 s Density: 14 signals | Last Trade: 7000 ms ago
2020-09-13 20:33:17,000 - INFO - OperationLogger.src.trading.signal_generator - [SignalGenerator_BACKTEST_SIGNAL_GEN] [STATUS_HEARTBEAT] Indicators: SMA: FRESH (1000ms ago) | EMA: FRESH (1000ms ago) | PRICE: FRESH (1000ms ago)
2020-09-13 20:33:17,000 - INFO - OperationLogger.src.strategy.strategy_manager - [StrategyManager_STRATEGY_MANAGER] [STRATEGY_STATS] Signal Counts (1m): ema_trend_follow: 1, ema_sma_divergence: 1, price_moving_average_buy: 1
2020-09-13 20:33:18,000 - INFO - OperationLogger.src.trading.trade_manager - [TradeManager_BACKTEST_TRADE_MANAGER] [STATUS_HEARTBEAT] Position: BUY (0.2210 BTC) | 120.0 s History: 61 signals | 60.0 s Density: 31 signals | 24.0 s Density: 13 signals | Last Trade: 13000 ms ago
2020-09-13 20:33:23,000 - INFO - OperationLogger.src.trading.signal_generator - [SignalGenerator_BACKTEST_SIGNAL_GEN] [STATUS_HEARTBEAT] Indicators: SMA: FRESH (1000ms ago) | EMA: FRESH (1000ms ago) | PRICE: FRESH (2000ms ago)
2020-09-13 20:33:23,000 - INFO - OperationLogger.src.strategy.strategy_manager - [StrategyManager_STRATEGY_MANAGER] [STRATEGY_STATS] Signal Counts (1m): golden_cross: 1, ema_trend_follow: 1, price_moving_average_buy: 1, ema_sma_divergence: 1
2020-09-13 20:33:23,000 - INFO - OperationLogger.src.trading.trade_manager - [TradeManager_BACKTEST_TRADE_MANAGER] [STATUS_HEARTBEAT] Position: BUY (0.2210 BTC) | 120.0 s History: 61 signals | 60.0 s Density: 31 signals | 24.0 s Density: 13 signals | Last Trade: 18000 ms ago
2020-09-13 20:33:29,000 - INFO - OperationLogger.src.strategy.strategy_manager - [StrategyManager_STRATEGY_MANAGER] [STRATEGY_STATS] Signal Counts (1m): ema_trend_follow: 2, price_moving_average_buy: 1, golden_cross: 1, ema_sma_divergence: 1
2020-09-13 20:33:29,000 - INFO - OperationLogger.src.trading.signal_generator - [SignalGenerator_BACKTEST_SIGNAL_GEN] [STATUS_HEARTBEAT] Indicators: SMA: FRESH (1000ms ago) | EMA: FRESH (2000ms ago) | PRICE: FRESH (2000ms ago)
2020-09-13 20:33:29,000 - INFO - OperationLogger.src.trading.trade_manager - [TradeManager_BACKTEST_TRADE_MANAGER] [STATUS_HEARTBEAT] Position: BUY (0.2210 BTC) | 120.0 s History: 62 signals | 60.0 s Density: 32 signals | 24.0 s Density: 14 signals | Last Trade: 24000 ms ago
2020-09-13 20:33:52,000 - INFO - OperationLogger.src.strategy.strategy_manager - [StrategyManager_STRATEGY_MANAGER] [STRATEGY_STATS] Signal Counts (1m): price_moving_average_buy: 5, ema_sma_divergence: 4, golden_cross: 3, ema_trend_follow: 4
2020-09-13 20:33:54,000 - INFO - OperationLogger.src.trading.signal_generator - [SignalGenerator_BACKTEST_SIGNAL_GEN] [STATUS_HEARTBEAT] Indicators: SMA: FRESH (0ms ago) | EMA: FRESH (0ms ago) | PRICE: FRESH (0ms ago)
2020-09-13 20:33:55,000 - INFO - OperationLogger.src.trading.trade_manager - [TradeManager_BACKTEST_TRADE_MANAGER] [STATUS_HEARTBEAT] Position: BUY (0.2210 BTC) | 120.0 s History: 64 signals | 60.0 s Density: 33 signals | 24.0 s Density: 14 signals | Last Trade: 50000 ms ago
2020-09-13 20:34:00,000 - INFO - OperationLogger.src.strategy.strategy_manager - [StrategyManager_STRATEGY_MANAGER] [STRATEGY_STATS] Signal Counts (1m): golden_cross: 1, ema_trend_follow: 2, price_moving_average_buy: 1, ema_sma_divergence: 1
2020-09-13 20:34:01,000 - INFO - OperationLogger.src.trading.trade_manager - [TradeManager_BACKTEST_TRADE_MANAGER] [STATUS_HEARTBEAT] Position: BUY (0.2210 BTC) | 120.0 s History: 62 signals | 60.0 s Density: 32 signals | 24.0 s Density: 12 signals | Last Trade: 56000 ms ago
2020-09-13 20:34:01,000 - INFO - OperationLogger.src.trading.signal_generator - [SignalGenerator_BACKTEST_SIGNAL_GEN] [STATUS_HEARTBEAT] Indicators: SMA: FRESH (1000ms ago) | EMA: FRESH (1000ms ago) | PRICE: FRESH (1000ms ago)
2020-09-13 20:34:07,000 - INFO - OperationLogger.src.strategy.strategy_manager - [StrategyManager_STRATEGY_MANAGER] [STRATEGY_STATS] Signal Counts (1m): golden_cross: 1, price_moving_average_buy: 1, ema_sma_divergence: 1, ema_trend_follow: 1, price_moving_average_sell: 1
2020-09-13 20:34:09,000 - INFO - OperationLogger.src.trading.trade_manager - [TradeManager_BACKTEST_TRADE_MANAGER] [STATUS_HEARTBEAT] Position: BUY (0.2210 BTC) | 120.0 s History: 62 signals | 60.0 s Density: 32 signals | 24.0 s Density: 12 signals | Last Trade: 64000 ms ago
2020-09-13 20:34:09,000 - INFO - OperationLogger.src.trading.signal_generator - [SignalGenerator_BACKTEST_SIGNAL_GEN] [STATUS_HEARTBEAT] Indicators: SMA: FRESH (1000ms ago) | EMA: FRESH (2000ms ago) | PRICE: FRESH (2000ms ago)
2020-09-13 20:34:13,000 - INFO - OperationLogger.src.strategy.strategy_manager - [StrategyManager_STRATEGY_MANAGER] [STRATEGY_STATS] Signal Counts (1m): golden_cross: 1, ema_sma_divergence: 1, ema_trend_follow: 1, price_moving_average_buy: 1
2020-09-13 20:34:13,000 - INFO - OperationLogger.src.trading.trade_manager - [TradeManager_BACKTEST_TRADE_MANAGER] [STATUS_HEARTBEAT] Position: BUY (0.2210 BTC) | 120.0 s History: 62 signals | 60.0 s Density: 32 signals | 24.0 s Density: 13 signals | Last Trade: 68000 ms ago
2020-09-13 20:34:15,000 - INFO - OperationLogger.src.trading.signal_generator - [SignalGenerator_BACKTEST_SIGNAL_GEN] [STATUS_HEARTBEAT] Indicators: SMA: FRESH (0ms ago) | EMA: FRESH (0ms ago) | PRICE: FRESH (0ms ago)
2020-09-13 20:34:23,000 - INFO - OperationLogger.src.strategy.strategy_manager - [StrategyManager_STRATEGY_MANAGER] [STRATEGY_STATS] Signal Counts (1m): ema_trend_follow: 1, golden_cross: 1, ema_sma_divergence: 2, price_moving_average_sell: 1
2020-09-13 20:34:23,000 - INFO - OperationLogger.src.trading.trade_manager - [TradeManager_BACKTEST_TRADE_MANAGER] [STATUS_HEARTBEAT] Position: BUY (0.2210 BTC) | 120.0 s History: 64 signals | 60.0 s Density: 33 signals | 24.0 s Density: 14 signals | Last Trade: 78000 ms ago
2020-09-13 20:34:25,000 - INFO - OperationLogger.src.trading.signal_generator - [SignalGenerator_BACKTEST_SIGNAL_GEN] [STATUS_HEARTBEAT] Indicators: SMA: FRESH (2000ms ago) | EMA: FRESH (2000ms ago) | PRICE: FRESH (2000ms ago)
2020-09-13 20:34:28,000 - INFO - OperationLogger.src.strategy.strategy_manager - [StrategyManager_STRATEGY_MANAGER] [STRATEGY_STATS] Signal Counts (1m): golden_cross: 1, ema_trend_follow_sell: 1, price_moving_average_buy: 1, ema_trend_follow: 1, ema_sma_divergence: 1
2020-09-13 20:34:29,000 - INFO - OperationLogger.src.trading.trade_manager - [TradeManager_BACKTEST_TRADE_MANAGER] [STATUS_HEARTBEAT] Position: BUY (0.2210 BTC) | 120.0 s History: 63 signals | 60.0 s Density: 32 signals | 24.0 s Density: 12 signals | Last Trade: 84000 ms ago
2020-09-13 20:34:30,000 - INFO - OperationLogger.src.trading.signal_generator - [SignalGenerator_BACKTEST_SIGNAL_GEN] [STATUS_HEARTBEAT] Indicators: SMA: FRESH (1000ms ago) | EMA: FRESH (1000ms ago) | PRICE: FRESH (1000ms ago)
2020-09-13 20:34:33,000 - INFO - OperationLogger.src.strategy.strategy_manager - [StrategyManager_STRATEGY_MANAGER] [STRATEGY_STATS] Signal Counts (1m): price_moving_average_buy: 1, golden_cross: 1, ema_sma_divergence: 1
2020-09-13 20:34:34,000 - INFO - OperationLogger.src.trading.trade_manager - [TradeManager_BACKTEST_TRADE_MANAGER] [STATUS_HEARTBEAT] Position: BUY (0.2210 BTC) | 120.0 s History: 63 signals | 60.0 s Density: 31 signals | 24.0 s Density: 11 signals | Last Trade: 89000 ms ago
2020-09-13 20:34:36,000 - INFO - OperationLogger.src.trading.signal_generator - [SignalGenerator_BACKTEST_SIGNAL_GEN] [STATUS_HEARTBEAT] Indicators: SMA: FRESH (1000ms ago) | EMA: FRESH (1000ms ago) | PRICE: FRESH (2000ms ago)
2020-09-13 20:34:39,000 - INFO - OperationLogger.src.strategy.strategy_manager - [StrategyManager_STRATEGY_MANAGER] [STRATEGY_STATS] Signal Counts (1m): price_moving_average_buy: 2, ema_trend_follow: 1, golden_cross: 1, ema_sma_divergence: 1
2020-09-13 20:34:41,000 - INFO - OperationLogger.src.trading.trade_manager - [TradeManager_BACKTEST_TRADE_MANAGER] [STATUS_HEARTBEAT] Position: BUY (0.2210 BTC) | 120.0 s History: 64 signals | 60.0 s Density: 31 signals | 24.0 s Density: 12 signals | Last Trade: 96000 ms ago
2020-09-13 20:34:43,000 - INFO - OperationLogger.src.trading.signal_generator - [SignalGenerator_BACKTEST_SIGNAL_GEN] [STATUS_HEARTBEAT] Indicators: SMA: FRESH (1000ms ago) | EMA: FRESH (1000ms ago) | PRICE: FRESH (1000ms ago)
2020-09-13 20:34:46,000 - INFO - OperationLogger.src.strategy.strategy_manager - [StrategyManager_STRATEGY_MANAGER] [STRATEGY_STATS] Signal Counts (1m): ema_trend_follow: 2, price_moving_average_buy: 1, ema_sma_divergence: 1, golden_cross: 1
2020-09-13 20:34:46,000 - INFO - OperationLogger.src.trading.trade_manager - [TradeManager_BACKTEST_TRADE_MANAGER] [STATUS_HEARTBEAT] Position: BUY (0.2210 BTC) | 120.0 s History: 64 signals | 60.0 s Density: 32 signals | 24.0 s Density: 14 signals | Last Trade: 101000 ms ago
2020-09-13 20:34:49,000 - INFO - OperationLogger.src.trading.signal_generator - [SignalGenerator_BACKTEST_SIGNAL_GEN] [STATUS_HEARTBEAT] Indicators: SMA: FRESH (1000ms ago) | EMA: FRESH (1000ms ago) | PRICE: FRESH (1000ms ago)
2020-09-13 20:34:52,000 - INFO - OperationLogger.src.strategy.strategy_manager - [StrategyManager_STRATEGY_MANAGER] [STRATEGY_STATS] Signal Counts (1m): ema_trend_follow: 1, price_moving_average_buy: 1
2020-09-13 20:34:52,000 - INFO - OperationLogger.src.trading.trade_manager - [TradeManager_BACKTEST_TRADE_MANAGER] [STATUS_HEARTBEAT] Position: BUY (0.2210 BTC) | 120.0 s History: 63 signals | 60.0 s Density: 31 signals | 24.0 s Density: 13 signals | Last Trade: 107000 ms ago
2020-09-13 20:34:55,000 - INFO - OperationLogger.src.trading.signal_generator - [SignalGenerator_BACKTEST_SIGNAL_GEN] [STATUS_HEARTBEAT] Indicators: SMA: FRESH (1000ms ago) | EMA: FRESH (1000ms ago) | PRICE: FRESH (2000ms ago)
2020-09-13 20:34:57,000 - INFO - OperationLogger.src.strategy.strategy_manager - [StrategyManager_STRATEGY_MANAGER] [STRATEGY_STATS] Signal Counts (1m): ema_sma_divergence: 1, golden_cross: 1, price_moving_average_buy: 1, ema_trend_follow: 1
2020-09-13 20:34:57,000 - INFO - OperationLogger.src.trading.trade_manager - [TradeManager_BACKTEST_TRADE_MANAGER] [STATUS_HEARTBEAT] Position: BUY (0.2210 BTC) | 120.0 s History: 63 signals | 60.0 s Density: 30 signals | 24.0 s Density: 13 signals | Last Trade: 112000 ms ago
2020-09-13 20:35:03,000 - INFO - OperationLogger.src.trading.signal_generator - [SignalGenerator_BACKTEST_SIGNAL_GEN] [STATUS_HEARTBEAT] Indicators: SMA: FRESH (3000ms ago) | EMA: FRESH (3000ms ago) | PRICE: FRESH (3000ms ago)
2020-09-13 20:35:03,000 - INFO - OperationLogger.src.strategy.strategy_manager - [StrategyManager_STRATEGY_MANAGER] [STRATEGY_STATS] Signal Counts (1m): ema_sma_divergence: 1, golden_cross: 1, price_moving_average_buy: 1, ema_trend_follow: 1
2020-09-13 20:35:05,000 - INFO - OperationLogger.src.trading.trade_manager - [TradeManager_BACKTEST_TRADE_MANAGER] [STATUS_HEARTBEAT] Position: BUY (0.2210 BTC) | 120.0 s History: 62 signals | 60.0 s Density: 29 signals | 24.0 s Density: 11 signals | Last Trade: 120000 ms ago
2020-09-13 20:35:25,000 - INFO - OperationLogger.src.trading.signal_generator - [SignalGenerator_BACKTEST_SIGNAL_GEN] [STATUS_HEARTBEAT] Indicators: SMA: FRESH (4000ms ago) | EMA: FRESH (4000ms ago) | PRICE: FRESH (4000ms ago)
2020-09-13 20:35:25,000 - INFO - OperationLogger.src.strategy.strategy_manager - [StrategyManager_STRATEGY_MANAGER] [STRATEGY_STATS] Signal Counts (1m): ema_sma_divergence: 4, golden_cross: 3, ema_trend_follow: 4, price_moving_average_buy: 4
2020-09-13 20:35:25,000 - INFO - OperationLogger.src.trading.trade_manager - [TradeManager_BACKTEST_TRADE_MANAGER] [STATUS_HEARTBEAT] Position: BUY (0.2210 BTC) | 120.0 s History: 62 signals | 60.0 s Density: 30 signals | 24.0 s Density: 13 signals | Last Trade: 140000 ms ago
2020-09-13 20:35:33,000 - INFO - OperationLogger.src.trading.signal_generator - [SignalGenerator_BACKTEST_SIGNAL_GEN] [STATUS_HEARTBEAT] Indicators: SMA: FRESH (4000ms ago) | EMA: FRESH (4000ms ago) | PRICE: FRESH (4000ms ago)
2020-09-13 20:35:33,000 - INFO - OperationLogger.src.strategy.strategy_manager - [StrategyManager_STRATEGY_MANAGER] [STRATEGY_STATS] Signal Counts (1m): price_moving_average_buy: 2, golden_cross: 1, ema_trend_follow: 2, ema_sma_divergence: 1
2020-09-13 20:35:33,000 - INFO - OperationLogger.src.trading.trade_manager - [TradeManager_BACKTEST_TRADE_MANAGER] [STATUS_HEARTBEAT] Position: BUY (0.2210 BTC) | 120.0 s History: 63 signals | 60.0 s Density: 32 signals | 24.0 s Density: 13 signals | Last Trade: 148000 ms ago
2020-09-13 20:35:41,000 - INFO - OperationLogger.src.trading.signal_generator - [SignalGenerator_BACKTEST_SIGNAL_GEN] [STATUS_HEARTBEAT] Indicators: SMA: FRESH (3000ms ago) | EMA: FRESH (3000ms ago) | PRICE: STALE (5000ms ago)
2020-09-13 20:35:41,000 - INFO - OperationLogger.src.strategy.strategy_manager - [StrategyManager_STRATEGY_MANAGER] [STRATEGY_STATS] Signal Counts (1m): golden_cross: 1, ema_sma_divergence: 2, price_moving_average_buy: 1, ema_trend_follow: 1
2020-09-13 20:35:41,000 - INFO - OperationLogger.src.trading.trade_manager - [TradeManager_BACKTEST_TRADE_MANAGER] [STATUS_HEARTBEAT] Position: BUY (0.2210 BTC) | 120.0 s History: 61 signals | 60.0 s Density: 30 signals | 24.0 s Density: 13 signals | Last Trade: 156000 ms ago
2020-09-13 20:35:45,000 - INFO - OperationLogger.src.trading.signal_generator - [SignalGenerator_BACKTEST_SIGNAL_GEN] [STATUS_HEARTBEAT] Indicators: SMA: FRESH (1000ms ago) | EMA: FRESH (1000ms ago) | PRICE: FRESH (2000ms ago)
2020-09-13 20:35:47,000 - INFO - OperationLogger.src.strategy.strategy_manager - [StrategyManager_STRATEGY_MANAGER] [STRATEGY_STATS] Signal Counts (1m): golden_cross: 1, price_moving_average_buy: 1, ema_trend_follow: 1, ema_sma_divergence: 1
2020-09-13 20:35:47,000 - INFO - OperationLogger.src.trading.trade_manager - [TradeManager_BACKTEST_TRADE_MANAGER] [STATUS_HEARTBEAT] Position: BUY (0.2210 BTC) | 120.0 s History: 61 signals | 60.0 s Density: 30 signals | 24.0 s Density: 13 signals | Last Trade: 162000 ms ago
2020-09-13 20:35:53,000 - INFO - OperationLogger.src.trading.signal_generator - [SignalGenerator_BACKTEST_SIGNAL_GEN] [STATUS_HEARTBEAT] Indicators: SMA: FRESH (1000ms ago) | EMA: FRESH (1000ms ago) | PRICE: FRESH (3000ms ago)
2020-09-13 20:35:54,000 - INFO - OperationLogger.src.strategy.strategy_manager - [StrategyManager_STRATEGY_MANAGER] [STRATEGY_STATS] Signal Counts (1m): ema_trend_follow: 1, price_moving_average_buy: 1, golden_cross: 1
2020-09-13 20:35:54,000 - INFO - OperationLogger.src.trading.trade_manager - [TradeManager_BACKTEST_TRADE_MANAGER] [STATUS_HEARTBEAT] Position: BUY (0.2210 BTC) | 120.0 s History: 61 signals | 60.0 s Density: 30 signals | 24.0 s Density: 11 signals | Last Trade: 169000 ms ago
2020-09-13 20:35:59,000 - INFO - OperationLogger.src.strategy.strategy_manager - [StrategyManager_STRATEGY_MANAGER] [STRATEGY_STATS] Signal Counts (1m): ema_trend_follow: 2, ema_sma_divergence: 1, price_moving_average_buy: 2, golden_cross: 1
2020-09-13 20:35:59,000 - INFO - OperationLogger.src.trading.trade_manager - [TradeManager_BACKTEST_TRADE_MANAGER] [STATUS_HEARTBEAT] Position: BUY (0.2210 BTC) | 120.0 s History: 63 signals | 60.0 s Density: 33 signals | 24.0 s Density: 14 signals | Last Trade: 174000 ms ago
2020-09-13 20:35:59,000 - INFO - OperationLogger.src.trading.signal_generator - [SignalGenerator_BACKTEST_SIGNAL_GEN] [STATUS_HEARTBEAT] Indicators: SMA: FRESH (1000ms ago) | EMA: FRESH (1000ms ago) | PRICE: FRESH (2000ms ago)
2020-09-13 20:36:05,000 - INFO - OperationLogger.src.strategy.strategy_manager - [StrategyManager_STRATEGY_MANAGER] [STRATEGY_STATS] Signal Counts (1m): ema_sma_divergence: 1, ema_trend_follow: 1, price_moving_average_buy: 1
2020-09-13 20:36:06,000 - INFO - OperationLogger.src.trading.trade_manager - [TradeManager_BACKTEST_TRADE_MANAGER] [STATUS_HEARTBEAT] Position: BUY (0.2210 BTC) | 120.0 s History: 61 signals | 60.0 s Density: 32 signals | 24.0 s Density: 13 signals | Last Trade: 181000 ms ago
2020-09-13 20:36:08,000 - INFO - OperationLogger.src.trading.signal_generator - [SignalGenerator_BACKTEST_SIGNAL_GEN] [STATUS_HEARTBEAT] Indicators: SMA: FRESH (3000ms ago) | EMA: FRESH (3000ms ago) | PRICE: FRESH (3000ms ago)
2020-09-13 20:36:15,000 - INFO - OperationLogger.src.strategy.strategy_manager - [StrategyManager_STRATEGY_MANAGER] [STRATEGY_STATS] Signal Counts (1m): golden_cross: 2, ema_trend_follow: 2, ema_sma_divergence: 2, price_moving_average_buy: 1
2020-09-13 20:36:16,000 - INFO - OperationLogger.src.trading.trade_manager - [TradeManager_BACKTEST_TRADE_MANAGER] [STATUS_HEARTBEAT] Position: BUY (0.2210 BTC) | 120.0 s History: 60 signals | 60.0 s Density: 31 signals | 24.0 s Density: 12 signals | Last Trade: 191000 ms ago
2020-09-13 20:36:16,000 - INFO - OperationLogger.src.trading.signal_generator - [SignalGenerator_BACKTEST_SIGNAL_GEN] [STATUS_HEARTBEAT] Indicators: SMA: FRESH (2000ms ago) | EMA: FRESH (2000ms ago) | PRICE: FRESH (2000ms ago)
2020-09-13 20:36:21,000 - INFO - OperationLogger.src.strategy.strategy_manager - [StrategyManager_STRATEGY_MANAGER] [STRATEGY_STATS] Signal Counts (1m): price_moving_average_buy: 1, ema_trend_follow: 1, golden_cross: 1
2020-09-13 20:36:22,000 - INFO - OperationLogger.src.trading.trade_manager - [TradeManager_BACKTEST_TRADE_MANAGER] [STATUS_HEARTBEAT] Position: BUY (0.2210 BTC) | 120.0 s History: 62 signals | 60.0 s Density: 31 signals | 24.0 s Density: 13 signals | Last Trade: 197000 ms ago
2020-09-13 20:36:22,000 - INFO - OperationLogger.src.trading.signal_generator - [SignalGenerator_BACKTEST_SIGNAL_GEN] [STATUS_HEARTBEAT] Indicators: SMA: FRESH (1000ms ago) | EMA: FRESH (1000ms ago) | PRICE: FRESH (2000ms ago)
2020-09-13 20:36:27,000 - INFO - OperationLogger.src.strategy.strategy_manager - [StrategyManager_STRATEGY_MANAGER] [STRATEGY_STATS] Signal Counts (1m): price_moving_average_buy: 2, ema_sma_divergence: 1, ema_trend_follow: 1
2020-09-13 20:36:27,000 - INFO - OperationLogger.src.trading.trade_manager - [TradeManager_BACKTEST_TRADE_MANAGER] [STATUS_HEARTBEAT] Position: BUY (0.2210 BTC) | 120.0 s History: 61 signals | 60.0 s Density: 32 signals | 24.0 s Density: 13 signals | Last Trade: 202000 ms ago
2020-09-13 20:36:31,000 - INFO - OperationLogger.src.trading.signal_generator - [SignalGenerator_BACKTEST_SIGNAL_GEN] [STATUS_HEARTBEAT] Indicators: SMA: FRESH (3000ms ago) | EMA: FRESH (4000ms ago) | PRICE: FRESH (4000ms ago)
2020-09-13 20:36:33,000 - INFO - OperationLogger.src.strategy.strategy_manager - [StrategyManager_STRATEGY_MANAGER] [STRATEGY_STATS] Signal Counts (1m): golden_cross: 1, ema_sma_divergence: 1, price_moving_average_buy: 1, ema_trend_follow: 1
2020-09-13 20:36:34,000 - INFO - OperationLogger.src.trading.trade_manager - [TradeManager_BACKTEST_TRADE_MANAGER] [STATUS_HEARTBEAT] Position: BUY (0.2210 BTC) | 120.0 s History: 62 signals | 60.0 s Density: 30 signals | 24.0 s Density: 12 signals | Last Trade: 209000 ms ago
2020-09-13 20:36:38,000 - INFO - OperationLogger.src.trading.signal_generator - [SignalGenerator_BACKTEST_SIGNAL_GEN] [STATUS_HEARTBEAT] Indicators: SMA: FRESH (2000ms ago) | EMA: FRESH (2000ms ago) | PRICE: FRESH (2000ms ago)
2020-09-13 20:36:41,000 - INFO - OperationLogger.src.strategy.strategy_manager - [StrategyManager_STRATEGY_MANAGER] [STRATEGY_STATS] Signal Counts (1m): price_moving_average_buy: 1, ema_sma_divergence: 1, ema_trend_follow: 1, golden_cross: 1
2020-09-13 20:36:42,000 - INFO - OperationLogger.src.trading.trade_manager - [TradeManager_BACKTEST_TRADE_MANAGER] [STATUS_HEARTBEAT] Position: BUY (0.2210 BTC) | 120.0 s History: 60 signals | 60.0 s Density: 30 signals | 24.0 s Density: 11 signals | Last Trade: 217000 ms ago
2020-09-13 20:36:44,000 - INFO - OperationLogger.src.data.data_manager - [DataManager_BACKTEST_DATA_MANAGER] [DATA_CLEANUP] Action: skipped | Rows: 603 | All within 1h retention window
2020-09-13 20:36:45,000 - INFO - OperationLogger.src.trading.signal_generator - [SignalGenerator_BACKTEST_SIGNAL_GEN] [STATUS_HEARTBEAT] Indicators: SMA: FRESH (3000ms ago) | EMA: FRESH (3000ms ago) | PRICE: FRESH (3000ms ago)
2020-09-13 20:36:50,000 - INFO - OperationLogger.src.strategy.strategy_manager - [StrategyManager_STRATEGY_MANAGER] [STRATEGY_STATS] Signal Counts (1m): price_moving_average_buy: 1, ema_trend_follow: 2, ema_sma_divergence: 1, golden_cross: 1
2020-09-13 20:36:50,000 - INFO - OperationLogger.src.trading.trade_manager - [TradeManager_BACKTEST_TRADE_MANAGER] [STATUS_HEARTBEAT] Position: BUY (0.2210 BTC) | 120.0 s History: 62 signals | 60.0 s Density: 30 signals | 24.0 s Density: 13 signals | Last Trade: 225000 ms ago
2020-09-13 20:36:52,000 - INFO - OperationLogger.src.trading.signal_generator - [SignalGenerator_BACKTEST_SIGNAL_GEN] [STATUS_HEARTBEAT] Indicators: SMA: FRESH (0ms ago) | EMA: FRESH (0ms ago) | PRICE: FRESH (1000ms ago)
2020-09-13 20:36:57,000 - INFO - OperationLogger.src.strategy.strategy_manager - [StrategyManager_STRATEGY_MANAGER] [STRATEGY_STATS] Signal Counts (1m): price_moving_average_buy: 2, ema_sma_divergence: 1, golden_cross: 1, ema_trend_follow: 1
2020-09-13 20:36:57,000 - INFO - OperationLogger.src.trading.trade_manager - [TradeManager_BACKTEST_TRADE_MANAGER] [STATUS_HEARTBEAT] Position: BUY (0.2210 BTC) | 120.0 s History: 60 signals | 60.0 s Density: 30 signals | 24.0 s Density: 12 signals | Last Trade: 232000 ms ago
2020-09-13 20:37:04,000 - INFO - OperationLogger.src.trading.signal_generator - [SignalGenerator_BACKTEST_SIGNAL_GEN] [STATUS_HEARTBEAT] Indicators: SMA: FRESH (1000ms ago) | EMA: FRESH (1000ms ago) | PRICE: FRESH (2000ms ago)
2020-09-13 20:37:07,000 - INFO - OperationLogger.src.strategy.strategy_manager - [StrategyManager_STRATEGY_MANAGER] [STRATEGY_STATS] Signal Counts (1m): ema_sma_divergence: 2, ema_trend_follow: 2, price_moving_average_buy: 2, golden_cross: 1
2020-09-13 20:37:07,000 - INFO - OperationLogger.src.trading.trade_manager - [TradeManager_BACKTEST_TRADE_MANAGER] [STATUS_HEARTBEAT] Position: BUY (0.2210 BTC) | 120.0 s History: 62 signals | 60.0 s Density: 30 signals | 24.0 s Density: 13 signals | Last Trade: 242000 ms ago
2020-09-13 20:37:16,000 - INFO - OperationLogger.src.trading.signal_generator - [SignalGenerator_BACKTEST_SIGNAL_GEN] [STATUS_HEARTBEAT] Indicators: SMA: FRESH (3000ms ago) | EMA: FRESH (3000ms ago) | PRICE: FRESH (3000ms ago)
2020-09-13 20:37:16,000 - INFO - OperationLogger.src.strategy.strategy_manager - [StrategyManager_STRATEGY_MANAGER] [STRATEGY_STATS] Signal Counts (1m): price_moving_average_buy: 1, ema_trend_follow: 1, golden_cross: 1, ema_sma_divergence: 1
2020-09-13 20:37:18,000 - INFO - OperationLogger.src.trading.trade_manager - [TradeManager_BACKTEST_TRADE_MANAGER] [STATUS_HEARTBEAT] Position: BUY (0.2210 BTC) | 120.0 s History: 60 signals | 60.0 s Density: 28 signals | 24.0 s Density: 12 signals | Last Trade: 253000 ms ago
2020-09-13 20:37:23,000 - INFO - OperationLogger.src.trading.signal_generator - [SignalGenerator_BACKTEST_SIGNAL_GEN] [STATUS_HEARTBEAT] Indicators: SMA: FRESH (3000ms ago) | EMA: FRESH (3000ms ago) | PRICE: FRESH (3000ms ago)
2020-09-13 20:37:23,000 - INFO - OperationLogger.src.strategy.strategy_manager - [StrategyManager_STRATEGY_MANAGER] [STRATEGY_STATS] Signal Counts (1m): ema_trend_follow: 2, price_moving_average_buy: 2, ema_sma_divergence: 1, golden_cross: 1
2020-09-13 20:37:25,000 - INFO - OperationLogger.src.trading.trade_manager - [TradeManager_BACKTEST_TRADE_MANAGER] [STATUS_HEARTBEAT] Position: BUY (0.2210 BTC) | 120.0 s History: 59 signals | 60.0 s Density: 29 signals | 24.0 s Density: 11 signals | Last Trade: 260000 ms ago
2020-09-13 20:37:31,000 - INFO - OperationLogger.src.trading.signal_generator - [SignalGenerator_BACKTEST_SIGNAL_GEN] [STATUS_HEARTBEAT] Indicators: SMA: FRESH (3000ms ago) | EMA: FRESH (3000ms ago) | PRICE: FRESH (3000ms ago)
2020-09-13 20:37:31,000 - INFO - OperationLogger.src.strategy.strategy_manager - [StrategyManager_STRATEGY_MANAGER] [STRATEGY_STATS] Signal Counts (1m): ema_sma_divergence: 2, ema_trend_follow: 1, price_moving_average_buy: 1, golden_cross: 1
2020-09-13 20:37:31,000 - INFO - OperationLogger.src.trading.trade_manager - [TradeManager_BACKTEST_TRADE_MANAGER] [STATUS_HEARTBEAT] Position: BUY (0.2210 BTC) | 120.0 s History: 59 signals | 60.0 s Density: 30 signals | 24.0 s Density: 12 signals | Last Trade: 266000 ms ago
2020-09-13 20:37:35,000 - INFO - OperationLogger.src.trading.signal_generator - [SignalGenerator_BACKTEST_SIGNAL_GEN] [STATUS_HEARTBEAT] Indicators: SMA: FRESH (1000ms ago) | EMA: FRESH (1000ms ago) | PRICE: FRESH (1000ms ago)
2020-09-13 20:37:37,000 - INFO - OperationLogger.src.strategy.strategy_manager - [StrategyManager_STRATEGY_MANAGER] [STRATEGY_STATS] Signal Counts (1m): price_moving_average_buy: 1, ema_trend_follow: 1, golden_cross: 1, ema_sma_divergence: 1
2020-09-13 20:37:37,000 - INFO - OperationLogger.src.trading.trade_manager - [TradeManager_BACKTEST_TRADE_MANAGER] [STATUS_HEARTBEAT] Position: BUY (0.2210 BTC) | 120.0 s History: 59 signals | 60.0 s Density: 30 signals | 24.0 s Density: 11 signals | Last Trade: 272000 ms ago
2020-09-13 20:37:45,000 - INFO - OperationLogger.src.trading.signal_generator - [SignalGenerator_BACKTEST_SIGNAL_GEN] [STATUS_HEARTBEAT] Indicators: SMA: FRESH (4000ms ago) | EMA: FRESH (4000ms ago) | PRICE: FRESH (4000ms ago)
2020-09-13 20:37:45,000 - INFO - OperationLogger.src.strategy.strategy_manager - [StrategyManager_STRATEGY_MANAGER] [STRATEGY_STATS] Signal Counts (1m): ema_trend_follow: 2, price_moving_average_buy: 2, golden_cross: 1, ema_sma_divergence: 1
2020-09-13 20:37:45,000 - INFO - OperationLogger.src.trading.trade_manager - [TradeManager_BACKTEST_TRADE_MANAGER] [STATUS_HEARTBEAT] Position: BUY (0.2210 BTC) | 120.0 s History: 59 signals | 60.0 s Density: 31 signals | 24.0 s Density: 13 signals | Last Trade: 280000 ms ago
2020-09-13 20:37:50,000 - INFO - OperationLogger.src.strategy.strategy_manager - [StrategyManager_STRATEGY_MANAGER] [STRATEGY_STATS] Signal Counts (1m): golden_cross: 1, ema_trend_follow: 1, price_moving_average_buy: 1
2020-09-13 20:37:50,000 - INFO - OperationLogger.src.trading.signal_generator - [SignalGenerator_BACKTEST_SIGNAL_GEN] [STATUS_HEARTBEAT] Indicators: SMA: FRESH (1000ms ago) | EMA: FRESH (1000ms ago) | PRICE: FRESH (1000ms ago)
2020-09-13 20:37:50,000 - INFO - OperationLogger.src.trading.trade_manager - [TradeManager_BACKTEST_TRADE_MANAGER] [STATUS_HEARTBEAT] Position: BUY (0.2210 BTC) | 120.0 s History: 60 signals | 60.0 s Density: 32 signals | 24.0 s Density: 14 signals | Last Trade: 285000 ms ago
2020-09-13 20:38:00,000 - INFO - OperationLogger.src.strategy.strategy_manager - [StrategyManager_STRATEGY_MANAGER] [STRATEGY_STATS] Signal Counts (1m): ema_sma_divergence: 2, price_moving_average_buy: 1, ema_trend_follow: 1, golden_cross: 1
2020-09-13 20:38:00,000 - INFO - OperationLogger.src.trading.trade_manager - [TradeManager_BACKTEST_TRADE_MANAGER] [STATUS_HEARTBEAT] Position: BUY (0.2210 BTC) | 120.0 s History: 59 signals | 60.0 s Density: 32 signals | 24.0 s Density: 13 signals | Last Trade: 295000 ms ago
2020-09-13 20:38:00,000 - INFO - OperationLogger.src.trading.signal_generator - [SignalGenerator_BACKTEST_SIGNAL_GEN] [STATUS_HEARTBEAT] Indicators: SMA: FRESH (2000ms ago) | EMA: FRESH (3000ms ago) | PRICE: FRESH (3000ms ago)
2020-09-13 20:38:06,000 - INFO - OperationLogger.src.strategy.strategy_manager - [StrategyManager_STRATEGY_MANAGER] [STRATEGY_STATS] Signal Counts (1m): price_moving_average_buy: 2, ema_trend_follow: 2, ema_sma_divergence: 1, golden_cross: 1
2020-09-13 20:38:06,000 - INFO - OperationLogger.src.trading.trade_manager - [TradeManager_BACKTEST_TRADE_MANAGER] [STATUS_HEARTBEAT] Position: BUY (0.2210 BTC) | 120.0 s History: 60 signals | 60.0 s Density: 32 signals | 24.0 s Density: 14 signals | Last Trade: 301000 ms ago
2020-09-13 20:38:06,000 - INFO - OperationLogger.src.trading.signal_generator - [SignalGenerator_BACKTEST_SIGNAL_GEN] [STATUS_HEARTBEAT] Indicators: SMA: FRESH (1000ms ago) | EMA: FRESH (1000ms ago) | PRICE: FRESH (1000ms ago)
2020-09-13 20:38:10,000 - INFO - OperationLogger.src.strategy.strategy_manager - [StrategyManager_STRATEGY_MANAGER] [STRATEGY_STATS] Signal Counts (1m): ema_sma_divergence: 1
2020-09-13 20:38:12,000 - INFO - OperationLogger.src.trading.trade_manager - [TradeManager_BACKTEST_TRADE_MANAGER] [STATUS_HEARTBEAT] Position: BUY (0.2210 BTC) | 120.0 s History: 57 signals | 60.0 s Density: 30 signals | 24.0 s Density: 11 signals | Last Trade: 307000 ms ago
2020-09-13 20:38:13,000 - INFO - OperationLogger.src.trading.signal_generator - [SignalGenerator_BACKTEST_SIGNAL_GEN] [STATUS_HEARTBEAT] Indicators: SMA: FRESH (2000ms ago) | EMA: FRESH (3000ms ago) | PRICE: FRESH (3000ms ago)
2020-09-13 20:38:27,000 - INFO - OperationLogger.src.strategy.strategy_manager - [StrategyManager_STRATEGY_MANAGER] [STRATEGY_STATS] Signal Counts (1m): ema_trend_follow: 4, golden_cross: 3, price_moving_average_buy: 3, ema_sma_divergence: 3
2020-09-13 20:38:31,000 - INFO - OperationLogger.src.trading.trade_manager - [TradeManager_BACKTEST_TRADE_MANAGER] [STATUS_HEARTBEAT] Position: BUY (0.2210 BTC) | 120.0 s History: 60 signals | 60.0 s Density: 30 signals | 24.0 s Density: 11 signals | Last Trade: 326000 ms ago
2020-09-13 20:38:34,000 - INFO - OperationLogger.src.trading.signal_generator - [SignalGenerator_BACKTEST_SIGNAL_GEN] [STATUS_HEARTBEAT] Indicators: SMA: FRESH (1000ms ago) | EMA: FRESH (1000ms ago) | PRICE: FRESH (1000ms ago)
2020-09-13 20:38:40,000 - INFO - OperationLogger.src.strategy.strategy_manager - [StrategyManager_STRATEGY_MANAGER] [STRATEGY_STATS] Signal Counts (1m): price_moving_average_buy: 3, ema_sma_divergence: 2, ema_trend_follow: 2, golden_cross: 1
2020-09-13 20:38:42,000 - INFO - OperationLogger.src.trading.trade_manager - [TradeManager_BACKTEST_TRADE_MANAGER] [STATUS_HEARTBEAT] Position: BUY (0.2210 BTC) | 120.0 s History: 61 signals | 60.0 s Density: 32 signals | 24.0 s Density: 14 signals | Last Trade: 337000 ms ago
2020-09-13 20:38:42,000 - INFO - OperationLogger.src.trading.signal_generator - [SignalGenerator_BACKTEST_SIGNAL_GEN] [STATUS_HEARTBEAT] Indicators: SMA: FRESH (1000ms ago) | EMA: FRESH (1000ms ago) | PRICE: FRESH (1000ms ago)
2020-09-13 20:38:48,000 - INFO - OperationLogger.src.strategy.strategy_manager - [StrategyManager_STRATEGY_MANAGER] [STRATEGY_STATS] Signal Counts (1m): golden_cross: 2, ema_trend_follow: 2, price_moving_average_buy: 2, ema_sma_divergence: 1
2020-09-13 20:38:49,000 - INFO - OperationLogger.src.trading.trade_manager - [TradeManager_BACKTEST_TRADE_MANAGER] [STATUS_HEARTBEAT] Position: BUY (0.2210 BTC) | 120.0 s History: 62 signals | 60.0 s Density: 33 signals | 24.0 s Density: 14 signals | Last Trade: 344000 ms ago
2020-09-13 20:38:51,000 - INFO - OperationLogger.src.trading.signal_generator - [SignalGenerator_BACKTEST_SIGNAL_GEN] [STATUS_HEARTBEAT] Indicators: SMA: FRESH (2000ms ago) | EMA: FRESH (2000ms ago) | PRICE: FRESH (2000ms ago)
2020-09-13 20:38:58,000 - INFO - OperationLogger.src.strategy.strategy_manager - [StrategyManager_STRATEGY_MANAGER] [STRATEGY_STATS] Signal Counts (1m): ema_sma_divergence: 2, price_moving_average_buy: 2, ema_trend_follow: 1, golden_cross: 1
2020-09-13 20:39:02,000 - INFO - OperationLogger.src.trading.trade_manager - [TradeManager_BACKTEST_TRADE_MANAGER] [STATUS_HEARTBEAT] Position: BUY (0.2210 BTC) | 120.0 s History: 61 signals | 60.0 s Density: 31 signals | 24.0 s Density: 14 signals | Last Trade: 357000 ms ago
2020-09-13 20:39:04,000 - INFO - OperationLogger.src.trading.signal_generator - [SignalGenerator_BACKTEST_SIGNAL_GEN] [STATUS_HEARTBEAT] Indicators: SMA: FRESH (1000ms ago) | EMA: FRESH (1000ms ago) | PRICE: FRESH (2000ms ago)
2020-09-13 20:39:06,000 - INFO - OperationLogger.src.strategy.strategy_manager - [StrategyManager_STRATEGY_MANAGER] [STRATEGY_STATS] Signal Counts (1m): ema_trend_follow: 1, golden_cross: 1, price_moving_average_buy: 1, ema_sma_divergence: 1
2020-09-13 20:39:08,000 - INFO - OperationLogger.src.trading.trade_manager - [TradeManager_BACKTEST_TRADE_MANAGER] [STATUS_HEARTBEAT] Position: BUY (0.2210 BTC) | 120.0 s History: 60 signals | 60.0 s Density: 30 signals | 24.0 s Density: 12 signals | Last Trade: 363000 ms ago
2020-09-13 20:39:10,000 - INFO - OperationLogger.src.trading.signal_generator - [SignalGenerator_BACKTEST_SIGNAL_GEN] [STATUS_HEARTBEAT] Indicators: SMA: FRESH (2000ms ago) | EMA: FRESH (2000ms ago) | PRICE: FRESH (3000ms ago)
2020-09-13 20:39:14,000 - INFO - OperationLogger.src.strategy.strategy_manager - [StrategyManager_STRATEGY_MANAGER] [STRATEGY_STATS] Signal Counts (1m): ema_trend_follow: 2, golden_cross: 1, ema_sma_divergence: 1, price_moving_average_sell: 1
2020-09-13 20:39:18,000 - INFO - OperationLogger.src.trading.trade_manager - [TradeManager_BACKTEST_TRADE_MANAGER] [STATUS_HEARTBEAT] Position: BUY (0.2210 BTC) | 120.0 s History: 63 signals | 60.0 s Density: 32 signals | 24.0 s Density: 13 signals | Last Trade: 373000 ms ago
2020-09-13 20:39:28,000 - INFO - OperationLogger.src.trading.signal_generator - [SignalGenerator_BACKTEST_SIGNAL_GEN] [STATUS_HEARTBEAT] Indicators: SMA: FRESH (1000ms ago) | EMA: FRESH (1000ms ago) | PRICE: FRESH (1000ms ago)
2020-09-13 20:39:34,000 - INFO - OperationLogger.src.strategy.strategy_manager - [StrategyManager_STRATEGY_MANAGER] [STRATEGY_STATS] Signal Counts (1m): ema_sma_divergence: 4, price_moving_average_sell: 4, golden_cross: 3, ema_trend_follow: 3, ema_trend_follow_sell: 1, death_cross: 1
2020-09-13 20:39:34,000 - INFO - OperationLogger.src.trading.trade_manager - [TradeManager_BACKTEST_TRADE_MANAGER] [STATUS_HEARTBEAT] Position: BUY (0.2210 BTC) | 120.0 s History: 62 signals | 60.0 s Density: 32 signals | 24.0 s Density: 15 signals | Last Trade: 389000 ms ago
2020-09-13 20:39:37,000 - INFO - OperationLogger.src.trading.signal_generator - [SignalGenerator_BACKTEST_SIGNAL_GEN] [STATUS_HEARTBEAT] Indicators: SMA: FRESH (2000ms ago) | EMA: FRESH (2000ms ago) | PRICE: FRESH (2000ms ago)
2020-09-13 20:39:39,000 - INFO - OperationLogger.src.strategy.strategy_manager - [StrategyManager_STRATEGY_MANAGER] [STRATEGY_STATS] Signal Counts (1m): ema_trend_follow_sell: 1, price_moving_average_sell: 1
2020-09-13 20:39:40,000 - INFO - OperationLogger.src.trading.trade_manager - [TradeManager_BACKTEST_TRADE_MANAGER] [STATUS_HEARTBEAT] Position: BUY (0.2210 BTC) | 120.0 s History: 61 signals | 60.0 s Density: 31 signals | 24.0 s Density: 14 signals | Last Trade: 395000 ms ago
2020-09-13 20:39:43,000 - INFO - OperationLogger.src.trading.signal_generator - [SignalGenerator_BACKTEST_SIGNAL_GEN] [STATUS_HEARTBEAT] Indicators: SMA: FRESH (0ms ago) | EMA: FRESH (1000ms ago) | PRICE: FRESH (1000ms ago)
2020-09-13 20:39:46,000 - INFO - OperationLogger.src.strategy.strategy_manager - [StrategyManager_STRATEGY_MANAGER] [STRATEGY_STATS] Signal Counts (1m): ema_sma_divergence: 2, death_cross: 1, ema_trend_follow_sell: 1, price_moving_average_sell: 1
2020-09-13 20:39:48,000 - INFO - OperationLogger.src.trading.trade_manager - [TradeManager_BACKTEST_TRADE_MANAGER] [STATUS_HEARTBEAT] Position: BUY (0.2210 BTC) | 120.0 s History: 62 signals | 60.0 s Density: 32 signals | 24.0 s Density: 13 signals | Last Trade: 403000 ms ago
2020-09-13 20:39:53,000 - INFO - OperationLogger.src.trading.signal_generator - [SignalGenerator_BACKTEST_SIGNAL_GEN] [STATUS_HEARTBEAT] Indicators: SMA: FRESH (3000ms ago) | EMA: FRESH (3000ms ago) | PRICE: FRESH (3000ms ago)
2020-09-13 20:39:53,000 - INFO - OperationLogger.src.strategy.strategy_manager - [StrategyManager_STRATEGY_MANAGER] [STRATEGY_STATS] Signal Counts (1m): death_cross: 1, ema_trend_follow_sell: 2, price_moving_average_sell: 1, ema_sma_divergence: 1
2020-09-13 20:39:56,000 - INFO - OperationLogger.src.trading.trade_manager - [TradeManager_BACKTEST_TRADE_MANAGER] [STATUS_HEARTBEAT] Position: BUY (0.2210 BTC) | 120.0 s History: 61 signals | 60.0 s Density: 30 signals | 24.0 s Density: 12 signals | Last Trade: 411000 ms ago
2020-09-13 20:39:58,000 - INFO - OperationLogger.src.trading.signal_generator - [SignalGenerator_BACKTEST_SIGNAL_GEN] [STATUS_HEARTBEAT] Indicators: SMA: FRESH (1000ms ago) | EMA: FRESH (1000ms ago) | PRICE: FRESH (2000ms ago)
2020-09-13 20:40:00,000 - INFO - OperationLogger.src.strategy.strategy_manager - [StrategyManager_STRATEGY_MANAGER] [STRATEGY_STATS] Signal Counts (1m): price_moving_average_sell: 1, death_cross: 1, ema_trend_follow_sell: 1, ema_sma_divergence: 1
2020-09-13 20:40:00,000 - INFO - OperationLogger.src.trading.trade_manager - [TradeManager_BACKTEST_TRADE_MANAGER] [STATUS_HEARTBEAT] Position: BUY (0.2210 BTC) | 120.0 s History: 62 signals | 60.0 s Density: 31 signals | 24.0 s Density: 12 signals | Last Trade: 415000 ms ago
2020-09-13 20:40:08,000 - INFO - OperationLogger.src.trading.signal_generator - [SignalGenerator_BACKTEST_SIGNAL_GEN] [STATUS_HEARTBEAT] Indicators: SMA: FRESH (4000ms ago) | EMA: FRESH (4000ms ago) | PRICE: FRESH (4000ms ago)
2020-09-13 20:40:08,000 - INFO - OperationLogger.src.strategy.strategy_manager - [StrategyManager_STRATEGY_MANAGER] [STRATEGY_STATS] Signal Counts (1m): price_moving_average_sell: 2, ema_trend_follow_sell: 2, death_cross: 1, ema_sma_divergence: 1
2020-09-13 20:40:08,000 - INFO - OperationLogger.src.trading.trade_manager - [TradeManager_BACKTEST_TRADE_MANAGER] [STATUS_HEARTBEAT] Position: BUY (0.2210 BTC) | 120.0 s History: 62 signals | 60.0 s Density: 33 signals | 24.0 s Density: 13 signals | Last Trade: 423000 ms ago
2020-09-13 20:40:13,000 - INFO - OperationLogger.src.trading.signal_generator - [SignalGenerator_BACKTEST_SIGNAL_GEN] [STATUS_HEARTBEAT] Indicators: SMA: FRESH (0ms ago) | EMA: FRESH (1000ms ago) | PRICE: FRESH (1000ms ago)
2020-09-13 20:40:14,000 - INFO - OperationLogger.src.strategy.strategy_manager - [StrategyManager_STRATEGY_MANAGER] [STRATEGY_STATS] Signal Counts (1m): death_cross: 1, ema_sma_divergence: 1, price_moving_average_sell: 1, ema_trend_follow_sell: 1
2020-09-13 20:40:17,000 - INFO - OperationLogger.src.trading.trade_manager - [TradeManager_BACKTEST_TRADE_MANAGER] [STATUS_HEARTBEAT] Position: BUY (0.2210 BTC) | 120.0 s History: 62 signals | 60.0 s Density: 32 signals | 24.0 s Density: 12 signals | Last Trade: 432000 ms ago
2020-09-13 20:40:24,000 - INFO - OperationLogger.src.trading.signal_generator - [SignalGenerator_BACKTEST_SIGNAL_GEN] [STATUS_HEARTBEAT] Indicators: SMA: FRESH (2000ms ago) | EMA: FRESH (2000ms ago) | PRICE: FRESH (3000ms ago)
2020-09-13 20:40:24,000 - INFO - OperationLogger.src.strategy.strategy_manager - [StrategyManager_STRATEGY_MANAGER] [STRATEGY_STATS] Signal Counts (1m): price_moving_average_sell: 2, ema_trend_follow_sell: 2, ema_sma_divergence: 1, death_cross: 1
2020-09-13 20:40:25,000 - INFO - OperationLogger.src.trading.trade_manager - [TradeManager_BACKTEST_TRADE_MANAGER] [STATUS_HEARTBEAT] Position: BUY (0.2210 BTC) | 120.0 s History: 62 signals | 60.0 s Density: 31 signals | 24.0 s Density: 13 signals | Last Trade: 440000 ms ago
2020-09-13 20:40:54,000 - INFO - TradingLogger.src.trading.trade_manager - [TradeManager_BACKTEST_TRADE_MANAGER] Trade Signal: SELL Entry Price: 67937.1 Amount: 2773.52 USDT or 0.408 BTC It is a REVERSE order.
2020-09-13 20:40:54,000 - INFO - OperationLogger.src.trading.signal_generator - [SignalGenerator_BACKTEST_SIGNAL_GEN] [STATUS_HEARTBEAT] Indicators: SMA: FRESH (1000ms ago) | EMA: FRESH (1000ms ago) | PRICE: FRESH (1000ms ago)
2020-09-13 20:40:56,000 - INFO - OperationLogger.src.strategy.strategy_manager - [StrategyManager_STRATEGY_MANAGER] [STRATEGY_STATS] Signal Counts (1m): ema_sma_divergence: 6, ema_trend_follow_sell: 6, price_moving_average_sell: 6, death_cross: 4
2020-09-13 20:40:56,000 - INFO - OperationLogger.src.trading.trade_manager - [TradeManager_BACKTEST_TRADE_MANAGER] [STATUS_HEARTBEAT] Position: SELL (0.1870 BTC) | 120.0 s History: 61 signals | 60.0 s Density: 32 signals | 24.0 s Density: 13 signals | Last Trade: 2000 ms ago
2020-09-13 20:41:00,000 - INFO - OperationLogger.src.trading.signal_generator - [SignalGenerator_BACKTEST_SIGNAL_GEN] [STATUS_HEARTBEAT] Indicators: SMA: FRESH (1000ms ago) | EMA: FRESH (1000ms ago) | PRICE: FRESH (2000ms ago)
2020-09-13 20:41:01,000 - INFO - OperationLogger.src.strategy.strategy_manager - [StrategyManager_STRATEGY_MANAGER] [STRATEGY_STATS] Signal Counts (1m): death_cross: 1, ema_trend_follow_sell: 1, price_moving_average_sell: 1
2020-09-13 20:41:01,000 - INFO - OperationLogger.src.trading.trade_manager - [TradeManager_BACKTEST_TRADE_MANAGER] [STATUS_HEARTBEAT] Position: SELL (0.1870 BTC) | 120.0 s History: 63 signals | 60.0 s Density: 32 signals | 24.0 s Density: 13 signals | Last Trade: 7000 ms ago
2020-09-13 20:41:07,000 - INFO - OperationLogger.src.strategy.strategy_manager - [StrategyManager_STRATEGY_MANAGER] [STRATEGY_STATS] Signal Counts (1m): ema_trend_follow_sell: 1, death_cross: 1, ema_sma_divergence: 1, price_moving_average_sell: 1
2020-09-13 20:41:07,000 - INFO - OperationLogger.src.trading.trade_manager - [TradeManager_BACKTEST_TRADE_MANAGER] [STATUS_HEARTBEAT] Position: SELL (0.1870 BTC) | 120.0 s History: 63 signals | 60.0 s Density: 31 signals | 24.0 s Density: 14 signals | Last Trade: 13000 ms ago
2020-09-13 20:41:07,000 - INFO - OperationLogger.src.trading.signal_generator - [SignalGenerator_BACKTEST_SIGNAL_GEN] [STATUS_HEARTBEAT] Indicators: SMA: FRESH (2000ms ago) | EMA: FRESH (2000ms ago) | PRICE: FRESH (3000ms ago)
2020-09-13 20:41:17,000 - INFO - OperationLogger.src.strategy.strategy_manager - [StrategyManager_STRATEGY_MANAGER] [STRATEGY_STATS] Signal Counts (1m): ema_trend_follow_sell: 2, death_cross: 1, ema_sma_divergence: 2, price_moving_average_sell: 2
2020-09-13 20:41:17,000 - INFO - OperationLogger.src.trading.trade_manager - [TradeManager_BACKTEST_TRADE_MANAGER] [STATUS_HEARTBEAT] Position: SELL (0.1870 BTC) | 120.0 s History: 64 signals | 60.0 s Density: 32 signals | 24.0 s Density: 13 signals | Last Trade: 23000 ms ago
2020-09-13 20:41:18,000 - INFO - OperationLogger.src.trading.signal_generator - [SignalGenerator_BACKTEST_SIGNAL_GEN] [STATUS_HEARTBEAT] Indicators: SMA: FRESH (1000ms ago) | EMA: FRESH (1000ms ago) | PRICE: FRESH (3000ms ago)
2020-09-13 20:41:25,000 - INFO - OperationLogger.src.trading.trade_manager - [TradeManager_BACKTEST_TRADE_MANAGER] [STATUS_HEARTBEAT] Position: SELL (0.1870 BTC) | 120.0 s History: 62 signals | 60.0 s Density: 31 signals | 24.0 s Density: 12 signals | Last Trade: 31000 ms ago
2020-09-13 20:41:25,000 - INFO - OperationLogger.src.strategy.strategy_manager - [StrategyManager_STRATEGY_MANAGER] [STRATEGY_STATS] Signal Counts (1m): death_cross: 2, price_moving_average_sell: 1, ema_trend_follow_sell: 1, ema_sma_divergence: 1
2020-09-13 20:41:28,000 - INFO - OperationLogger.src.trading.signal_generator - [SignalGenerator_BACKTEST_SIGNAL_GEN] [STATUS_HEARTBEAT] Indicators: SMA: FRESH (3000ms ago) | EMA: FRESH (3000ms ago) | PRICE: FRESH (3000ms ago)
2020-09-13 20:41:34,000 - INFO - OperationLogger.src.trading.trade_manager - [TradeManager_BACKTEST_TRADE_MANAGER] [STATUS_HEARTBEAT] Position: SELL (0.1870 BTC) | 120.0 s History: 61 signals | 60.0 s Density: 29 signals | 24.0 s Density: 12 signals | Last Trade: 40000 ms ago
2020-09-13 20:41:35,000 - INFO - OperationLogger.src.strategy.strategy_manager - [StrategyManager_STRATEGY_MANAGER] [STRATEGY_STATS] Signal Counts (1m): price_moving_average_sell: 2, ema_trend_follow_sell: 2, ema_sma_divergence: 1, death_cross: 1
2020-09-13 20:41:35,000 - INFO - OperationLogger.src.trading.signal_generator - [SignalGenerator_BACKTEST_SIGNAL_GEN] [STATUS_HEARTBEAT] Indicators: SMA: FRESH (1000ms ago) | EMA: FRESH (2000ms ago) | PRICE: FRESH (2000ms ago)
2020-09-13 20:41:40,000 - INFO - OperationLogger.src.trading.trade_manager - [TradeManager_BACKTEST_TRADE_MANAGER] [STATUS_HEARTBEAT] Position: SELL (0.1870 BTC) | 120.0 s History: 62 signals | 60.0 s Density: 31 signals | 24.0 s Density: 14 signals | Last Trade: 46000 ms ago
2020-09-13 20:41:40,000 - INFO - OperationLogger.src.strategy.strategy_manager - [StrategyManager_STRATEGY_MANAGER] [STRATEGY_STATS] Signal Counts (1m): ema_sma_divergence: 1, ema_trend_follow_sell: 1, price_moving_average_sell: 1, death_cross: 1
2020-09-13 20:41:42,000 - INFO - OperationLogger.src.trading.signal_generator - [SignalGenerator_BACKTEST_SIGNAL_GEN] [STATUS_HEARTBEAT] Indicators: SMA: FRESH (2000ms ago) | EMA: FRESH (2000ms ago) | PRICE: FRESH (2000ms ago)
2020-09-13 20:41:45,000 - INFO - OperationLogger.src.data.data_manager - [DataManager_BACKTEST_DATA_MANAGER] [DATA_CLEANUP] Action: skipped | Rows: 905 | All within 1h retention window
2020-09-13 20:41:48,000 - INFO - OperationLogger.src.trading.trade_manager - [TradeManager_BACKTEST_TRADE_MANAGER] [STATUS_HEARTBEAT] Position: SELL (0.1870 BTC) | 120.0 s History: 62 signals | 60.0 s Density: 31 signals | 24.0 s Density: 12 signals | Last Trade: 54000 ms ago
2020-09-13 20:41:48,000 - INFO - OperationLogger.src.strategy.strategy_manager - [StrategyManager_STRATEGY_MANAGER] [STRATEGY_STATS] Signal Counts (1m): ema_sma_divergence: 1, price_moving_average_sell: 1, ema_trend_follow_sell: 1, death_cross: 1
2020-09-13 20:41:50,000 - INFO - OperationLogger.src.trading.signal_generator - [SignalGenerator_BACKTEST_SIGNAL_GEN] [STATUS_HEARTBEAT] Indicators: SMA: FRESH (0ms ago) | EMA: FRESH (1000ms ago) | PRICE: FRESH (1000ms ago)
2020-09-13 20:41:56,000 - INFO - OperationLogger.src.trading.trade_manager - [TradeManager_BACKTEST_TRADE_MANAGER] [STATUS_HEARTBEAT] Position: SELL (0.1870 BTC) | 120.0 s History: 63 signals | 60.0 s Density: 31 signals | 24.0 s Density: 14 signals | Last Trade: 62000 ms ago
2020-09-13 20:41:56,000 - INFO - OperationLogger.src.strategy.strategy_manager - [StrategyManager_STRATEGY_MANAGER] [STRATEGY_STATS] Signal Counts (1m): price_moving_average_sell: 2, ema_sma_divergence: 1, ema_trend_follow_sell: 2, death_cross: 1
2020-09-13 20:41:59,000 - INFO - OperationLogger.src.trading.signal_generator - [SignalGenerator_BACKTEST_SIGNAL_GEN] [STATUS_HEARTBEAT] Indicators: SMA: FRESH (2000ms ago) | EMA: FRESH (2000ms ago) | PRICE: FRESH (2000ms ago)
2020-09-13 20:42:02,000 - INFO - OperationLogger.src.trading.trade_manager - [TradeManager_BACKTEST_TRADE_MANAGER] [STATUS_HEARTBEAT] Position: SELL (0.1870 BTC) | 120.0 s History: 62 signals | 60.0 s Density: 31 signals | 24.0 s Density: 14 signals | Last Trade: 68000 ms ago
2020-09-13 20:42:02,000 - INFO - OperationLogger.src.strategy.strategy_manager - [StrategyManager_STRATEGY_MANAGER] [STRATEGY_STATS] Signal Counts (1m): ema_sma_divergence: 2, price_moving_average_sell: 1, death_cross: 1, ema_trend_follow_sell: 1
2020-09-13 20:42:08,000 - INFO - OperationLogger.src.trading.signal_generator - [SignalGenerator_BACKTEST_SIGNAL_GEN] [STATUS_HEARTBEAT] Indicators: SMA: FRESH (1000ms ago) | EMA: FRESH (2000ms ago) | PRICE: FRESH (2000ms ago)
2020-09-13 20:42:15,000 - INFO - OperationLogger.src.strategy.strategy_manager - [StrategyManager_STRATEGY_MANAGER] [STRATEGY_STATS] Signal Counts (1m): price_moving_average_sell: 2, ema_trend_follow_sell: 2, ema_sma_divergence: 2, death_cross: 2
2020-09-13 20:42:15,000 - INFO - OperationLogger.src.trading.trade_manager - [TradeManager_BACKTEST_TRADE_MANAGER] [STATUS_HEARTBEAT] Position: SELL (0.1870 BTC) | 120.0 s History: 61 signals | 60.0 s Density: 31 signals | 24.0 s Density: 12 signals | Last Trade: 81000 ms ago
2020-09-13 20:42:41,000 - INFO - OperationLogger.src.trading.signal_generator - [SignalGenerator_BACKTEST_SIGNAL_GEN] [STATUS_HEARTBEAT] Indicators: SMA: FRESH (2000ms ago) | EMA: FRESH (2000ms ago) | PRICE: FRESH (2000ms ago)
2020-09-13 20:42:45,000 - INFO - OperationLogger.src.strategy.strategy_manager - [StrategyManager_STRATEGY_MANAGER] [STRATEGY_STATS] Signal Counts (1m): price_moving_average_sell: 4, ema_trend_follow_sell: 6, ema_sma_divergence: 5, death_cross: 4, price_moving_average_buy: 2
2020-09-13 20:42:45,000 - INFO - OperationLogger.src.trading.trade_manager - [TradeManager_BACKTEST_TRADE_MANAGER] [STATUS_HEARTBEAT] Position: SELL (0.1870 BTC) | 120.0 s History: 61 signals | 60.0 s Density: 33 signals | 24.0 s Density: 14 signals | Last Trade: 111000 ms ago
2020-09-13 20:42:51,000 - INFO - OperationLogger.src.trading.signal_generator - [SignalGenerator_BACKTEST_SIGNAL_GEN] [STATUS_HEARTBEAT] Indicators: SMA: FRESH (0ms ago) | EMA: FRESH (3000ms ago) | PRICE: FRESH (3000ms ago)
2020-09-13 20:42:56,000 - INFO - OperationLogger.src.strategy.strategy_manager - [StrategyManager_STRATEGY_MANAGER] [STRATEGY_STATS] Signal Counts (1m): price_moving_average_buy: 1, ema_trend_follow_sell: 2, price_moving_average_sell: 2, ema_sma_divergence: 1, death_cross: 1
2020-09-13 20:42:56,000 - INFO - OperationLogger.src.trading.trade_manager - [TradeManager_BACKTEST_TRADE_MANAGER] [STATUS_HEARTBEAT] Position: SELL (0.1870 BTC) | 120.0 s History: 62 signals | 60.0 s Density: 31 signals | 24.0 s Density: 12 signals | Last Trade: 122000 ms ago
2020-09-13 20:43:04,000 - INFO - OperationLogger.src.trading.signal_generator - [SignalGenerator_BACKTEST_SIGNAL_GEN] [STATUS_HEARTBEAT] Indicators: SMA: FRESH (0ms ago) | EMA: FRESH (3000ms ago) | PRICE: FRESH (3000ms ago)
2020-09-13 20:43:05,000 - INFO - OperationLogger.src.strategy.strategy_manager - [StrategyManager_STRATEGY_MANAGER] [STRATEGY_STATS] Signal Counts (1m): ema_sma_divergence: 2, ema_trend_follow_sell: 2, death_cross: 1, price_moving_average_sell: 1
2020-09-13 20:43:06,000 - INFO - OperationLogger.src.trading.trade_manager - [TradeManager_BACKTEST_TRADE_MANAGER] [STATUS_HEARTBEAT] Position: SELL (0.1870 BTC) | 120.0 s History: 60 signals | 60.0 s Density: 32 signals | 24.0 s Density: 11 signals | Last Trade: 132000 ms ago
2020-09-13 20:43:13,000 - INFO - OperationLogger.src.trading.signal_generator - [SignalGenerator_BACKTEST_SIGNAL_GEN] [STATUS_HEARTBEAT] Indicators: SMA: FRESH (3000ms ago) | EMA: FRESH (3000ms ago) | PRICE: FRESH (4000ms ago)
2020-09-13 20:43:13,000 - INFO - OperationLogger.src.strategy.strategy_manager - [StrategyManager_STRATEGY_MANAGER] [STRATEGY_STATS] Signal Counts (1m): death_cross: 1, price_moving_average_sell: 1, ema_sma_divergence: 1, ema_trend_follow_sell: 1
2020-09-13 20:43:13,000 - INFO - OperationLogger.src.trading.trade_manager - [TradeManager_BACKTEST_TRADE_MANAGER] [STATUS_HEARTBEAT] Position: SELL (0.1870 BTC) | 120.0 s History: 60 signals | 60.0 s Density: 30 signals | 24.0 s Density: 11 signals | Last Trade: 139000 ms ago
2020-09-13 20:43:18,000 - INFO - OperationLogger.src.trading.signal_generator - [SignalGenerator_BACKTEST_SIGNAL_GEN] [STATUS_HEARTBEAT] Indicators: SMA: FRESH (0ms ago) | EMA: FRESH (1000ms ago) | PRICE: FRESH (1000ms ago)
2020-09-13 20:43:18,000 - INFO - OperationLogger.src.strategy.strategy_manager - [StrategyManager_STRATEGY_MANAGER] [STRATEGY_STATS] Signal Counts (1m): price_moving_average_sell: 1, ema_trend_follow_sell: 1, death_cross: 1, ema_sma_divergence: 1
2020-09-13 20:43:18,000 - INFO - OperationLogger.src.trading.trade_manager - [TradeManager_BACKTEST_TRADE_MANAGER] [STATUS_HEARTBEAT] Position: SELL (0.1870 BTC) | 120.0 s History: 61 signals | 60.0 s Density: 30 signals | 24.0 s Density: 13 signals | Last Trade: 144000 ms ago
2020-09-13 20:43:26,000 - INFO - OperationLogger.src.strategy.strategy_manager - [StrategyManager_STRATEGY_MANAGER] [STRATEGY_STATS] Signal Counts (1m): price_moving_average_sell: 2, ema_trend_follow_sell: 2, death_cross: 1, ema_sma_divergence: 1
2020-09-13 20:43:26,000 - INFO - OperationLogger.src.trading.trade_manager - [TradeManager_BACKTEST_TRADE_MANAGER] [STATUS_HEARTBEAT] Position: SELL (0.1870 BTC) | 120.0 s History: 62 signals | 60.0 s Density: 32 signals | 24.0 s Density: 14 signals | Last Trade: 152000 ms ago
2020-09-13 20:43:26,000 - INFO - OperationLogger.src.trading.signal_generator - [SignalGenerator_BACKTEST_SIGNAL_GEN] [STATUS_HEARTBEAT] Indicators: SMA: FRESH (3000ms ago) | EMA: FRESH (3000ms ago) | PRICE: STALE (5000ms ago)
2020-09-13 20:43:32,000 - INFO - OperationLogger.src.strategy.strategy_manager - [StrategyManager_STRATEGY_MANAGER] [STRATEGY_STATS] Signal Counts (1m): price_moving_average_sell: 1, ema_trend_follow_sell: 1, death_cross: 1, ema_sma_divergence: 1
2020-09-13 20:43:32,000 - INFO - OperationLogger.src.trading.trade_manager - [TradeManager_BACKTEST_TRADE_MANAGER] [STATUS_HEARTBEAT] Position: SELL (0.1870 BTC) | 120.0 s History: 63 signals | 60.0 s Density: 30 signals | 24.0 s Density: 14 signals | Last Trade: 158000 ms ago
2020-09-13 20:43:37,000 - INFO - OperationLogger.src.trading.signal_generator - [SignalGenerator_BACKTEST_SIGNAL_GEN] [STATUS_HEARTBEAT] Indicators: SMA: STALE (5000ms ago) | EMA: STALE (5000ms ago) | PRICE: STALE (5000ms ago)
2020-09-13 20:43:46,000 - INFO - OperationLogger.src.strategy.strategy_manager - [StrategyManager_STRATEGY_MANAGER] [STRATEGY_STATS] Signal Counts (1m): price_moving_average_sell: 2, ema_trend_follow_sell: 2, ema_sma_divergence: 1, death_cross: 1
2020-09-13 20:43:46,000 - INFO - OperationLogger.src.trading.trade_manager - [TradeManager_BACKTEST_TRADE_MANAGER] [STATUS_HEARTBEAT] Position: SELL (0.1870 BTC) | 120.0 s History: 60 signals | 60.0 s Density: 29 signals | 24.0 s Density: 11 signals | Last Trade: 172000 ms ago
2020-09-13 20:43:46,000 - INFO - OperationLogger.src.trading.signal_generator - [SignalGenerator_BACKTEST_SIGNAL_GEN] [STATUS_HEARTBEAT] Indicators: SMA: FRESH (1000ms ago) | EMA: FRESH (3000ms ago) | PRICE: FRESH (3000ms ago)
2020-09-13 20:43:49,000 - INFO - OperationLogger.src.strategy.strategy_manager - [StrategyManager_STRATEGY_MANAGER] [STRATEGY_STATS] Signal Counts (1m): ema_trend_follow_sell: 1, price_moving_average_sell: 1, ema_sma_divergence: 1, death_cross: 1
2020-09-13 20:43:49,000 - INFO - OperationLogger.src.trading.trade_manager - [TradeManager_BACKTEST_TRADE_MANAGER] [STATUS_HEARTBEAT] Position: SELL (0.1870 BTC) | 120.0 s History: 62 signals | 60.0 s Density: 30 signals | 24.0 s Density: 14 signals | Last Trade: 175000 ms ago
2020-09-13 20:43:51,000 - INFO - OperationLogger.src.trading.signal_generator - [SignalGenerator_BACKTEST_SIGNAL_GEN] [STATUS_HEARTBEAT] Indicators: SMA: FRESH (1000ms ago) | EMA: FRESH (1000ms ago) | PRICE: FRESH (2000ms ago)
2020-09-13 20:43:56,000 - INFO - OperationLogger.src.strategy.strategy_manager - [StrategyManager_STRATEGY_MANAGER] [STRATEGY_STATS] Signal Counts (1m): price_moving_average_sell: 1, ema_trend_follow_sell: 1, ema_sma_divergence: 1, death_cross: 1
2020-09-13 20:43:56,000 - INFO - OperationLogger.src.trading.trade_manager - [TradeManager_BACKTEST_TRADE_MANAGER] [STATUS_HEARTBEAT] Position: SELL (0.1870 BTC) | 120.0 s History: 60 signals | 60.0 s Density: 30 signals | 24.0 s Density: 14 signals | Last Trade: 182000 ms ago
2020-09-13 20:44:00,000 - INFO - OperationLogger.src.trading.signal_generator - [SignalGenerator_BACKTEST_SIGNAL_GEN] [STATUS_HEARTBEAT] Indicators: SMA: FRESH (0ms ago) | EMA: FRESH (1000ms ago) | PRICE: FRESH (1000ms ago)
2020-09-13 20:44:05,000 - INFO - OperationLogger.src.strategy.strategy_manager - [StrategyManager_STRATEGY_MANAGER] [STRATEGY_STATS] Signal Counts (1m): ema_trend_follow_sell: 2, price_moving_average_sell: 2, ema_sma_divergence: 1, death_cross: 1
2020-09-13 20:44:05,000 - INFO - OperationLogger.src.trading.trade_manager - [TradeManager_BACKTEST_TRADE_MANAGER] [STATUS_HEARTBEAT] Position: SELL (0.1870 BTC) | 120.0 s History: 62 signals | 60.0 s Density: 31 signals | 24.0 s Density: 14 signals | Last Trade: 191000 ms ago
2020-09-13 20:44:09,000 - INFO - OperationLogger.src.trading.signal_generator - [SignalGenerator_BACKTEST_SIGNAL_GEN] [STATUS_HEARTBEAT] Indicators: SMA: FRESH (0ms ago) | EMA: FRESH (3000ms ago) | PRICE: FRESH (3000ms ago)
2020-09-13 20:44:15,000 - INFO - OperationLogger.src.strategy.strategy_manager - [StrategyManager_STRATEGY_MANAGER] [STRATEGY_STATS] Signal Counts (1m): ema_sma_divergence: 2, ema_trend_follow_sell: 2, price_moving_average_sell: 1, death_cross: 1
2020-09-13 20:44:15,000 - INFO - OperationLogger.src.trading.trade_manager - [TradeManager_BACKTEST_TRADE_MANAGER] [STATUS_HEARTBEAT] Position: SELL (0.1870 BTC) | 120.0 s History: 61 signals | 60.0 s Density: 31 signals | 24.0 s Density: 12 signals | Last Trade: 201000 ms ago
2020-09-13 20:44:19,000 - INFO - OperationLogger.src.trading.signal_generator - [SignalGenerator_BACKTEST_SIGNAL_GEN] [STATUS_HEARTBEAT] Indicators: SMA: FRESH (2000ms ago) | EMA: FRESH (2000ms ago) | PRICE: FRESH (3000ms ago)
2020-09-13 20:44:22,000 - INFO - OperationLogger.src.strategy.strategy_manager - [StrategyManager_STRATEGY_MANAGER] [STRATEGY_STATS] Signal Counts (1m): price_moving_average_sell: 2, death_cross: 1, ema_trend_follow_sell: 1, ema_sma_divergence: 1
2020-09-13 20:44:22,000 - INFO - OperationLogger.src.trading.trade_manager - [TradeManager_BACKTEST_TRADE_MANAGER] [STATUS_HEARTBEAT] Position: SELL (0.1870 BTC) | 120.0 s History: 60 signals | 60.0 s Density: 30 signals | 24.0 s Density: 13 signals | Last Trade: 208000 ms ago
2020-09-13 20:44:26,000 - INFO - OperationLogger.src.trading.signal_generator - [SignalGenerator_BACKTEST_SIGNAL_GEN] [STATUS_HEARTBEAT] Indicators: SMA: FRESH (0ms ago) | EMA: FRESH (2000ms ago) | PRICE: FRESH (2000ms ago)
2020-09-13 20:44:30,000 - INFO - OperationLogger.src.strategy.strategy_manager - [StrategyManager_STRATEGY_MANAGER] [STRATEGY_STATS] Signal Counts (1m): ema_trend_follow_sell: 1, price_moving_average_sell: 1, death_cross: 1, ema_sma_divergence: 1
2020-09-13 20:44:30,000 - INFO - OperationLogger.src.trading.trade_manager - [TradeManager_BACKTEST_TRADE_MANAGER] [STATUS_HEARTBEAT] Position: SELL (0.1870 BTC) | 120.0 s History: 59 signals | 60.0 s Density: 30 signals | 24.0 s Density: 11 signals | Last Trade: 216000 ms ago
2020-09-13 20:44:33,000 - INFO - OperationLogger.src.trading.signal_generator - [SignalGenerator_BACKTEST_SIGNAL_GEN] [STATUS_HEARTBEAT] Indicators: SMA: FRESH (0ms ago) | EMA: FRESH (1000ms ago) | PRICE: FRESH (1000ms ago)
2020-09-13 20:44:39,000 - INFO - OperationLogger.src.strategy.strategy_manager - [StrategyManager_STRATEGY_MANAGER] [STRATEGY_STATS] Signal Counts (1m): ema_trend_follow_sell: 2, price_moving_average_sell: 1, ema_sma_divergence: 1, death_cross: 1
2020-09-13 20:44:39,000 - INFO - OperationLogger.src.trading.trade_manager - [TradeManager_BACKTEST_TRADE_MANAGER] [STATUS_HEARTBEAT] Position: SELL (0.1870 BTC) | 120.0 s History: 58 signals | 60.0 s Density: 29 signals | 24.0 s Density: 12 signals | Last Trade: 225000 ms ago
2020-09-13 20:44:43,000 - INFO - OperationLogger.src.trading.signal_generator - [SignalGenerator_BACKTEST_SIGNAL_GEN] [STATUS_HEARTBEAT] Indicators: SMA: FRESH (1000ms ago) | EMA: FRESH (1000ms ago) | PRICE: FRESH (2000ms ago)
2020-09-13 20:44:47,000 - INFO - OperationLogger.src.strategy.strategy_manager - [StrategyManager_STRATEGY_MANAGER] [STRATEGY_STATS] Signal Counts (1m): ema_sma_divergence: 2, ema_trend_follow_sell: 2, price_moving_average_sell: 2, death_cross: 1
2020-09-13 20:44:48,000 - INFO - OperationLogger.src.trading.trade_manager - [TradeManager_BACKTEST_TRADE_MANAGER] [STATUS_HEARTBEAT] Position: SELL (0.1870 BTC) | 120.0 s History: 58 signals | 60.0 s Density: 30 signals | 24.0 s Density: 12 signals | Last Trade: 234000 ms ago
2020-09-13 20:44:58,000 - INFO - OperationLogger.src.trading.signal_generator - [SignalGenerator_BACKTEST_SIGNAL_GEN] [STATUS_HEARTBEAT] Indicators: SMA: FRESH (3000ms ago) | EMA: FRESH (3000ms ago) | PRICE: FRESH (3000ms ago)
2020-09-13 20:44:58,000 - INFO - OperationLogger.src.strategy.strategy_manager - [StrategyManager_STRATEGY_MANAGER] [STRATEGY_STATS] Signal Counts (1m): death_cross: 2, ema_trend_follow_sell: 2, price_moving_average_sell: 2, ema_sma_divergence: 1
2020-09-13 20:44:58,000 - INFO - OperationLogger.src.trading.trade_manager - [TradeManager_BACKTEST_TRADE_MANAGER] [STATUS_HEARTBEAT] Position: SELL (0.1870 BTC) | 120.0 s History: 60 signals | 60.0 s Density: 31 signals | 24.0 s Density: 13 signals | Last Trade: 244000 ms ago
2020-09-13 20:45:07,000 - INFO - OperationLogger.src.trading.signal_generator - [SignalGenerator_BACKTEST_SIGNAL_GEN] [STATUS_HEARTBEAT] Indicators: SMA: FRESH (1000ms ago) | EMA: FRESH (1000ms ago) | PRICE: FRESH (3000ms ago)
2020-09-13 20:45:07,000 - INFO - OperationLogger.src.strategy.strategy_manager - [StrategyManager_STRATEGY_MANAGER] [STRATEGY_STATS] Signal Counts (1m): ema_sma_divergence: 2, ema_trend_follow_sell: 2, death_cross: 1, price_moving_average_sell: 2
2020-09-13 20:45:07,000 - INFO - OperationLogger.src.trading.trade_manager - [TradeManager_BACKTEST_TRADE_MANAGER] [STATUS_HEARTBEAT] Position: SELL (0.1870 BTC) | 120.0 s History: 61 signals | 60.0 s Density: 31 signals | 24.0 s Density: 13 signals | Last Trade: 253000 ms ago
2020-09-13 20:45:16,000 - INFO - OperationLogger.src.trading.signal_generator - [SignalGenerator_BACKTEST_SIGNAL_GEN] [STATUS_HEARTBEAT] Indicators: SMA: FRESH (3000ms ago) | EMA: FRESH (3000ms ago) | PRICE: FRESH (3000ms ago)
2020-09-13 20:45:16,000 - INFO - OperationLogger.src.strategy.strategy_manager - [StrategyManager_STRATEGY_MANAGER] [STRATEGY_STATS] Signal Counts (1m): death_cross: 2, price_moving_average_sell: 1, ema_trend_follow_sell: 1, ema_sma_divergence: 1
2020-09-13 20:45:16,000 - INFO - OperationLogger.src.trading.trade_manager - [TradeManager_BACKTEST_TRADE_MANAGER] [STATUS_HEARTBEAT] Position: SELL (0.1870 BTC) | 120.0 s History: 61 signals | 60.0 s Density: 31 signals | 24.0 s Density: 13 signals | Last Trade: 262000 ms ago
2020-09-13 20:45:25,000 - INFO - OperationLogger.src.trading.signal_generator - [SignalGenerator_BACKTEST_SIGNAL_GEN] [STATUS_HEARTBEAT] Indicators: SMA: FRESH (3000ms ago) | EMA: FRESH (3000ms ago) | PRICE: FRESH (3000ms ago)
2020-09-13 20:45:25,000 - INFO - OperationLogger.src.trading.trade_manager - [TradeManager_BACKTEST_TRADE_MANAGER] [STATUS_HEARTBEAT] Position: SELL (0.1870 BTC) | 120.0 s History: 62 signals | 60.0 s Density: 32 signals | 24.0 s Density: 14 signals | Last Trade: 271000 ms ago
2020-09-13 20:45:25,000 - INFO - OperationLogger.src.strategy.strategy_manager - [StrategyManager_STRATEGY_MANAGER] [STRATEGY_STATS] Signal Counts (1m): ema_trend_follow_sell: 2, price_moving_average_sell: 2, ema_sma_divergence: 1, death_cross: 1
2020-09-13 20:45:31,000 - INFO - OperationLogger.src.trading.signal_generator - [SignalGenerator_BACKTEST_SIGNAL_GEN] [STATUS_HEARTBEAT] Indicators: SMA: FRESH (3000ms ago) | EMA: FRESH (3000ms ago) | PRICE: FRESH (3000ms ago)
2020-09-13 20:45:31,000 - INFO - OperationLogger.src.trading.trade_manager - [TradeManager_BACKTEST_TRADE_MANAGER] [STATUS_HEARTBEAT] Position: SELL (0.1870 BTC) | 120.0 s History: 62 signals | 60.0 s Density: 32 signals | 24.0 s Density: 14 signals | Last Trade: 277000 ms ago
2020-09-13 20:45:31,000 - INFO - OperationLogger.src.strategy.strategy_manager - [StrategyManager_STRATEGY_MANAGER] [STRATEGY_STATS] Signal Counts (1m): ema_sma_divergence: 2, price_moving_average_sell: 1, ema_trend_follow_sell: 1, death_cross: 1
2020-09-13 20:45:39,000 - INFO - OperationLogger.src.trading.trade_manager - [TradeManager_BACKTEST_TRADE_MANAGER] [STATUS_HEARTBEAT] Position: SELL (0.1870 BTC) | 120.0 s History: 61 signals | 60.0 s Density: 32 signals | 24.0 s Density: 13 signals | Last Trade: 285000 ms ago
2020-09-13 20:45:39,000 - INFO - OperationLogger.src.strategy.strategy_manager - [StrategyManager_STRATEGY_MANAGER] [STRATEGY_STATS] Signal Counts (1m): price_moving_average_sell: 2, ema_trend_follow_sell: 1, ema_sma_divergence: 1, death_cross: 1
2020-09-13 20:45:39,000 - INFO - OperationLogger.src.trading.signal_generator - [SignalGenerator_BACKTEST_SIGNAL_GEN] [STATUS_HEARTBEAT] Indicators: SMA: FRESH (1000ms ago) | EMA: FRESH (1000ms ago) | PRICE: FRESH (2000ms ago)
2020-09-13 20:45:51,000 - INFO - OperationLogger.src.trading.trade_manager - [TradeManager_BACKTEST_TRADE_MANAGER] [STATUS_HEARTBEAT] Position: SELL (0.1870 BTC) | 120.0 s History: 60 signals | 60.0 s Density: 31 signals | 24.0 s Density: 12 signals | Last Trade: 297000 ms ago
2020-09-13 20:45:51,000 - INFO - OperationLogger.src.strategy.strategy_manager - [StrategyManager_STRATEGY_MANAGER] [STRATEGY_STATS] Signal Counts (1m): ema_trend_follow_sell: 2, ema_sma_divergence: 2, price_moving_average_sell: 2, death_cross: 1
2020-09-13 20:45:52,000 - INFO - OperationLogger.src.trading.signal_generator - [SignalGenerator_BACKTEST_SIGNAL_GEN] [STATUS_HEARTBEAT] Indicators: SMA: FRESH (1000ms ago) | EMA: FRESH (1000ms ago) | PRICE: FRESH (1000ms ago)
2020-09-13 20:45:59,000 - INFO - OperationLogger.src.trading.trade_manager - [TradeManager_BACKTEST_TRADE_MANAGER] [STATUS_HEARTBEAT] Position: SELL (0.1870 BTC) | 120.0 s History: 61 signals | 60.0 s Density: 30 signals | 24.0 s Density: 12 signals | Last Trade: 305000 ms ago
2020-09-13 20:45:59,000 - INFO - OperationLogger.src.strategy.strategy_manager - [StrategyManager_STRATEGY_MANAGER] [STRATEGY_STATS] Signal Counts (1m): ema_trend_follow_sell: 2, death_cross: 1, price_moving_average_sell: 1, ema_sma_divergence: 1
2020-09-13 20:46:02,000 - INFO - OperationLogger.src.trading.signal_generator - [SignalGenerator_BACKTEST_SIGNAL_GEN] [STATUS_HEARTBEAT] Indicators: SMA: FRESH (3000ms ago) | EMA: FRESH (3000ms ago) | PRICE: FRESH (3000ms ago)
2020-09-13 20:46:04,000 - INFO - OperationLogger.src.trading.trade_manager - [TradeManager_BACKTEST_TRADE_MANAGER] [STATUS_HEARTBEAT] Position: SELL (0.1870 BTC) | 120.0 s History: 61 signals | 60.0 s Density: 30 signals | 24.0 s Density: 12 signals | Last Trade: 310000 ms ago
2020-09-13 20:46:04,000 - INFO - OperationLogger.src.strategy.strategy_manager - [StrategyManager_STRATEGY_MANAGER] [STRATEGY_STATS] Signal Counts (1m): price_moving_average_sell: 1, death_cross: 1, ema_trend_follow_sell: 1, ema_sma_divergence: 1
2020-09-13 20:46:07,000 - INFO - OperationLogger.src.trading.signal_generator - [SignalGenerator_BACKTEST_SIGNAL_GEN] [STATUS_HEARTBEAT] Indicators: SMA: FRESH (2000ms ago) | EMA: FRESH (2000ms ago) | PRICE: FRESH (3000ms ago)
2020-09-13 20:46:14,000 - INFO - OperationLogger.src.trading.trade_manager - [TradeManager_BACKTEST_TRADE_MANAGER] [STATUS_HEARTBEAT] Position: SELL (0.1870 BTC) | 120.0 s History: 61 signals | 60.0 s Density: 30 signals | 24.0 s Density: 13 signals | Last Trade: 320000 ms ago
2020-09-13 20:46:14,000 - INFO - OperationLogger.src.strategy.strategy_manager - [StrategyManager_STRATEGY_MANAGER] [STRATEGY_STATS] Signal Counts (1m): ema_trend_follow_sell: 2, price_moving_average_sell: 2, death_cross: 1, ema_sma_divergence: 1
2020-09-13 20:46:20,000 - INFO - OperationLogger.src.trading.signal_generator - [SignalGenerator_BACKTEST_SIGNAL_GEN] [STATUS_HEARTBEAT] Indicators: SMA: FRESH (4000ms ago) | EMA: FRESH (4000ms ago) | PRICE: FRESH (4000ms ago)
2020-09-13 20:46:25,000 - INFO - OperationLogger.src.trading.trade_manager - [TradeManager_BACKTEST_TRADE_MANAGER] [STATUS_HEARTBEAT] Position: SELL (0.1870 BTC) | 120.0 s History: 62 signals | 60.0 s Density: 30 signals | 24.0 s Density: 14 signals | Last Trade: 331000 ms ago
2020-09-13 20:46:25,000 - INFO - OperationLogger.src.strategy.strategy_manager - [StrategyManager_STRATEGY_MANAGER] [STRATEGY_STATS] Signal Counts (1m): ema_sma_divergence: 2, death_cross: 2, price_moving_average_sell: 2, ema_trend_follow_sell: 2
2020-09-13 20:46:30,000 - INFO - OperationLogger.src.trading.signal_generator - [SignalGenerator_BACKTEST_SIGNAL_GEN] [STATUS_HEARTBEAT] Indicators: SMA: FRESH (2000ms ago) | EMA: FRESH (2000ms ago) | PRICE: FRESH (2000ms ago)
2020-09-13 20:46:32,000 - INFO - OperationLogger.src.trading.trade_manager - [TradeManager_BACKTEST_TRADE_MANAGER] [STATUS_HEARTBEAT] Position: SELL (0.1870 BTC) | 120.0 s History: 61 signals | 60.0 s Density: 30 signals | 24.0 s Density: 12 signals | Last Trade: 338000 ms ago
2020-09-13 20:46:33,000 - INFO - OperationLogger.src.strategy.strategy_manager - [StrategyManager_STRATEGY_MANAGER] [STRATEGY_STATS] Signal Counts (1m): ema_sma_divergence: 1, ema_trend_follow_sell: 1, price_moving_average_sell: 1, death_cross: 1
2020-09-13 20:46:38,000 - INFO - OperationLogger.src.trading.signal_generator - [SignalGenerator_BACKTEST_SIGNAL_GEN] [STATUS_HEARTBEAT] Indicators: SMA: FRESH (2000ms ago) | EMA: FRESH (2000ms ago) | PRICE: FRESH (3000ms ago)
2020-09-13 20:46:43,000 - INFO - OperationLogger.src.trading.trade_manager - [TradeManager_BACKTEST_TRADE_MANAGER] [STATUS_HEARTBEAT] Position: SELL (0.1870 BTC) | 120.0 s History: 60 signals | 60.0 s Density: 30 signals | 24.0 s Density: 13 signals | Last Trade: 349000 ms ago
2020-09-13 20:46:43,000 - INFO - OperationLogger.src.strategy.strategy_manager - [StrategyManager_STRATEGY_MANAGER] [STRATEGY_STATS] Signal Counts (1m): ema_sma_divergence: 2, ema_trend_follow_sell: 2, price_moving_average_sell: 2, death_cross: 1
2020-09-13 20:46:46,000 - INFO - OperationLogger.src.data.data_manager - [DataManager_BACKTEST_DATA_MANAGER] [DATA_CLEANUP] Action: skipped | Rows: 1206 | All within 1h retention window
2020-09-13 20:46:49,000 - INFO - OperationLogger.src.trading.signal_generator - [SignalGenerator_BACKTEST_SIGNAL_GEN] [STATUS_HEARTBEAT] Indicators: SMA: FRESH (2000ms ago) | EMA: FRESH (3000ms ago) | PRICE: FRESH (3000ms ago)
2020-09-13 20:46:53,000 - INFO - OperationLogger.src.trading.trade_manager - [TradeManager_BACKTEST_TRADE_MANAGER] [STATUS_HEARTBEAT] Position: SELL (0.1870 BTC) | 120.0 s History: 62 signals | 60.0 s Density: 31 signals | 24.0 s Density: 14 signals | Last Trade: 359000 ms ago
2020-09-13 20:46:53,000 - INFO - OperationLogger.src.strategy.strategy_manager - [StrategyManager_STRATEGY_MANAGER] [STRATEGY_STATS] Signal Counts (1m): death_cross: 2, price_moving_average_sell: 2, ema_trend_follow_sell: 2, ema_sma_divergence: 1
2020-09-13 20:46:56,000 - INFO - OperationLogger.src.trading.signal_generator - [SignalGenerator_BACKTEST_SIGNAL_GEN] [STATUS_HEARTBEAT] Indicators: SMA: FRESH (0ms ago) | EMA: FRESH (0ms ago) | PRICE: FRESH (2000ms ago)
2020-09-13 20:46:58,000 - INFO - OperationLogger.src.trading.trade_manager - [TradeManager_BACKTEST_TRADE_MANAGER] [STATUS_HEARTBEAT] Position: SELL (0.1870 BTC) | 120.0 s History: 61 signals | 60.0 s Density: 30 signals | 24.0 s Density: 13 signals | Last Trade: 364000 ms ago
2020-09-13 20:46:58,000 - INFO - OperationLogger.src.strategy.strategy_manager - [StrategyManager_STRATEGY_MANAGER] [STRATEGY_STATS] Signal Counts (1m): ema_sma_divergence: 1, price_moving_average_sell: 1, ema_trend_follow_sell: 1
2020-09-13 20:47:04,000 - INFO - OperationLogger.src.trading.signal_generator - [SignalGenerator_BACKTEST_SIGNAL_GEN] [STATUS_HEARTBEAT] Indicators: SMA: FRESH (0ms ago) | EMA: FRESH (1000ms ago) | PRICE: FRESH (1000ms ago)
2020-09-13 20:47:09,000 - INFO - OperationLogger.src.trading.trade_manager - [TradeManager_BACKTEST_TRADE_MANAGER] [STATUS_HEARTBEAT] Position: SELL (0.1870 BTC) | 120.0 s History: 59 signals | 60.0 s Density: 29 signals | 24.0 s Density: 12 signals | Last Trade: 375000 ms ago
2020-09-13 20:47:09,000 - INFO - OperationLogger.src.strategy.strategy_manager - [StrategyManager_STRATEGY_MANAGER] [STRATEGY_STATS] Signal Counts (1m): death_cross: 1, ema_sma_divergence: 2, ema_trend_follow_sell: 1, price_moving_average_sell: 2
2020-09-13 20:47:15,000 - INFO - OperationLogger.src.trading.signal_generator - [SignalGenerator_BACKTEST_SIGNAL_GEN] [STATUS_HEARTBEAT] Indicators: SMA: FRESH (2000ms ago) | EMA: FRESH (2000ms ago) | PRICE: FRESH (2000ms ago)
2020-09-13 20:47:16,000 - INFO - OperationLogger.src.trading.trade_manager - [TradeManager_BACKTEST_TRADE_MANAGER] [STATUS_HEARTBEAT] Position: SELL (0.1870 BTC) | 120.0 s History: 60 signals | 60.0 s Density: 30 signals | 24.0 s Density: 13 signals | Last Trade: 382000 ms ago
2020-09-13 20:47:18,000 - INFO - OperationLogger.src.strategy.strategy_manager - [StrategyManager_STRATEGY_MANAGER] [STRATEGY_STATS] Signal Counts (1m): ema_trend_follow_sell: 2, death_cross: 1, price_moving_average_sell: 1, ema_sma_divergence: 1
2020-09-13 20:47:24,000 - INFO - OperationLogger.src.trading.trade_manager - [TradeManager_BACKTEST_TRADE_MANAGER] [STATUS_HEARTBEAT] Position: SELL (0.1870 BTC) | 120.0 s History: 60 signals | 60.0 s Density: 31 signals | 24.0 s Density: 12 signals | Last Trade: 390000 ms ago
2020-09-13 20:47:24,000 - INFO - OperationLogger.src.trading.signal_generator - [SignalGenerator_BACKTEST_SIGNAL_GEN] [STATUS_HEARTBEAT] Indicators: SMA: FRESH (0ms ago) | EMA: FRESH (0ms ago) | PRICE: FRESH (1000ms ago)
2020-09-13 20:47:24,000 - INFO - OperationLogger.src.strategy.strategy_manager - [StrategyManager_STRATEGY_MANAGER] [STRATEGY_STATS] Signal Counts (1m): death_cross: 1, price_moving_average_sell: 2, ema_trend_follow_sell: 1, ema_sma_divergence: 1
2020-09-13 20:47:33,000 - INFO - OperationLogger.src.trading.trade_manager - [TradeManager_BACKTEST_TRADE_MANAGER] [STATUS_HEARTBEAT] Position: SELL (0.1870 BTC) | 120.0 s History: 60 signals | 60.0 s Density: 30 signals | 24.0 s Density: 13 signals | Last Trade: 399000 ms ago
2020-09-13 20:47:34,000 - INFO - OperationLogger.src.strategy.strategy_manager - [StrategyManager_STRATEGY_MANAGER] [STRATEGY_STATS] Signal Counts (1m): ema_trend_follow_sell: 2, death_cross: 2, ema_sma_divergence: 2, price_moving_average_sell: 1
2020-09-13 20:47:35,000 - INFO - OperationLogger.src.trading.signal_generator - [SignalGenerator_BACKTEST_SIGNAL_GEN] [STATUS_HEARTBEAT] Indicators: SMA: FRESH (2000ms ago) | EMA: FRESH (2000ms ago) | PRICE: FRESH (4000ms ago)
2020-09-13 20:47:40,000 - INFO - OperationLogger.src.trading.trade_manager - [TradeManager_BACKTEST_TRADE_MANAGER] [STATUS_HEARTBEAT] Position: SELL (0.1870 BTC) | 120.0 s History: 59 signals | 60.0 s Density: 30 signals | 24.0 s Density: 12 signals | Last Trade: 406000 ms ago
2020-09-13 20:47:42,000 - INFO - OperationLogger.src.strategy.strategy_manager - [StrategyManager_STRATEGY_MANAGER] [STRATEGY_STATS] Signal Counts (1m): price_moving_average_sell: 2, ema_trend_follow_sell: 2, ema_sma_divergence: 1, death_cross: 1
2020-09-13 20:47:42,000 - INFO - OperationLogger.src.trading.signal_generator - [SignalGenerator_BACKTEST_SIGNAL_GEN] [STATUS_HEARTBEAT] Indicators: SMA: FRESH (1000ms ago) | EMA: FRESH (2000ms ago) | PRICE: FRESH (2000ms ago)
2020-09-13 20:47:51,000 - INFO - OperationLogger.src.trading.trade_manager - [TradeManager_BACKTEST_TRADE_MANAGER] [STATUS_HEARTBEAT] Position: SELL (0.1870 BTC) | 120.0 s History: 61 signals | 60.0 s Density: 31 signals | 24.0 s Density: 12 signals | Last Trade: 417000 ms ago
2020-09-13 20:47:51,000 - INFO - OperationLogger.src.strategy.strategy_manager - [StrategyManager_STRATEGY_MANAGER] [STRATEGY_STATS] Signal Counts (1m): price_moving_average_sell: 2, ema_sma_divergence: 1, ema_trend_follow_sell: 2, death_cross: 1
2020-09-13 20:47:51,000 - INFO - OperationLogger.src.trading.signal_generator - [SignalGenerator_BACKTEST_SIGNAL_GEN] [STATUS_HEARTBEAT] Indicators: SMA: FRESH (1000ms ago) | EMA: FRESH (1000ms ago) | PRICE: FRESH (1000ms ago)
2020-09-13 20:47:55,000 - INFO - OperationLogger.src.trading.trade_manager - [TradeManager_BACKTEST_TRADE_MANAGER] [STATUS_HEARTBEAT] Position: SELL (0.1870 BTC) | 120.0 s History: 60 signals | 60.0 s Density: 30 signals | 24.0 s Density: 14 signals | Last Trade: 421000 ms ago
2020-09-13 20:48:01,000 - INFO - OperationLogger.src.strategy.strategy_manager - [StrategyManager_STRATEGY_MANAGER] [STRATEGY_STATS] Signal Counts (1m): ema_sma_divergence: 2, death_cross: 1, price_moving_average_sell: 1, ema_trend_follow_sell: 1
2020-09-13 20:48:01,000 - INFO - OperationLogger.src.trading.signal_generator - [SignalGenerator_BACKTEST_SIGNAL_GEN] [STATUS_HEARTBEAT] Indicators: SMA: FRESH (0ms ago) | EMA: FRESH (4000ms ago) | PRICE: FRESH (4000ms ago)
2020-09-13 20:48:07,000 - INFO - OperationLogger.src.trading.trade_manager - [TradeManager_BACKTEST_TRADE_MANAGER] [STATUS_HEARTBEAT] Position: SELL (0.1870 BTC) | 120.0 s History: 60 signals | 60.0 s Density: 30 signals | 24.0 s Density: 11 signals | Last Trade: 433000 ms ago
2020-09-13 20:48:07,000 - INFO - OperationLogger.src.strategy.strategy_manager - [StrategyManager_STRATEGY_MANAGER] [STRATEGY_STATS] Signal Counts (1m): death_cross: 1, price_moving_average_sell: 1, ema_trend_follow_sell: 1, ema_sma_divergence: 1
2020-09-13 20:48:09,000 - INFO - OperationLogger.src.trading.signal_generator - [SignalGenerator_BACKTEST_SIGNAL_GEN] [STATUS_HEARTBEAT] Indicators: SMA: FRESH (2000ms ago) | EMA: FRESH (2000ms ago) | PRICE: FRESH (2000ms ago)
2020-09-13 20:48:13,000 - INFO - OperationLogger.src.trading.trade_manager - [TradeManager_BACKTEST_TRADE_MANAGER] [STATUS_HEARTBEAT] Position: SELL (0.1870 BTC) | 120.0 s History: 60 signals | 60.0 s Density: 30 signals | 24.0 s Density: 11 signals | Last Trade: 439000 ms ago
2020-09-13 20:48:14,000 - INFO - OperationLogger.src.strategy.strategy_manager - [StrategyManager_STRATEGY_MANAGER] [STRATEGY_STATS] Signal Counts (1m): price_moving_average_sell: 2, death_cross: 1, ema_trend_follow_sell: 1, ema_sma_divergence: 1
2020-09-13 20:48:17,000 - INFO - OperationLogger.src.trading.signal_generator - [SignalGenerator_BACKTEST_SIGNAL_GEN] [STATUS_HEARTBEAT] Indicators: SMA: FRESH (3000ms ago) | EMA: FRESH (3000ms ago) | PRICE: FRESH (3000ms ago)
2020-09-13 20:48:19,000 - INFO - OperationLogger.src.trading.trade_manager - [TradeManager_BACKTEST_TRADE_MANAGER] [STATUS_HEARTBEAT] Position: SELL (0.1870 BTC) | 120.0 s History: 61 signals | 60.0 s Density: 32 signals | 24.0 s Density: 13 signals | Last Trade: 445000 ms ago
2020-09-13 20:48:20,000 - INFO - OperationLogger.src.strategy.strategy_manager - [StrategyManager_STRATEGY_MANAGER] [STRATEGY_STATS] Signal Counts (1m): ema_trend_follow_sell: 1, death_cross: 1, ema_sma_divergence: 1, price_moving_average_sell: 1
2020-09-13 20:48:25,000 - INFO - OperationLogger.src.trading.signal_generator - [SignalGenerator_BACKTEST_SIGNAL_GEN] [STATUS_HEARTBEAT] Indicators: SMA: FRESH (2000ms ago) | EMA: FRESH (2000ms ago) | PRICE: FRESH (2000ms ago)
2020-09-13 20:48:27,000 - INFO - OperationLogger.src.trading.trade_manager - [TradeManager_BACKTEST_TRADE_MANAGER] [STATUS_HEARTBEAT] Position: SELL (0.1870 BTC) | 120.0 s History: 60 signals | 60.0 s Density: 30 signals | 24.0 s Density: 14 signals | Last Trade: 453000 ms ago
2020-09-13 20:48:28,000 - INFO - OperationLogger.src.strategy.strategy_manager - [StrategyManager_STRATEGY_MANAGER] [STRATEGY_STATS] Signal Counts (1m): ema_trend_follow_sell: 2, death_cross: 1, price_moving_average_sell: 1, ema_sma_divergence: 1
2020-09-13 20:48:34,000 - INFO - OperationLogger.src.trading.signal_generator - [SignalGenerator_BACKTEST_SIGNAL_GEN] [STATUS_HEARTBEAT] Indicators: SMA: FRESH (2000ms ago) | EMA: FRESH (3000ms ago) | PRICE: FRESH (3000ms ago)
2020-09-13 20:48:37,000 - INFO - OperationLogger.src.trading.trade_manager - [TradeManager_BACKTEST_TRADE_MANAGER] [STATUS_HEARTBEAT] Position: SELL (0.1870 BTC) | 120.0 s History: 59 signals | 60.0 s Density: 29 signals | 24.0 s Density: 12 signals | Last Trade: 463000 ms ago
2020-09-13 20:48:37,000 - INFO - OperationLogger.src.strategy.strategy_manager - [StrategyManager_STRATEGY_MANAGER] [STRATEGY_STATS] Signal Counts (1m): price_moving_average_sell: 2, ema_sma_divergence: 2, ema_trend_follow_sell: 1, death_cross: 1
2020-09-13 20:48:40,000 - INFO - OperationLogger.src.trading.signal_generator - [SignalGenerator_BACKTEST_SIGNAL_GEN] [STATUS_HEARTBEAT] Indicators: SMA: FRESH (0ms ago) | EMA: FRESH (2000ms ago) | PRICE: FRESH (2000ms ago)
2020-09-13 20:48:45,000 - INFO - OperationLogger.src.trading.trade_manager - [TradeManager_BACKTEST_TRADE_MANAGER] [STATUS_HEARTBEAT] Position: SELL (0.1870 BTC) | 120.0 s History: 61 signals | 60.0 s Density: 31 signals | 24.0 s Density: 13 signals | Last Trade: 471000 ms ago
2020-09-13 20:48:45,000 - INFO - OperationLogger.src.strategy.strategy_manager - [StrategyManager_STRATEGY_MANAGER] [STRATEGY_STATS] Signal Counts (1m): ema_trend_follow_sell: 2, price_moving_average_sell: 2, death_cross: 1, ema_sma_divergence: 1
2020-09-13 20:48:53,000 - INFO - OperationLogger.src.trading.signal_generator - [SignalGenerator_BACKTEST_SIGNAL_GEN] [STATUS_HEARTBEAT] Indicators: SMA: FRESH (0ms ago) | EMA: FRESH (1000ms ago) | PRICE: FRESH (1000ms ago)
2020-09-13 20:48:57,000 - INFO - OperationLogger.src.trading.trade_manager - [TradeManager_BACKTEST_TRADE_MANAGER] [STATUS_HEARTBEAT] Position: SELL (0.1870 BTC) | 120.0 s History: 59 signals | 60.0 s Density: 29 signals | 24.0 s Density: 12 signals | Last Trade: 483000 ms ago
2020-09-13 20:48:57,000 - INFO - OperationLogger.src.strategy.strategy_manager - [StrategyManager_STRATEGY_MANAGER] [STRATEGY_STATS] Signal Counts (1m): death_cross: 2, ema_sma_divergence: 2, ema_trend_follow_sell: 2, price_moving_average_buy: 1
2020-09-13 20:49:04,000 - INFO - OperationLogger.src.trading.signal_generator - [SignalGenerator_BACKTEST_SIGNAL_GEN] [STATUS_HEARTBEAT] Indicators: SMA: STALE (5000ms ago) | EMA: STALE (5000ms ago) | PRICE: STALE (5000ms ago)
2020-09-13 20:49:05,000 - INFO - OperationLogger.src.trading.trade_manager - [TradeManager_BACKTEST_TRADE_MANAGER] [STATUS_HEARTBEAT] Position: SELL (0.1870 BTC) | 120.0 s History: 58 signals | 60.0 s Density: 29 signals | 24.0 s Density: 11 signals | Last Trade: 491000 ms ago
2020-09-13 20:49:05,000 - INFO - OperationLogger.src.strategy.strategy_manager - [StrategyManager_STRATEGY_MANAGER] [STRATEGY_STATS] Signal Counts (1m): ema_trend_follow_sell: 1, price_moving_average_sell: 1, ema_sma_divergence: 1, death_cross: 1
2020-09-13 20:49:11,000 - INFO - OperationLogger.src.trading.signal_generator - [SignalGenerator_BACKTEST_SIGNAL_GEN] [STATUS_HEARTBEAT] Indicators: SMA: FRESH (1000ms ago) | EMA: FRESH (1000ms ago) | PRICE: FRESH (2000ms ago)
2020-09-13 20:49:11,000 - INFO - OperationLogger.src.trading.trade_manager - [TradeManager_BACKTEST_TRADE_MANAGER] [STATUS_HEARTBEAT] Position: SELL (0.1870 BTC) | 120.0 s History: 60 signals | 60.0 s Density: 30 signals | 24.0 s Density: 13 signals | Last Trade: 497000 ms ago
2020-09-13 20:49:11,000 - INFO - OperationLogger.src.strategy.strategy_manager - [StrategyManager_STRATEGY_MANAGER] [STRATEGY_STATS] Signal Counts (1m): price_moving_average_sell: 2, ema_trend_follow_sell: 2, ema_sma_divergence: 1, death_cross: 1
2020-09-13 20:49:22,000 - INFO - OperationLogger.src.trading.signal_generator - [SignalGenerator_BACKTEST_SIGNAL_GEN] [STATUS_HEARTBEAT] Indicators: SMA: FRESH (2000ms ago) | EMA: FRESH (2000ms ago) | PRICE: FRESH (2000ms ago)
2020-09-13 20:49:22,000 - INFO - OperationLogger.src.trading.trade_manager - [TradeManager_BACKTEST_TRADE_MANAGER] [STATUS_HEARTBEAT] Position: SELL (0.1870 BTC) | 120.0 s History: 62 signals | 60.0 s Density: 32 signals | 24.0 s Density: 14 signals | Last Trade: 508000 ms ago
2020-09-13 20:49:23,000 - INFO - OperationLogger.src.strategy.strategy_manager - [StrategyManager_STRATEGY_MANAGER] [STRATEGY_STATS] Signal Counts (1m): ema_trend_follow_sell: 2, ema_sma_divergence: 2, price_moving_average_sell: 2, death_cross: 1, price_moving_average_buy: 1
2020-09-13 20:49:30,000 - INFO - OperationLogger.src.trading.trade_manager - [TradeManager_BACKTEST_TRADE_MANAGER] [STATUS_HEARTBEAT] Position: SELL (0.1870 BTC) | 120.0 s History: 62 signals | 60.0 s Density: 32 signals | 24.0 s Density: 15 signals | Last Trade: 516000 ms ago
2020-09-13 20:49:30,000 - INFO - OperationLogger.src.strategy.strategy_manager - [StrategyManager_STRATEGY_MANAGER] [STRATEGY_STATS] Signal Counts (1m): price_moving_average_buy: 1, golden_cross: 1, ema_trend_follow_sell: 1, price_moving_average_sell: 1, ema_sma_divergence: 1
2020-09-13 20:49:30,000 - INFO - OperationLogger.src.trading.signal_generator - [SignalGenerator_BACKTEST_SIGNAL_GEN] [STATUS_HEARTBEAT] Indicators: SMA: FRESH (3000ms ago) | EMA: FRESH (3000ms ago) | PRICE: FRESH (3000ms ago)
2020-09-13 20:49:38,000 - INFO - OperationLogger.src.trading.trade_manager - [TradeManager_BACKTEST_TRADE_MANAGER] [STATUS_HEARTBEAT] Position: SELL (0.1870 BTC) | 120.0 s History: 60 signals | 60.0 s Density: 31 signals | 24.0 s Density: 13 signals | Last Trade: 524000 ms ago
2020-09-13 20:49:38,000 - INFO - OperationLogger.src.strategy.strategy_manager - [StrategyManager_STRATEGY_MANAGER] [STRATEGY_STATS] Signal Counts (1m): ema_trend_follow: 1, golden_cross: 1, ema_sma_divergence: 1, price_moving_average_buy: 1, price_moving_average_sell: 1
2020-09-13 20:49:38,000 - INFO - OperationLogger.src.trading.signal_generator - [SignalGenerator_BACKTEST_SIGNAL_GEN] [STATUS_HEARTBEAT] Indicators: SMA: FRESH (2000ms ago) | EMA: FRESH (3000ms ago) | PRICE: FRESH (3000ms ago)
2020-09-13 20:49:50,000 - INFO - OperationLogger.src.trading.trade_manager - [TradeManager_BACKTEST_TRADE_MANAGER] [STATUS_HEARTBEAT] Position: SELL (0.1870 BTC) | 120.0 s History: 61 signals | 60.0 s Density: 32 signals | 24.0 s Density: 13 signals | Last Trade: 536000 ms ago
2020-09-13 20:49:50,000 - INFO - OperationLogger.src.strategy.strategy_manager - [StrategyManager_STRATEGY_MANAGER] [STRATEGY_STATS] Signal Counts (1m): ema_trend_follow: 2, golden_cross: 2, ema_sma_divergence: 2, ema_trend_follow_sell: 1, price_moving_average_sell: 1
2020-09-13 20:49:50,000 - INFO - OperationLogger.src.trading.signal_generator - [SignalGenerator_BACKTEST_SIGNAL_GEN] [STATUS_HEARTBEAT] Indicators: SMA: FRESH (1000ms ago) | EMA: FRESH (1000ms ago) | PRICE: FRESH (2000ms ago)
2020-09-13 20:49:56,000 - INFO - OperationLogger.src.trading.trade_manager - [TradeManager_BACKTEST_TRADE_MANAGER] [STATUS_HEARTBEAT] Position: SELL (0.1870 BTC) | 120.0 s History: 60 signals | 60.0 s Density: 33 signals | 24.0 s Density: 12 signals | Last Trade: 542000 ms ago
2020-09-13 20:49:56,000 - INFO - OperationLogger.src.strategy.strategy_manager - [StrategyManager_STRATEGY_MANAGER] [STRATEGY_STATS] Signal Counts (1m): ema_trend_follow_sell: 1, ema_sma_divergence: 1, price_moving_average_sell: 1
2020-09-13 20:49:56,000 - INFO - OperationLogger.src.trading.signal_generator - [SignalGenerator_BACKTEST_SIGNAL_GEN] [STATUS_HEARTBEAT] Indicators: SMA: FRESH (1000ms ago) | EMA: FRESH (1000ms ago) | PRICE: FRESH (1000ms ago)
2020-09-13 20:50:00,000 - INFO - OperationLogger.src.trading.trade_manager - [TradeManager_BACKTEST_TRADE_MANAGER] [STATUS_HEARTBEAT] Position: SELL (0.1870 BTC) | 120.0 s History: 62 signals | 60.0 s Density: 33 signals | 24.0 s Density: 12 signals | Last Trade: 546000 ms ago
2020-09-13 20:50:00,000 - INFO - OperationLogger.src.strategy.strategy_manager - [StrategyManager_STRATEGY_MANAGER] [STRATEGY_STATS] Signal Counts (1m): death_cross: 1, ema_trend_follow_sell: 1, price_moving_average_buy: 1
2020-09-13 20:50:02,000 - INFO - OperationLogger.src.trading.signal_generator - [SignalGenerator_BACKTEST_SIGNAL_GEN] [STATUS_HEARTBEAT] Indicators: SMA: FRESH (1000ms ago) | EMA: FRESH (1000ms ago) | PRICE: FRESH (2000ms ago)
2020-09-13 20:50:10,000 - INFO - OperationLogger.src.trading.trade_manager - [TradeManager_BACKTEST_TRADE_MANAGER] [STATUS_HEARTBEAT] Position: SELL (0.1870 BTC) | 120.0 s History: 61 signals | 60.0 s Density: 32 signals | 24.0 s Density: 12 signals | Last Trade: 556000 ms ago
2020-09-13 20:50:10,000 - INFO - OperationLogger.src.strategy.strategy_manager - [StrategyManager_STRATEGY_MANAGER] [STRATEGY_STATS] Signal Counts (1m): price_moving_average_sell: 2, ema_sma_divergence: 2, death_cross: 1, ema_trend_follow_sell: 1
2020-09-13 20:50:13,000 - INFO - OperationLogger.src.trading.signal_generator - [SignalGenerator_BACKTEST_SIGNAL_GEN] [STATUS_HEARTBEAT] Indicators: SMA: FRESH (3000ms ago) | EMA: FRESH (3000ms ago) | PRICE: FRESH (3000ms ago)
2020-09-13 20:50:19,000 - INFO - OperationLogger.src.trading.trade_manager - [TradeManager_BACKTEST_TRADE_MANAGER] [STATUS_HEARTBEAT] Position: SELL (0.1870 BTC) | 120.0 s History: 62 signals | 60.0 s Density: 32 signals | 24.0 s Density: 14 signals | Last Trade: 565000 ms ago
2020-09-13 20:50:19,000 - INFO - OperationLogger.src.strategy.strategy_manager - [StrategyManager_STRATEGY_MANAGER] [STRATEGY_STATS] Signal Counts (1m): price_moving_average_sell: 2, ema_trend_follow_sell: 2, death_cross: 2, ema_sma_divergence: 1
2020-09-13 20:50:23,000 - INFO - OperationLogger.src.trading.signal_generator - [SignalGenerator_BACKTEST_SIGNAL_GEN] [STATUS_HEARTBEAT] Indicators: SMA: FRESH (3000ms ago) | EMA: FRESH (3000ms ago) | PRICE: FRESH (4000ms ago)
2020-09-13 20:50:30,000 - INFO - OperationLogger.src.trading.trade_manager - [TradeManager_BACKTEST_TRADE_MANAGER] [STATUS_HEARTBEAT] Position: SELL (0.1870 BTC) | 120.0 s History: 62 signals | 60.0 s Density: 30 signals | 24.0 s Density: 14 signals | Last Trade: 576000 ms ago
2020-09-13 20:50:30,000 - INFO - OperationLogger.src.strategy.strategy_manager - [StrategyManager_STRATEGY_MANAGER] [STRATEGY_STATS] Signal Counts (1m): ema_sma_divergence: 2, ema_trend_follow_sell: 2, price_moving_average_sell: 2, death_cross: 1
2020-09-13 20:50:35,000 - INFO - OperationLogger.src.trading.signal_generator - [SignalGenerator_BACKTEST_SIGNAL_GEN] [STATUS_HEARTBEAT] Indicators: SMA: FRESH (1000ms ago) | EMA: FRESH (1000ms ago) | PRICE: FRESH (4000ms ago)
2020-09-13 20:50:41,000 - INFO - OperationLogger.src.trading.trade_manager - [TradeManager_BACKTEST_TRADE_MANAGER] [STATUS_HEARTBEAT] Position: SELL (0.1870 BTC) | 120.0 s History: 61 signals | 60.0 s Density: 30 signals | 24.0 s Density: 11 signals | Last Trade: 587000 ms ago
2020-09-13 20:50:41,000 - INFO - OperationLogger.src.strategy.strategy_manager - [StrategyManager_STRATEGY_MANAGER] [STRATEGY_STATS] Signal Counts (1m): ema_trend_follow_sell: 2, death_cross: 1, price_moving_average_sell: 2, ema_sma_divergence: 2
2020-09-13 20:50:48,000 - INFO - OperationLogger.src.trading.signal_generator - [SignalGenerator_BACKTEST_SIGNAL_GEN] [STATUS_HEARTBEAT] Indicators: SMA: FRESH (3000ms ago) | EMA: FRESH (3000ms ago) | PRICE: FRESH (3000ms ago)
2020-09-13 20:50:49,000 - INFO - OperationLogger.src.trading.trade_manager - [TradeManager_BACKTEST_TRADE_MANAGER] [STATUS_HEARTBEAT] Position: SELL (0.1870 BTC) | 120.0 s History: 61 signals | 60.0 s Density: 29 signals | 24.0 s Density: 11 signals | Last Trade: 595000 ms ago
2020-09-13 20:50:49,000 - INFO - OperationLogger.src.strategy.strategy_manager - [StrategyManager_STRATEGY_MANAGER] [STRATEGY_STATS] Signal Counts (1m): death_cross: 1, ema_trend_follow_sell: 1, price_moving_average_sell: 1, ema_sma_divergence: 1
2020-09-13 20:50:56,000 - INFO - OperationLogger.src.trading.signal_generator - [SignalGenerator_BACKTEST_SIGNAL_GEN] [STATUS_HEARTBEAT] Indicators: SMA: FRESH (1000ms ago) | EMA: FRESH (1000ms ago) | PRICE: FRESH (3000ms ago)
2020-09-13 20:50:58,000 - INFO - OperationLogger.src.trading.trade_manager - [TradeManager_BACKTEST_TRADE_MANAGER] [STATUS_HEARTBEAT] Position: SELL (0.1870 BTC) | 120.0 s History: 62 signals | 60.0 s Density: 32 signals | 24.0 s Density: 14 signals | Last Trade: 604000 ms ago
2020-09-13 20:50:58,000 - INFO - OperationLogger.src.strategy.strategy_manager - [StrategyManager_STRATEGY_MANAGER] [STRATEGY_STATS] Signal Counts (1m): price_moving_average_sell: 2, death_cross: 2, ema_trend_follow_sell: 2, ema_sma_divergence: 1
2020-09-13 20:51:06,000 - INFO - OperationLogger.src.trading.signal_generator - [SignalGenerator_BACKTEST_SIGNAL_GEN] [STATUS_HEARTBEAT] Indicators: SMA: FRESH (2000ms ago) | EMA: FRESH (2000ms ago) | PRICE: FRESH (4000ms ago)
2020-09-13 20:51:06,000 - INFO - OperationLogger.src.trading.trade_manager - [TradeManager_BACKTEST_TRADE_MANAGER] [STATUS_HEARTBEAT] Position: SELL (0.1870 BTC) | 120.0 s History: 63 signals | 60.0 s Density: 32 signals | 24.0 s Density: 13 signals | Last Trade: 612000 ms ago
2020-09-13 20:51:06,000 - INFO - OperationLogger.src.strategy.strategy_manager - [StrategyManager_STRATEGY_MANAGER] [STRATEGY_STATS] Signal Counts (1m): price_moving_average_sell: 2, ema_sma_divergence: 1, ema_trend_follow_sell: 1, death_cross: 1
2020-09-13 20:51:18,000 - INFO - OperationLogger.src.trading.signal_generator - [SignalGenerator_BACKTEST_SIGNAL_GEN] [STATUS_HEARTBEAT] Indicators: SMA: STALE (5000ms ago) | EMA: STALE (5000ms ago) | PRICE: STALE (5000ms ago)
2020-09-13 20:51:18,000 - INFO - OperationLogger.src.strategy.strategy_manager - [StrategyManager_STRATEGY_MANAGER] [STRATEGY_STATS] Signal Counts (1m): ema_trend_follow_sell: 2, ema_sma_divergence: 2, price_moving_average_sell: 2, death_cross: 1
2020-09-13 20:51:18,000 - INFO - OperationLogger.src.trading.trade_manager - [TradeManager_BACKTEST_TRADE_MANAGER] [STATUS_HEARTBEAT] Position: SELL (0.1870 BTC) | 120.0 s History: 61 signals | 60.0 s Density: 29 signals | 24.0 s Density: 12 signals | Last Trade: 624000 ms ago
2020-09-13 20:51:28,000 - INFO - OperationLogger.src.trading.signal_generator - [SignalGenerator_BACKTEST_SIGNAL_GEN] [STATUS_HEARTBEAT] Indicators: SMA: FRESH (1000ms ago) | EMA: FRESH (1000ms ago) | PRICE: FRESH (1000ms ago)
2020-09-13 20:51:28,000 - INFO - OperationLogger.src.strategy.strategy_manager - [StrategyManager_STRATEGY_MANAGER] [STRATEGY_STATS] Signal Counts (1m): ema_trend_follow_sell: 2, ema_sma_divergence: 2, death_cross: 1, price_moving_average_sell: 1
2020-09-13 20:51:28,000 - INFO - OperationLogger.src.trading.trade_manager - [TradeManager_BACKTEST_TRADE_MANAGER] [STATUS_HEARTBEAT] Position: SELL (0.1870 BTC) | 120.0 s History: 57 signals | 60.0 s Density: 29 signals | 24.0 s Density: 11 signals | Last Trade: 634000 ms ago
2020-09-13 20:51:38,000 - INFO - OperationLogger.src.strategy.strategy_manager - [StrategyManager_STRATEGY_MANAGER] [STRATEGY_STATS] Signal Counts (1m): death_cross: 2, ema_trend_follow_sell: 2, price_moving_average_sell: 2, ema_sma_divergence: 1
2020-09-13 20:51:38,000 - INFO - OperationLogger.src.trading.trade_manager - [TradeManager_BACKTEST_TRADE_MANAGER] [STATUS_HEARTBEAT] Position: SELL (0.1870 BTC) | 120.0 s History: 60 signals | 60.0 s Density: 30 signals | 24.0 s Density: 12 signals | Last Trade: 644000 ms ago
2020-09-13 20:51:38,000 - INFO - OperationLogger.src.trading.signal_generator - [SignalGenerator_BACKTEST_SIGNAL_GEN] [STATUS_HEARTBEAT] Indicators: SMA: FRESH (0ms ago) | EMA: FRESH (2000ms ago) | PRICE: FRESH (2000ms ago)
2020-09-13 20:51:46,000 - INFO - OperationLogger.src.strategy.strategy_manager - [StrategyManager_STRATEGY_MANAGER] [STRATEGY_STATS] Signal Counts (1m): ema_sma_divergence: 1, ema_trend_follow_sell: 1, death_cross: 1, price_moving_average_sell: 1
2020-09-13 20:51:46,000 - INFO - OperationLogger.src.trading.trade_manager - [TradeManager_BACKTEST_TRADE_MANAGER] [STATUS_HEARTBEAT] Position: SELL (0.1870 BTC) | 120.0 s History: 59 signals | 60.0 s Density: 28 signals | 24.0 s Density: 11 signals | Last Trade: 652000 ms ago
2020-09-13 20:51:47,000 - INFO - OperationLogger.src.data.data_manager - [DataManager_BACKTEST_DATA_MANAGER] [DATA_CLEANUP] Action: skipped | Rows: 1507 | All within 1h retention window
2020-09-13 20:51:51,000 - INFO - OperationLogger.src.trading.signal_generator - [SignalGenerator_BACKTEST_SIGNAL_GEN] [STATUS_HEARTBEAT] Indicators: SMA: STALE (5000ms ago) | EMA: STALE (5000ms ago) | PRICE: STALE (5000ms ago)
2020-09-13 20:51:59,000 - INFO - OperationLogger.src.strategy.strategy_manager - [StrategyManager_STRATEGY_MANAGER] [STRATEGY_STATS] Signal Counts (1m): ema_sma_divergence: 2, ema_trend_follow_sell: 3, price_moving_average_sell: 2, death_cross: 1
2020-09-13 20:51:59,000 - INFO - OperationLogger.src.trading.trade_manager - [TradeManager_BACKTEST_TRADE_MANAGER] [STATUS_HEARTBEAT] Position: SELL (0.1870 BTC) | 120.0 s History: 59 signals | 60.0 s Density: 28 signals | 24.0 s Density: 12 signals | Last Trade: 665000 ms ago
2020-09-13 20:51:59,000 - INFO - OperationLogger.src.trading.signal_generator - [SignalGenerator_BACKTEST_SIGNAL_GEN] [STATUS_HEARTBEAT] Indicators: SMA: FRESH (0ms ago) | EMA: FRESH (0ms ago) | PRICE: FRESH (2000ms ago)
2020-09-13 20:52:05,000 - INFO - OperationLogger.src.strategy.strategy_manager - [StrategyManager_STRATEGY_MANAGER] [STRATEGY_STATS] Signal Counts (1m): ema_sma_divergence: 1, price_moving_average_sell: 1, death_cross: 1, ema_trend_follow_sell: 1
2020-09-13 20:52:05,000 - INFO - OperationLogger.src.trading.trade_manager - [TradeManager_BACKTEST_TRADE_MANAGER] [STATUS_HEARTBEAT] Position: SELL (0.1870 BTC) | 120.0 s History: 59 signals | 60.0 s Density: 29 signals | 24.0 s Density: 12 signals | Last Trade: 671000 ms ago
2020-09-13 20:52:11,000 - INFO - OperationLogger.src.trading.signal_generator - [SignalGenerator_BACKTEST_SIGNAL_GEN] [STATUS_HEARTBEAT] Indicators: SMA: FRESH (3000ms ago) | EMA: FRESH (3000ms ago) | PRICE: STALE (5000ms ago)
2020-09-13 20:52:15,000 - INFO - OperationLogger.src.strategy.strategy_manager - [StrategyManager_STRATEGY_MANAGER] [STRATEGY_STATS] Signal Counts (1m): ema_sma_divergence: 2, price_moving_average_sell: 2, death_cross: 1, ema_trend_follow_sell: 1
2020-09-13 20:52:15,000 - INFO - OperationLogger.src.trading.trade_manager - [TradeManager_BACKTEST_TRADE_MANAGER] [STATUS_HEARTBEAT] Position: SELL (0.1870 BTC) | 120.0 s History: 57 signals | 60.0 s Density: 27 signals | 24.0 s Density: 12 signals | Last Trade: 681000 ms ago
2020-09-13 20:52:17,000 - INFO - OperationLogger.src.trading.signal_generator - [SignalGenerator_BACKTEST_SIGNAL_GEN] [STATUS_HEARTBEAT] Indicators: SMA: FRESH (1000ms ago) | EMA: FRESH (1000ms ago) | PRICE: FRESH (1000ms ago)
2020-09-13 20:52:25,000 - INFO - OperationLogger.src.strategy.strategy_manager - [StrategyManager_STRATEGY_MANAGER] [STRATEGY_STATS] Signal Counts (1m): ema_trend_follow_sell: 2, death_cross: 2, price_moving_average_sell: 1, ema_sma_divergence: 1
2020-09-13 20:52:25,000 - INFO - OperationLogger.src.trading.trade_manager - [TradeManager_BACKTEST_TRADE_MANAGER] [STATUS_HEARTBEAT] Position: SELL (0.1870 BTC) | 120.0 s History: 57 signals | 60.0 s Density: 28 signals | 24.0 s Density: 12 signals | Last Trade: 691000 ms ago
2020-09-13 20:52:27,000 - INFO - OperationLogger.src.trading.signal_generator - [SignalGenerator_BACKTEST_SIGNAL_GEN] [STATUS_HEARTBEAT] Indicators: SMA: FRESH (1000ms ago) | EMA: FRESH (1000ms ago) | PRICE: FRESH (2000ms ago)
2020-09-13 20:52:31,000 - INFO - OperationLogger.src.strategy.strategy_manager - [StrategyManager_STRATEGY_MANAGER] [STRATEGY_STATS] Signal Counts (1m): ema_trend_follow_sell: 2, price_moving_average_sell: 1, ema_sma_divergence: 1
2020-09-13 20:52:31,000 - INFO - OperationLogger.src.trading.trade_manager - [TradeManager_BACKTEST_TRADE_MANAGER] [STATUS_HEARTBEAT] Position: SELL (0.1870 BTC) | 120.0 s History: 57 signals | 60.0 s Density: 29 signals | 24.0 s Density: 12 signals | Last Trade: 697000 ms ago
2020-09-13 20:52:39,000 - INFO - OperationLogger.src.trading.signal_generator - [SignalGenerator_BACKTEST_SIGNAL_GEN] [STATUS_HEARTBEAT] Indicators: SMA: FRESH (1000ms ago) | EMA: FRESH (4000ms ago) | PRICE: FRESH (4000ms ago)
2020-09-13 20:52:43,000 - INFO - OperationLogger.src.strategy.strategy_manager - [StrategyManager_STRATEGY_MANAGER] [STRATEGY_STATS] Signal Counts (1m): price_moving_average_sell: 3, death_cross: 2, ema_sma_divergence: 2, ema_trend_follow_sell: 2
2020-09-13 20:52:43,000 - INFO - OperationLogger.src.trading.trade_manager - [TradeManager_BACKTEST_TRADE_MANAGER] [STATUS_HEARTBEAT] Position: SELL (0.1870 BTC) | 120.0 s History: 58 signals | 60.0 s Density: 30 signals | 24.0 s Density: 13 signals | Last Trade: 709000 ms ago
2020-09-13 20:52:47,000 - INFO - OperationLogger.src.trading.signal_generator - [SignalGenerator_BACKTEST_SIGNAL_GEN] [STATUS_HEARTBEAT] Indicators: SMA: FRESH (2000ms ago) | EMA: FRESH (2000ms ago) | PRICE: FRESH (2000ms ago)
2020-09-13 20:52:50,000 - INFO - OperationLogger.src.strategy.strategy_manager - [StrategyManager_STRATEGY_MANAGER] [STRATEGY_STATS] Signal Counts (1m): ema_sma_divergence: 1, death_cross: 1, price_moving_average_sell: 1, ema_trend_follow_sell: 1
2020-09-13 20:52:50,000 - INFO - OperationLogger.src.trading.trade_manager - [TradeManager_BACKTEST_TRADE_MANAGER] [STATUS_HEARTBEAT] Position: SELL (0.1870 BTC) | 120.0 s History: 58 signals | 60.0 s Density: 30 signals | 24.0 s Density: 13 signals | Last Trade: 716000 ms ago
2020-09-13 20:52:55,000 - INFO - OperationLogger.src.trading.signal_generator - [SignalGenerator_BACKTEST_SIGNAL_GEN] [STATUS_HEARTBEAT] Indicators: SMA: FRESH (0ms ago) | EMA: FRESH (1000ms ago) | PRICE: FRESH (1000ms ago)
2020-09-13 20:52:58,000 - INFO - OperationLogger.src.trading.trade_manager - [TradeManager_BACKTEST_TRADE_MANAGER] [STATUS_HEARTBEAT] Position: SELL (0.1870 BTC) | 120.0 s History: 59 signals | 60.0 s Density: 31 signals | 24.0 s Density: 13 signals | Last Trade: 724000 ms ago
2020-09-13 20:52:58,000 - INFO - OperationLogger.src.strategy.strategy_manager - [StrategyManager_STRATEGY_MANAGER] [STRATEGY_STATS] Signal Counts (1m): ema_sma_divergence: 2, price_moving_average_sell: 2, ema_trend_follow_sell: 2, death_cross: 1
2020-09-13 20:53:05,000 - INFO - OperationLogger.src.trading.signal_generator - [SignalGenerator_BACKTEST_SIGNAL_GEN] [STATUS_HEARTBEAT] Indicators: SMA: FRESH (0ms ago) | EMA: FRESH (3000ms ago) | PRICE: FRESH (3000ms ago)
2020-09-13 20:53:08,000 - INFO - OperationLogger.src.trading.trade_manager - [TradeManager_BACKTEST_TRADE_MANAGER] [STATUS_HEARTBEAT] Position: SELL (0.1870 BTC) | 120.0 s History: 57 signals | 60.0 s Density: 30 signals | 24.0 s Density: 11 signals | Last Trade: 734000 ms ago
2020-09-13 20:53:08,000 - INFO - OperationLogger.src.strategy.strategy_manager - [StrategyManager_STRATEGY_MANAGER] [STRATEGY_STATS] Signal Counts (1m): death_cross: 1, ema_trend_follow_sell: 1, ema_sma_divergence: 1, price_moving_average_sell: 1
2020-09-13 20:53:17,000 - INFO - OperationLogger.src.trading.signal_generator - [SignalGenerator_BACKTEST_SIGNAL_GEN] [STATUS_HEARTBEAT] Indicators: SMA: FRESH (4000ms ago) | EMA: FRESH (4000ms ago) | PRICE: STALE (5000ms ago)
2020-09-13 20:53:17,000 - INFO - OperationLogger.src.trading.trade_manager - [TradeManager_BACKTEST_TRADE_MANAGER] [STATUS_HEARTBEAT] Position: SELL (0.1870 BTC) | 120.0 s History: 58 signals | 60.0 s Density: 30 signals | 24.0 s Density: 13 signals | Last Trade: 743000 ms ago
2020-09-13 20:53:17,000 - INFO - OperationLogger.src.strategy.strategy_manager - [StrategyManager_STRATEGY_MANAGER] [STRATEGY_STATS] Signal Counts (1m): price_moving_average_sell: 2, ema_sma_divergence: 2, ema_trend_follow_sell: 2, death_cross: 1
2020-09-13 20:53:27,000 - INFO - OperationLogger.src.trading.signal_generator - [SignalGenerator_BACKTEST_SIGNAL_GEN] [STATUS_HEARTBEAT] Indicators: SMA: FRESH (3000ms ago) | EMA: FRESH (3000ms ago) | PRICE: FRESH (3000ms ago)
2020-09-13 20:53:28,000 - INFO - OperationLogger.src.trading.trade_manager - [TradeManager_BACKTEST_TRADE_MANAGER] [STATUS_HEARTBEAT] Position: SELL (0.1870 BTC) | 120.0 s History: 57 signals | 60.0 s Density: 28 signals | 24.0 s Density: 11 signals | Last Trade: 754000 ms ago
2020-09-13 20:53:29,000 - INFO - OperationLogger.src.strategy.strategy_manager - [StrategyManager_STRATEGY_MANAGER] [STRATEGY_STATS] Signal Counts (1m): death_cross: 2, price_moving_average_sell: 1, ema_sma_divergence: 1, ema_trend_follow_sell: 1
2020-09-13 20:53:38,000 - INFO - OperationLogger.src.trading.signal_generator - [SignalGenerator_BACKTEST_SIGNAL_GEN] [STATUS_HEARTBEAT] Indicators: SMA: FRESH (0ms ago) | EMA: FRESH (0ms ago) | PRICE: FRESH (1000ms ago)
2020-09-13 20:53:41,000 - INFO - OperationLogger.src.strategy.strategy_manager - [StrategyManager_STRATEGY_MANAGER] [STRATEGY_STATS] Signal Counts (1m): price_moving_average_sell: 2, ema_trend_follow_sell: 2, ema_sma_divergence: 2, death_cross: 1
2020-09-13 20:53:41,000 - INFO - OperationLogger.src.trading.trade_manager - [TradeManager_BACKTEST_TRADE_MANAGER] [STATUS_HEARTBEAT] Position: SELL (0.1870 BTC) | 120.0 s History: 56 signals | 60.0 s Density: 27 signals | 24.0 s Density: 11 signals | Last Trade: 767000 ms ago
2020-09-13 20:53:51,000 - INFO - OperationLogger.src.trading.signal_generator - [SignalGenerator_BACKTEST_SIGNAL_GEN] [STATUS_HEARTBEAT] Indicators: SMA: FRESH (3000ms ago) | EMA: FRESH (3000ms ago) | PRICE: FRESH (3000ms ago)
2020-09-13 20:53:51,000 - INFO - OperationLogger.src.trading.trade_manager - [TradeManager_BACKTEST_TRADE_MANAGER] [STATUS_HEARTBEAT] Position: SELL (0.1870 BTC) | 120.0 s History: 58 signals | 60.0 s Density: 28 signals | 24.0 s Density: 12 signals | Last Trade: 777000 ms ago
2020-09-13 20:53:51,000 - INFO - OperationLogger.src.strategy.strategy_manager - [StrategyManager_STRATEGY_MANAGER] [STRATEGY_STATS] Signal Counts (1m): death_cross: 2, price_moving_average_sell: 2, ema_trend_follow_sell: 2, ema_sma_divergence: 1
2020-09-13 20:54:05,000 - INFO - OperationLogger.src.trading.signal_generator - [SignalGenerator_BACKTEST_SIGNAL_GEN] [STATUS_HEARTBEAT] Indicators: SMA: FRESH (1000ms ago) | EMA: FRESH (1000ms ago) | PRICE: FRESH (2000ms ago)
2020-09-13 20:54:05,000 - INFO - OperationLogger.src.trading.trade_manager - [TradeManager_BACKTEST_TRADE_MANAGER] [STATUS_HEARTBEAT] Position: SELL (0.1870 BTC) | 120.0 s History: 58 signals | 60.0 s Density: 29 signals | 24.0 s Density: 14 signals | Last Trade: 791000 ms ago
2020-09-13 20:54:05,000 - INFO - OperationLogger.src.strategy.strategy_manager - [StrategyManager_STRATEGY_MANAGER] [STRATEGY_STATS] Signal Counts (1m): price_moving_average_sell: 3, ema_trend_follow_sell: 3, ema_sma_divergence: 2, death_cross: 2
2020-09-13 20:54:10,000 - INFO - OperationLogger.src.trading.trade_manager - [TradeManager_BACKTEST_TRADE_MANAGER] [STATUS_HEARTBEAT] Position: SELL (0.1870 BTC) | 120.0 s History: 59 signals | 60.0 s Density: 30 signals | 24.0 s Density: 13 signals | Last Trade: 796000 ms ago
2020-09-13 20:54:10,000 - INFO - OperationLogger.src.strategy.strategy_manager - [StrategyManager_STRATEGY_MANAGER] [STRATEGY_STATS] Signal Counts (1m): ema_sma_divergence: 1, ema_trend_follow_sell: 1, price_moving_average_sell: 1
2020-09-13 20:54:10,000 - INFO - OperationLogger.src.trading.signal_generator - [SignalGenerator_BACKTEST_SIGNAL_GEN] [STATUS_HEARTBEAT] Indicators: SMA: FRESH (0ms ago) | EMA: FRESH (1000ms ago) | PRICE: FRESH (1000ms ago)
2020-09-13 20:54:16,000 - INFO - OperationLogger.src.trading.trade_manager - [TradeManager_BACKTEST_TRADE_MANAGER] [STATUS_HEARTBEAT] Position: SELL (0.1870 BTC) | 120.0 s History: 59 signals | 60.0 s Density: 30 signals | 24.0 s Density: 13 signals | Last Trade: 802000 ms ago
2020-09-13 20:54:16,000 - INFO - OperationLogger.src.strategy.strategy_manager - [StrategyManager_STRATEGY_MANAGER] [STRATEGY_STATS] Signal Counts (1m): death_cross: 1, ema_sma_divergence: 1, ema_trend_follow_sell: 1, price_moving_average_sell: 1
2020-09-13 20:54:19,000 - INFO - OperationLogger.src.trading.signal_generator - [SignalGenerator_BACKTEST_SIGNAL_GEN] [STATUS_HEARTBEAT] Indicators: SMA: FRESH (3000ms ago) | EMA: FRESH (3000ms ago) | PRICE: FRESH (3000ms ago)
2020-09-13 20:54:28,000 - INFO - OperationLogger.src.trading.trade_manager - [TradeManager_BACKTEST_TRADE_MANAGER] [STATUS_HEARTBEAT] Position: SELL (0.1870 BTC) | 120.0 s History: 57 signals | 60.0 s Density: 29 signals | 24.0 s Density: 13 signals | Last Trade: 814000 ms ago
2020-09-13 20:54:28,000 - INFO - OperationLogger.src.strategy.strategy_manager - [StrategyManager_STRATEGY_MANAGER] [STRATEGY_STATS] Signal Counts (1m): death_cross: 2, ema_trend_follow_sell: 2, ema_sma_divergence: 2, price_moving_average_sell: 1
2020-09-13 20:54:28,000 - INFO - OperationLogger.src.trading.signal_generator - [SignalGenerator_BACKTEST_SIGNAL_GEN] [STATUS_HEARTBEAT] Indicators: SMA: FRESH (1000ms ago) | EMA: FRESH (1000ms ago) | PRICE: FRESH (3000ms ago)
2020-09-13 20:54:35,000 - INFO - OperationLogger.src.trading.trade_manager - [TradeManager_BACKTEST_TRADE_MANAGER] [STATUS_HEARTBEAT] Position: SELL (0.1870 BTC) | 120.0 s History: 59 signals | 60.0 s Density: 31 signals | 24.0 s Density: 13 signals | Last Trade: 821000 ms ago
2020-09-13 20:54:35,000 - INFO - OperationLogger.src.strategy.strategy_manager - [StrategyManager_STRATEGY_MANAGER] [STRATEGY_STATS] Signal Counts (1m): price_moving_average_sell: 2, ema_trend_follow_sell: 2, ema_sma_divergence: 1, death_cross: 1
2020-09-13 20:54:40,000 - INFO - OperationLogger.src.trading.signal_generator - [SignalGenerator_BACKTEST_SIGNAL_GEN] [STATUS_HEARTBEAT] Indicators: SMA: STALE (5000ms ago) | EMA: STALE (5000ms ago) | PRICE: STALE (5000ms ago)
2020-09-13 20:54:44,000 - INFO - OperationLogger.src.trading.trade_manager - [TradeManager_BACKTEST_TRADE_MANAGER] [STATUS_HEARTBEAT] Position: SELL (0.1870 BTC) | 120.0 s History: 57 signals | 60.0 s Density: 29 signals | 24.0 s Density: 13 signals | Last Trade: 830000 ms ago
2020-09-13 20:54:44,000 - INFO - OperationLogger.src.strategy.strategy_manager - [StrategyManager_STRATEGY_MANAGER] [STRATEGY_STATS] Signal Counts (1m): ema_trend_follow_sell: 1, price_moving_average_sell: 1, ema_sma_divergence: 1, death_cross: 1
2020-09-13 20:54:51,000 - INFO - OperationLogger.src.trading.signal_generator - [SignalGenerator_BACKTEST_SIGNAL_GEN] [STATUS_HEARTBEAT] Indicators: SMA: FRESH (1000ms ago) | EMA: STALE (7000ms ago) | PRICE: STALE (7000ms ago)
2020-09-13 20:54:57,000 - INFO - OperationLogger.src.trading.trade_manager - [TradeManager_BACKTEST_TRADE_MANAGER] [STATUS_HEARTBEAT] Position: SELL (0.1870 BTC) | 120.0 s History: 56 signals | 60.0 s Density: 29 signals | 24.0 s Density: 11 signals | Last Trade: 843000 ms ago
2020-09-13 20:54:57,000 - INFO - OperationLogger.src.strategy.strategy_manager - [StrategyManager_STRATEGY_MANAGER] [STRATEGY_STATS] Signal Counts (1m): ema_sma_divergence: 2, ema_trend_follow_sell: 2, price_moving_average_sell: 2, death_cross: 1
2020-09-13 20:55:01,000 - INFO - OperationLogger.src.trading.signal_generator - [SignalGenerator_BACKTEST_SIGNAL_GEN] [STATUS_HEARTBEAT] Indicators: SMA: FRESH (4000ms ago) | EMA: FRESH (4000ms ago) | PRICE: FRESH (4000ms ago)
2020-09-13 20:55:04,000 - INFO - OperationLogger.src.strategy.strategy_manager - [StrategyManager_STRATEGY_MANAGER] [STRATEGY_STATS] Signal Counts (1m): death_cross: 1, price_moving_average_sell: 1, ema_trend_follow_sell: 1, ema_sma_divergence: 1
2020-09-13 20:55:04,000 - INFO - OperationLogger.src.trading.trade_manager - [TradeManager_BACKTEST_TRADE_MANAGER] [STATUS_HEARTBEAT] Position: SELL (0.1870 BTC) | 120.0 s History: 56 signals | 60.0 s Density: 29 signals | 24.0 s Density: 11 signals | Last Trade: 850000 ms ago
2020-09-13 20:55:10,000 - INFO - OperationLogger.src.trading.signal_generator - [SignalGenerator_BACKTEST_SIGNAL_GEN] [STATUS_HEARTBEAT] Indicators: SMA: FRESH (3000ms ago) | EMA: FRESH (3000ms ago) | PRICE: FRESH (3000ms ago)
2020-09-13 20:55:16,000 - INFO - OperationLogger.src.trading.trade_manager - [TradeManager_BACKTEST_TRADE_MANAGER] [STATUS_HEARTBEAT] Position: SELL (0.1870 BTC) | 120.0 s History: 57 signals | 60.0 s Density: 29 signals | 24.0 s Density: 11 signals | Last Trade: 862000 ms ago
2020-09-13 20:55:17,000 - INFO - OperationLogger.src.strategy.strategy_manager - [StrategyManager_STRATEGY_MANAGER] [STRATEGY_STATS] Signal Counts (1m): price_moving_average_sell: 3, ema_trend_follow_sell: 2, ema_sma_divergence: 2, death_cross: 2
2020-09-13 20:55:21,000 - INFO - OperationLogger.src.trading.signal_generator - [SignalGenerator_BACKTEST_SIGNAL_GEN] [STATUS_HEARTBEAT] Indicators: SMA: FRESH (2000ms ago) | EMA: FRESH (3000ms ago) | PRICE: FRESH (3000ms ago)
2020-09-13 20:55:26,000 - INFO - OperationLogger.src.trading.trade_manager - [TradeManager_BACKTEST_TRADE_MANAGER] [STATUS_HEARTBEAT] Position: SELL (0.1870 BTC) | 120.0 s History: 57 signals | 60.0 s Density: 29 signals | 24.0 s Density: 11 signals | Last Trade: 872000 ms ago
2020-09-13 20:55:26,000 - INFO - OperationLogger.src.strategy.strategy_manager - [StrategyManager_STRATEGY_MANAGER] [STRATEGY_STATS] Signal Counts (1m): ema_trend_follow_sell: 2, ema_sma_divergence: 1, death_cross: 1, price_moving_average_sell: 1
2020-09-13 20:55:29,000 - INFO - OperationLogger.src.trading.signal_generator - [SignalGenerator_BACKTEST_SIGNAL_GEN] [STATUS_HEARTBEAT] Indicators: SMA: FRESH (3000ms ago) | EMA: FRESH (3000ms ago) | PRICE: FRESH (3000ms ago)
2020-09-13 20:55:32,000 - INFO - OperationLogger.src.trading.trade_manager - [TradeManager_BACKTEST_TRADE_MANAGER] [STATUS_HEARTBEAT] Position: SELL (0.1870 BTC) | 120.0 s History: 58 signals | 60.0 s Density: 29 signals | 24.0 s Density: 12 signals | Last Trade: 878000 ms ago
2020-09-13 20:55:32,000 - INFO - OperationLogger.src.strategy.strategy_manager - [StrategyManager_STRATEGY_MANAGER] [STRATEGY_STATS] Signal Counts (1m): price_moving_average_sell: 2, ema_trend_follow_sell: 1, ema_sma_divergence: 1, death_cross: 1
2020-09-13 20:55:40,000 - INFO - OperationLogger.src.trading.signal_generator - [SignalGenerator_BACKTEST_SIGNAL_GEN] [STATUS_HEARTBEAT] Indicators: SMA: FRESH (3000ms ago) | EMA: FRESH (3000ms ago) | PRICE: FRESH (4000ms ago)
2020-09-13 20:55:47,000 - INFO - OperationLogger.src.trading.trade_manager - [TradeManager_BACKTEST_TRADE_MANAGER] [STATUS_HEARTBEAT] Position: SELL (0.1870 BTC) | 120.0 s History: 59 signals | 60.0 s Density: 30 signals | 24.0 s Density: 12 signals | Last Trade: 893000 ms ago
2020-09-13 20:55:47,000 - INFO - OperationLogger.src.strategy.strategy_manager - [StrategyManager_STRATEGY_MANAGER] [STRATEGY_STATS] Signal Counts (1m): ema_trend_follow_sell: 3, ema_sma_divergence: 2, death_cross: 2, price_moving_average_sell: 2
2020-09-13 20:55:53,000 - INFO - OperationLogger.src.trading.signal_generator - [SignalGenerator_BACKTEST_SIGNAL_GEN] [STATUS_HEARTBEAT] Indicators: SMA: FRESH (2000ms ago) | EMA: FRESH (2000ms ago) | PRICE: FRESH (2000ms ago)
2020-09-13 20:55:53,000 - INFO - OperationLogger.src.trading.trade_manager - [TradeManager_BACKTEST_TRADE_MANAGER] [STATUS_HEARTBEAT] Position: SELL (0.1870 BTC) | 120.0 s History: 58 signals | 60.0 s Density: 30 signals | 24.0 s Density: 11 signals | Last Trade: 899000 ms ago
2020-09-13 20:55:53,000 - INFO - OperationLogger.src.strategy.strategy_manager - [StrategyManager_STRATEGY_MANAGER] [STRATEGY_STATS] Signal Counts (1m): price_moving_average_sell: 1, ema_trend_follow_sell: 1, ema_sma_divergence: 1, death_cross: 1
2020-09-13 20:56:01,000 - INFO - OperationLogger.src.trading.signal_generator - [SignalGenerator_BACKTEST_SIGNAL_GEN] [STATUS_HEARTBEAT] Indicators: SMA: FRESH (1000ms ago) | EMA: FRESH (4000ms ago) | PRICE: FRESH (4000ms ago)
2020-09-13 20:56:01,000 - INFO - OperationLogger.src.trading.trade_manager - [TradeManager_BACKTEST_TRADE_MANAGER] [STATUS_HEARTBEAT] Position: SELL (0.1870 BTC) | 120.0 s History: 59 signals | 60.0 s Density: 30 signals | 24.0 s Density: 13 signals | Last Trade: 907000 ms ago
2020-09-13 20:56:01,000 - INFO - OperationLogger.src.strategy.strategy_manager - [StrategyManager_STRATEGY_MANAGER] [STRATEGY_STATS] Signal Counts (1m): price_moving_average_sell: 2, ema_trend_follow_sell: 2, ema_sma_divergence: 1, death_cross: 1
2020-09-13 20:56:10,000 - INFO - OperationLogger.src.trading.trade_manager - [TradeManager_BACKTEST_TRADE_MANAGER] [STATUS_HEARTBEAT] Position: SELL (0.1870 BTC) | 120.0 s History: 60 signals | 60.0 s Density: 31 signals | 24.0 s Density: 13 signals | Last Trade: 916000 ms ago
2020-09-13 20:56:10,000 - INFO - OperationLogger.src.strategy.strategy_manager - [StrategyManager_STRATEGY_MANAGER] [STRATEGY_STATS] Signal Counts (1m): ema_sma_divergence: 2, price_moving_average_sell: 2, ema_trend_follow_sell: 1, death_cross: 1
2020-09-13 20:56:11,000 - INFO - OperationLogger.src.trading.signal_generator - [SignalGenerator_BACKTEST_SIGNAL_GEN] [STATUS_HEARTBEAT] Indicators: SMA: FRESH (4000ms ago) | EMA: FRESH (4000ms ago) | PRICE: FRESH (4000ms ago)
2020-09-13 20:56:45,000 - INFO - OperationLogger.src.trading.trade_manager - [TradeManager_BACKTEST_TRADE_MANAGER] [STATUS_HEARTBEAT] Position: SELL (0.1870 BTC) | 120.0 s History: 62 signals | 60.0 s Density: 33 signals | 24.0 s Density: 14 signals | Last Trade: 951000 ms ago
2020-09-13 20:56:45,000 - INFO - OperationLogger.src.strategy.strategy_manager - [StrategyManager_STRATEGY_MANAGER] [STRATEGY_STATS] Signal Counts (1m): ema_trend_follow_sell: 7, death_cross: 5, price_moving_average_sell: 4, ema_sma_divergence: 5, price_moving_average_buy: 3
2020-09-13 20:56:48,000 - INFO - OperationLogger.src.data.data_manager - [DataManager_BACKTEST_DATA_MANAGER] [DATA_CLEANUP] Action: skipped | Rows: 1808 | All within 1h retention window
2020-09-13 20:56:49,000 - INFO - OperationLogger.src.trading.signal_generator - [SignalGenerator_BACKTEST_SIGNAL_GEN] [STATUS_HEARTBEAT] Indicators: SMA: FRESH (4000ms ago) | EMA: FRESH (4000ms ago) | PRICE: FRESH (4000ms ago)
2020-09-13 20:56:57,000 - INFO - OperationLogger.src.trading.trade_manager - [TradeManager_BACKTEST_TRADE_MANAGER] [STATUS_HEARTBEAT] Position: SELL (0.1870 BTC) | 120.0 s History: 62 signals | 60.0 s Density: 32 signals | 24.0 s Density: 12 signals | Last Trade: 963000 ms ago
2020-09-13 20:56:57,000 - INFO - OperationLogger.src.strategy.strategy_manager - [StrategyManager_STRATEGY_MANAGER] [STRATEGY_STATS] Signal Counts (1m): ema_trend_follow_sell: 2, ema_sma_divergence: 2, price_moving_average_buy: 3, death_cross: 2, ema_trend_follow: 1
2020-09-13 20:56:57,000 - INFO - OperationLogger.src.trading.signal_generator - [SignalGenerator_BACKTEST_SIGNAL_GEN] [STATUS_HEARTBEAT] Indicators: SMA: FRESH (1000ms ago) | EMA: FRESH (1000ms ago) | PRICE: FRESH (1000ms ago)
2020-09-13 20:57:05,000 - INFO - OperationLogger.src.trading.trade_manager - [TradeManager_BACKTEST_TRADE_MANAGER] [STATUS_HEARTBEAT] Position: SELL (0.1870 BTC) | 120.0 s History: 63 signals | 60.0 s Density: 33 signals | 24.0 s Density: 13 signals | Last Trade: 971000 ms ago
2020-09-13 20:57:05,000 - INFO - OperationLogger.src.strategy.strategy_manager - [StrategyManager_STRATEGY_MANAGER] [STRATEGY_STATS] Signal Counts (1m): ema_sma_divergence: 2, ema_trend_follow: 2, price_moving_average_buy: 1
2020-09-13 20:57:05,000 - INFO - OperationLogger.src.trading.signal_generator - [SignalGenerator_BACKTEST_SIGNAL_GEN] [STATUS_HEARTBEAT] Indicators: SMA: FRESH (2000ms ago) | EMA: FRESH (2000ms ago) | PRICE: FRESH (2000ms ago)
2020-09-13 20:57:10,000 - INFO - OperationLogger.src.trading.trade_manager - [TradeManager_BACKTEST_TRADE_MANAGER] [STATUS_HEARTBEAT] Position: SELL (0.1870 BTC) | 120.0 s History: 64 signals | 60.0 s Density: 34 signals | 24.0 s Density: 14 signals | Last Trade: 976000 ms ago
2020-09-13 20:57:13,000 - INFO - OperationLogger.src.strategy.strategy_manager - [StrategyManager_STRATEGY_MANAGER] [STRATEGY_STATS] Signal Counts (1m): golden_cross: 1, price_moving_average_buy: 1, ema_trend_follow: 1, ema_sma_divergence: 1
2020-09-13 20:57:13,000 - INFO - OperationLogger.src.trading.signal_generator - [SignalGenerator_BACKTEST_SIGNAL_GEN] [STATUS_HEARTBEAT] Indicators: SMA: FRESH (1000ms ago) | EMA: FRESH (1000ms ago) | PRICE: FRESH (3000ms ago)
2020-09-13 20:57:16,000 - INFO - OperationLogger.src.trading.trade_manager - [TradeManager_BACKTEST_TRADE_MANAGER] [STATUS_HEARTBEAT] Position: SELL (0.1870 BTC) | 120.0 s History: 64 signals | 60.0 s Density: 33 signals | 24.0 s Density: 14 signals | Last Trade: 982000 ms ago
2020-09-13 20:57:18,000 - INFO - OperationLogger.src.strategy.strategy_manager - [StrategyManager_STRATEGY_MANAGER] [STRATEGY_STATS] Signal Counts (1m): ema_trend_follow: 1, price_moving_average_buy: 1, golden_cross: 1
2020-09-13 20:57:21,000 - INFO - OperationLogger.src.trading.signal_generator - [SignalGenerator_BACKTEST_SIGNAL_GEN] [STATUS_HEARTBEAT] Indicators: SMA: FRESH (1000ms ago) | EMA: FRESH (3000ms ago) | PRICE: FRESH (3000ms ago)
2020-09-13 20:57:25,000 - INFO - OperationLogger.src.trading.trade_manager - [TradeManager_BACKTEST_TRADE_MANAGER] [STATUS_HEARTBEAT] Position: SELL (0.1870 BTC) | 120.0 s History: 63 signals | 60.0 s Density: 33 signals | 24.0 s Density: 12 signals | Last Trade: 991000 ms ago
2020-09-13 20:57:25,000 - INFO - OperationLogger.src.strategy.strategy_manager - [StrategyManager_STRATEGY_MANAGER] [STRATEGY_STATS] Signal Counts (1m): ema_sma_divergence: 2, ema_trend_follow: 2, price_moving_average_buy: 1, golden_cross: 1
2020-09-13 20:57:29,000 - INFO - OperationLogger.src.trading.signal_generator - [SignalGenerator_BACKTEST_SIGNAL_GEN] [STATUS_HEARTBEAT] Indicators: SMA: FRESH (1000ms ago) | EMA: FRESH (1000ms ago) | PRICE: FRESH (1000ms ago)
2020-09-13 20:57:32,000 - INFO - OperationLogger.src.trading.trade_manager - [TradeManager_BACKTEST_TRADE_MANAGER] [STATUS_HEARTBEAT] Position: SELL (0.1870 BTC) | 120.0 s History: 64 signals | 60.0 s Density: 31 signals | 24.0 s Density: 13 signals | Last Trade: 998000 ms ago
2020-09-13 20:57:32,000 - INFO - OperationLogger.src.strategy.strategy_manager - [StrategyManager_STRATEGY_MANAGER] [STRATEGY_STATS] Signal Counts (1m): price_moving_average_buy: 2, ema_trend_follow: 1, golden_cross: 1
2020-09-13 20:57:40,000 - INFO - OperationLogger.src.trading.signal_generator - [SignalGenerator_BACKTEST_SIGNAL_GEN] [STATUS_HEARTBEAT] Indicators: SMA: FRESH (4000ms ago) | EMA: FRESH (4000ms ago) | PRICE: FRESH (4000ms ago)
2020-09-13 20:57:40,000 - INFO - OperationLogger.src.trading.trade_manager - [TradeManager_BACKTEST_TRADE_MANAGER] [STATUS_HEARTBEAT] Position: SELL (0.1870 BTC) | 120.0 s History: 63 signals | 60.0 s Density: 31 signals | 24.0 s Density: 13 signals | Last Trade: 1006000 ms ago
2020-09-13 20:57:40,000 - INFO - OperationLogger.src.strategy.strategy_manager - [StrategyManager_STRATEGY_MANAGER] [STRATEGY_STATS] Signal Counts (1m): ema_trend_follow: 1, price_moving_average_buy: 1, ema_sma_divergence: 1, golden_cross: 1
2020-09-13 20:57:47,000 - INFO - OperationLogger.src.trading.signal_generator - [SignalGenerator_BACKTEST_SIGNAL_GEN] [STATUS_HEARTBEAT] Indicators: SMA: FRESH (0ms ago) | EMA: FRESH (1000ms ago) | PRICE: FRESH (1000ms ago)
2020-09-13 20:57:52,000 - INFO - OperationLogger.src.trading.trade_manager - [TradeManager_BACKTEST_TRADE_MANAGER] [STATUS_HEARTBEAT] Position: SELL (0.1870 BTC) | 120.0 s History: 62 signals | 60.0 s Density: 31 signals | 24.0 s Density: 12 signals | Last Trade: 1018000 ms ago
2020-09-13 20:57:52,000 - INFO - OperationLogger.src.strategy.strategy_manager - [StrategyManager_STRATEGY_MANAGER] [STRATEGY_STATS] Signal Counts (1m): ema_trend_follow: 3, price_moving_average_buy: 2, golden_cross: 1, ema_sma_divergence: 2
2020-09-13 20:57:59,000 - INFO - OperationLogger.src.trading.signal_generator - [SignalGenerator_BACKTEST_SIGNAL_GEN] [STATUS_HEARTBEAT] Indicators: SMA: FRESH (2000ms ago) | EMA: FRESH (2000ms ago) | PRICE: FRESH (2000ms ago)
2020-09-13 20:58:02,000 - INFO - OperationLogger.src.trading.trade_manager - [TradeManager_BACKTEST_TRADE_MANAGER] [STATUS_HEARTBEAT] Position: SELL (0.1870 BTC) | 120.0 s History: 61 signals | 60.0 s Density: 29 signals | 24.0 s Density: 12 signals | Last Trade: 1028000 ms ago
2020-09-13 20:58:02,000 - INFO - OperationLogger.src.strategy.strategy_manager - [StrategyManager_STRATEGY_MANAGER] [STRATEGY_STATS] Signal Counts (1m): price_moving_average_buy: 2, golden_cross: 1, ema_trend_follow: 1, ema_sma_divergence: 1
2020-09-13 20:58:09,000 - INFO - OperationLogger.src.trading.signal_generator - [SignalGenerator_BACKTEST_SIGNAL_GEN] [STATUS_HEARTBEAT] Indicators: SMA: FRESH (2000ms ago) | EMA: FRESH (2000ms ago) | PRICE: FRESH (2000ms ago)
2020-09-13 20:58:11,000 - INFO - OperationLogger.src.trading.trade_manager - [TradeManager_BACKTEST_TRADE_MANAGER] [STATUS_HEARTBEAT] Position: SELL (0.1870 BTC) | 120.0 s History: 62 signals | 60.0 s Density: 29 signals | 24.0 s Density: 12 signals | Last Trade: 1037000 ms ago
2020-09-13 20:58:11,000 - INFO - OperationLogger.src.strategy.strategy_manager - [StrategyManager_STRATEGY_MANAGER] [STRATEGY_STATS] Signal Counts (1m): golden_cross: 2, ema_trend_follow: 2, ema_sma_divergence: 1, price_moving_average_buy: 1
2020-09-13 20:58:21,000 - INFO - TradingLogger.src.trading.trade_manager - [TradeManager_BACKTEST_TRADE_MANAGER] Trade Signal: BUY Entry Price: 64060.0 Amount: 2579.61 USDT or 0.391 BTC It is a REVERSE order.
2020-09-13 20:58:22,000 - INFO - OperationLogger.src.trading.signal_generator - [SignalGenerator_BACKTEST_SIGNAL_GEN] [STATUS_HEARTBEAT] Indicators: SMA: FRESH (1000ms ago) | EMA: FRESH (3000ms ago) | PRICE: FRESH (3000ms ago)
2020-09-13 20:58:22,000 - INFO - OperationLogger.src.trading.trade_manager - [TradeManager_BACKTEST_TRADE_MANAGER] [STATUS_HEARTBEAT] Position: BUY (0.2040 BTC) | 120.0 s History: 61 signals | 60.0 s Density: 29 signals | 24.0 s Density: 12 signals | Last Trade: 0 ms ago
2020-09-13 20:58:22,000 - INFO - OperationLogger.src.strategy.strategy_manager - [StrategyManager_STRATEGY_MANAGER] [STRATEGY_STATS] Signal Counts (1m): ema_sma_divergence: 2, ema_trend_follow: 2, price_moving_average_buy: 2, golden_cross: 1
2020-09-13 20:58:31,000 - INFO - OperationLogger.src.trading.signal_generator - [SignalGenerator_BACKTEST_SIGNAL_GEN] [STATUS_HEARTBEAT] Indicators: SMA: FRESH (0ms ago) | EMA: FRESH (1000ms ago) | PRICE: FRESH (1000ms ago)
2020-09-13 20:58:31,000 - INFO - OperationLogger.src.trading.trade_manager - [TradeManager_BACKTEST_TRADE_MANAGER] [STATUS_HEARTBEAT] Position: BUY (0.2040 BTC) | 120.0 s History: 61 signals | 60.0 s Density: 31 signals | 24.0 s Density: 13 signals | Last Trade: 9000 ms ago
2020-09-13 20:58:31,000 - INFO - OperationLogger.src.strategy.strategy_manager - [StrategyManager_STRATEGY_MANAGER] [STRATEGY_STATS] Signal Counts (1m): price_moving_average_buy: 2, ema_sma_divergence: 2, ema_trend_follow: 2, golden_cross: 1
2020-09-13 20:58:40,000 - INFO - OperationLogger.src.strategy.strategy_manager - [StrategyManager_STRATEGY_MANAGER] [STRATEGY_STATS] Signal Counts (1m): golden_cross: 1, price_moving_average_buy: 1, ema_trend_follow: 1, ema_sma_divergence: 1
2020-09-13 20:58:40,000 - INFO - OperationLogger.src.trading.trade_manager - [TradeManager_BACKTEST_TRADE_MANAGER] [STATUS_HEARTBEAT] Position: BUY (0.2040 BTC) | 120.0 s History: 59 signals | 60.0 s Density: 29 signals | 24.0 s Density: 11 signals | Last Trade: 18000 ms ago
2020-09-13 20:58:40,000 - INFO - OperationLogger.src.trading.signal_generator - [SignalGenerator_BACKTEST_SIGNAL_GEN] [STATUS_HEARTBEAT] Indicators: SMA: FRESH (1000ms ago) | EMA: FRESH (1000ms ago) | PRICE: FRESH (1000ms ago)
2020-09-13 20:58:50,000 - INFO - OperationLogger.src.strategy.strategy_manager - [StrategyManager_STRATEGY_MANAGER] [STRATEGY_STATS] Signal Counts (1m): ema_trend_follow: 2, golden_cross: 2, price_moving_average_buy: 2, ema_sma_divergence: 2
2020-09-13 20:58:50,000 - INFO - OperationLogger.src.trading.trade_manager - [TradeManager_BACKTEST_TRADE_MANAGER] [STATUS_HEARTBEAT] Position: BUY (0.2040 BTC) | 120.0 s History: 60 signals | 60.0 s Density: 29 signals | 24.0 s Density: 13 signals | Last Trade: 28000 ms ago
2020-09-13 20:58:50,000 - INFO - OperationLogger.src.trading.signal_generator - [SignalGenerator_BACKTEST_SIGNAL_GEN] [STATUS_HEARTBEAT] Indicators: SMA: FRESH (2000ms ago) | EMA: FRESH (2000ms ago) | PRICE: FRESH (2000ms ago)
2020-09-13 20:59:01,000 - INFO - OperationLogger.src.strategy.strategy_manager - [StrategyManager_STRATEGY_MANAGER] [STRATEGY_STATS] Signal Counts (1m): price_moving_average_buy: 2, ema_trend_follow: 2, golden_cross: 1, ema_sma_divergence: 1
2020-09-13 20:59:01,000 - INFO - OperationLogger.src.trading.trade_manager - [TradeManager_BACKTEST_TRADE_MANAGER] [STATUS_HEARTBEAT] Position: BUY (0.2040 BTC) | 120.0 s History: 58 signals | 60.0 s Density: 30 signals | 24.0 s Density: 12 signals | Last Trade: 39000 ms ago
2020-09-13 20:59:01,000 - INFO - OperationLogger.src.trading.signal_generator - [SignalGenerator_BACKTEST_SIGNAL_GEN] [STATUS_HEARTBEAT] Indicators: SMA: FRESH (3000ms ago) | EMA: FRESH (3000ms ago) | PRICE: FRESH (4000ms ago)
2020-09-13 20:59:08,000 - INFO - OperationLogger.src.strategy.strategy_manager - [StrategyManager_STRATEGY_MANAGER] [STRATEGY_STATS] Signal Counts (1m): golden_cross: 1, ema_sma_divergence: 1, price_moving_average_buy: 1, ema_trend_follow: 1
2020-09-13 20:59:10,000 - INFO - OperationLogger.src.trading.trade_manager - [TradeManager_BACKTEST_TRADE_MANAGER] [STATUS_HEARTBEAT] Position: BUY (0.2040 BTC) | 120.0 s History: 57 signals | 60.0 s Density: 28 signals | 24.0 s Density: 11 signals | Last Trade: 48000 ms ago
2020-09-13 20:59:12,000 - INFO - OperationLogger.src.trading.signal_generator - [SignalGenerator_BACKTEST_SIGNAL_GEN] [STATUS_HEARTBEAT] Indicators: SMA: FRESH (4000ms ago) | EMA: FRESH (4000ms ago) | PRICE: STALE (5000ms ago)
2020-09-13 20:59:19,000 - INFO - OperationLogger.src.strategy.strategy_manager - [StrategyManager_STRATEGY_MANAGER] [STRATEGY_STATS] Signal Counts (1m): ema_sma_divergence: 2, price_moving_average_buy: 2, golden_cross: 2, ema_trend_follow: 2
2020-09-13 20:59:19,000 - INFO - OperationLogger.src.trading.trade_manager - [TradeManager_BACKTEST_TRADE_MANAGER] [STATUS_HEARTBEAT] Position: BUY (0.2040 BTC) | 120.0 s History: 59 signals | 60.0 s Density: 30 signals | 24.0 s Density: 12 signals | Last Trade: 57000 ms ago
2020-09-13 20:59:22,000 - INFO - OperationLogger.src.trading.signal_generator - [SignalGenerator_BACKTEST_SIGNAL_GEN] [STATUS_HEARTBEAT] Indicators: SMA: FRESH (2000ms ago) | EMA: FRESH (2000ms ago) | PRICE: FRESH (2000ms ago)
2020-09-13 20:59:31,000 - INFO - OperationLogger.src.strategy.strategy_manager - [StrategyManager_STRATEGY_MANAGER] [STRATEGY_STATS] Signal Counts (1m): price_moving_average_buy: 2, ema_sma_divergence: 1, ema_trend_follow: 2, golden_cross: 1
2020-09-13 20:59:31,000 - INFO - OperationLogger.src.trading.trade_manager - [TradeManager_BACKTEST_TRADE_MANAGER] [STATUS_HEARTBEAT] Position: BUY (0.2040 BTC) | 120.0 s History: 59 signals | 60.0 s Density: 30 signals | 24.0 s Density: 12 signals | Last Trade: 69000 ms ago
2020-09-13 20:59:35,000 - INFO - OperationLogger.src.trading.signal_generator - [SignalGenerator_BACKTEST_SIGNAL_GEN] [STATUS_HEARTBEAT] Indicators: SMA: FRESH (1000ms ago) | EMA: FRESH (2000ms ago) | PRICE: FRESH (2000ms ago)
2020-09-13 20:59:38,000 - INFO - OperationLogger.src.strategy.strategy_manager - [StrategyManager_STRATEGY_MANAGER] [STRATEGY_STATS] Signal Counts (1m): ema_sma_divergence: 2, golden_cross: 1, price_moving_average_buy: 2, ema_trend_follow: 1
2020-09-13 20:59:38,000 - INFO - OperationLogger.src.trading.trade_manager - [TradeManager_BACKTEST_TRADE_MANAGER] [STATUS_HEARTBEAT] Position: BUY (0.2040 BTC) | 120.0 s History: 59 signals | 60.0 s Density: 29 signals | 24.0 s Density: 12 signals | Last Trade: 76000 ms ago
2020-09-13 20:59:44,000 - INFO - OperationLogger.src.trading.signal_generator - [SignalGenerator_BACKTEST_SIGNAL_GEN] [STATUS_HEARTBEAT] Indicators: SMA: FRESH (2000ms ago) | EMA: FRESH (2000ms ago) | PRICE: FRESH (2000ms ago)
2020-09-13 20:59:51,000 - INFO - OperationLogger.src.strategy.strategy_manager - [StrategyManager_STRATEGY_MANAGER] [STRATEGY_STATS] Signal Counts (1m): golden_cross: 2, price_moving_average_buy: 2, ema_trend_follow: 2, ema_sma_divergence: 1
2020-09-13 20:59:51,000 - INFO - OperationLogger.src.trading.trade_manager - [TradeManager_BACKTEST_TRADE_MANAGER] [STATUS_HEARTBEAT] Position: BUY (0.2040 BTC) | 120.0 s History: 58 signals | 60.0 s Density: 29 signals | 24.0 s Density: 12 signals | Last Trade: 89000 ms ago
2020-09-13 20:59:54,000 - INFO - OperationLogger.src.trading.signal_generator - [SignalGenerator_BACKTEST_SIGNAL_GEN] [STATUS_HEARTBEAT] Indicators: SMA: FRESH (1000ms ago) | EMA: FRESH (2000ms ago) | PRICE: FRESH (2000ms ago)
2020-09-13 20:59:58,000 - INFO - OperationLogger.src.strategy.strategy_manager - [StrategyManager_STRATEGY_MANAGER] [STRATEGY_STATS] Signal Counts (1m): ema_sma_divergence: 1, price_moving_average_buy: 1, ema_trend_follow: 1
2020-09-13 20:59:58,000 - INFO - OperationLogger.src.trading.trade_manager - [TradeManager_BACKTEST_TRADE_MANAGER] [STATUS_HEARTBEAT] Position: BUY (0.2040 BTC) | 120.0 s History: 57 signals | 60.0 s Density: 27 signals | 24.0 s Density: 10 signals | Last Trade: 96000 ms ago
2020-09-13 21:00:04,000 - INFO - OperationLogger.src.trading.signal_generator - [SignalGenerator_BACKTEST_SIGNAL_GEN] [STATUS_HEARTBEAT] Indicators: SMA: FRESH (3000ms ago) | EMA: FRESH (3000ms ago) | PRICE: FRESH (3000ms ago)
2020-09-13 21:00:04,000 - INFO - OperationLogger.src.strategy.strategy_manager - [StrategyManager_STRATEGY_MANAGER] [STRATEGY_STATS] Signal Counts (1m): golden_cross: 1, price_moving_average_buy: 1, ema_sma_divergence: 1, ema_trend_follow: 1
2020-09-13 21:00:04,000 - INFO - OperationLogger.src.trading.trade_manager - [TradeManager_BACKTEST_TRADE_MANAGER] [STATUS_HEARTBEAT] Position: BUY (0.2040 BTC) | 120.0 s History: 57 signals | 60.0 s Density: 29 signals | 24.0 s Density: 11 signals | Last Trade: 102000 ms ago
2020-09-13 21:00:12,000 - INFO - OperationLogger.src.trading.signal_generator - [SignalGenerator_BACKTEST_SIGNAL_GEN] [STATUS_HEARTBEAT] Indicators: SMA: FRESH (4000ms ago) | EMA: FRESH (4000ms ago) | PRICE: STALE (5000ms ago)
2020-09-13 21:00:15,000 - INFO - OperationLogger.src.strategy.strategy_manager - [StrategyManager_STRATEGY_MANAGER] [STRATEGY_STATS] Signal Counts (1m): golden_cross: 2, price_moving_average_buy: 2, ema_trend_follow: 2, ema_sma_divergence: 2
2020-09-13 21:00:15,000 - INFO - OperationLogger.src.trading.trade_manager - [TradeManager_BACKTEST_TRADE_MANAGER] [STATUS_HEARTBEAT] Position: BUY (0.2040 BTC) | 120.0 s History: 57 signals | 60.0 s Density: 29 signals | 24.0 s Density: 12 signals | Last Trade: 113000 ms ago
2020-09-13 21:00:25,000 - INFO - OperationLogger.src.trading.signal_generator - [SignalGenerator_BACKTEST_SIGNAL_GEN] [STATUS_HEARTBEAT] Indicators: SMA: FRESH (2000ms ago) | EMA: FRESH (2000ms ago) | PRICE: FRESH (2000ms ago)
2020-09-13 21:00:25,000 - INFO - OperationLogger.src.strategy.strategy_manager - [StrategyManager_STRATEGY_MANAGER] [STRATEGY_STATS] Signal Counts (1m): price_moving_average_buy: 2, ema_trend_follow: 2, ema_sma_divergence: 1, golden_cross: 1
2020-09-13 21:00:25,000 - INFO - OperationLogger.src.trading.trade_manager - [TradeManager_BACKTEST_TRADE_MANAGER] [STATUS_HEARTBEAT] Position: BUY (0.2040 BTC) | 120.0 s History: 59 signals | 60.0 s Density: 30 signals | 24.0 s Density: 13 signals | Last Trade: 123000 ms ago
2020-09-13 21:00:33,000 - INFO - OperationLogger.src.trading.signal_generator - [SignalGenerator_BACKTEST_SIGNAL_GEN] [STATUS_HEARTBEAT] Indicators: SMA: FRESH (3000ms ago) | EMA: FRESH (3000ms ago) | PRICE: FRESH (3000ms ago)
2020-09-13 21:00:33,000 - INFO - OperationLogger.src.strategy.strategy_manager - [StrategyManager_STRATEGY_MANAGER] [STRATEGY_STATS] Signal Counts (1m): ema_trend_follow: 2, ema_sma_divergence: 1, price_moving_average_buy: 2, golden_cross: 1
2020-09-13 21:00:34,000 - INFO - OperationLogger.src.trading.trade_manager - [TradeManager_BACKTEST_TRADE_MANAGER] [STATUS_HEARTBEAT] Position: BUY (0.2040 BTC) | 120.0 s History: 59 signals | 60.0 s Density: 29 signals | 24.0 s Density: 13 signals | Last Trade: 132000 ms ago
2020-09-13 21:00:42,000 - INFO - OperationLogger.src.trading.signal_generator - [SignalGenerator_BACKTEST_SIGNAL_GEN] [STATUS_HEARTBEAT] Indicators: SMA: FRESH (0ms ago) | EMA: FRESH (3000ms ago) | PRICE: FRESH (3000ms ago)
2020-09-13 21:00:43,000 - INFO - OperationLogger.src.strategy.strategy_manager - [StrategyManager_STRATEGY_MANAGER] [STRATEGY_STATS] Signal Counts (1m): ema_sma_divergence: 2, price_moving_average_buy: 2, ema_trend_follow: 2, golden_cross: 1
2020-09-13 21:00:44,000 - INFO - OperationLogger.src.trading.trade_manager - [TradeManager_BACKTEST_TRADE_MANAGER] [STATUS_HEARTBEAT] Position: BUY (0.2040 BTC) | 120.0 s History: 58 signals | 60.0 s Density: 31 signals | 24.0 s Density: 13 signals | Last Trade: 142000 ms ago
2020-09-13 21:00:53,000 - INFO - OperationLogger.src.strategy.strategy_manager - [StrategyManager_STRATEGY_MANAGER] [STRATEGY_STATS] Signal Counts (1m): golden_cross: 1, ema_sma_divergence: 1, ema_trend_follow: 1, price_moving_average_buy: 1
2020-09-13 21:00:53,000 - INFO - OperationLogger.src.trading.signal_generator - [SignalGenerator_BACKTEST_SIGNAL_GEN] [STATUS_HEARTBEAT] Indicators: SMA: FRESH (3000ms ago) | EMA: FRESH (3000ms ago) | PRICE: FRESH (3000ms ago)
2020-09-13 21:00:54,000 - INFO - OperationLogger.src.trading.trade_manager - [TradeManager_BACKTEST_TRADE_MANAGER] [STATUS_HEARTBEAT] Position: BUY (0.2040 BTC) | 120.0 s History: 59 signals | 60.0 s Density: 32 signals | 24.0 s Density: 14 signals | Last Trade: 152000 ms ago
2020-09-13 21:01:00,000 - INFO - OperationLogger.src.strategy.strategy_manager - [StrategyManager_STRATEGY_MANAGER] [STRATEGY_STATS] Signal Counts (1m): ema_trend_follow: 2, ema_sma_divergence: 2, price_moving_average_buy: 2, golden_cross: 1
2020-09-13 21:01:01,000 - INFO - OperationLogger.src.trading.signal_generator - [SignalGenerator_BACKTEST_SIGNAL_GEN] [STATUS_HEARTBEAT] Indicators: SMA: FRESH (1000ms ago) | EMA: FRESH (1000ms ago) | PRICE: FRESH (1000ms ago)
2020-09-13 21:01:01,000 - INFO - OperationLogger.src.trading.trade_manager - [TradeManager_BACKTEST_TRADE_MANAGER] [STATUS_HEARTBEAT] Position: BUY (0.2040 BTC) | 120.0 s History: 60 signals | 60.0 s Density: 32 signals | 24.0 s Density: 14 signals | Last Trade: 159000 ms ago
2020-09-13 21:01:38,000 - INFO - OperationLogger.src.strategy.strategy_manager - [StrategyManager_STRATEGY_MANAGER] [STRATEGY_STATS] Signal Counts (1m): golden_cross: 6, ema_trend_follow: 8, price_moving_average_buy: 7, ema_sma_divergence: 6
2020-09-13 21:01:38,000 - INFO - OperationLogger.src.trading.signal_generator - [SignalGenerator_BACKTEST_SIGNAL_GEN] [STATUS_HEARTBEAT] Indicators: SMA: FRESH (3000ms ago) | EMA: FRESH (3000ms ago) | PRICE: FRESH (3000ms ago)
2020-09-13 21:01:39,000 - INFO - OperationLogger.src.trading.trade_manager - [TradeManager_BACKTEST_TRADE_MANAGER] [STATUS_HEARTBEAT] Position: BUY (0.2040 BTC) | 120.0 s History: 61 signals | 60.0 s Density: 32 signals | 24.0 s Density: 14 signals | Last Trade: 197000 ms ago
2020-09-13 21:01:48,000 - INFO - OperationLogger.src.strategy.strategy_manager - [StrategyManager_STRATEGY_MANAGER] [STRATEGY_STATS] Signal Counts (1m): price_moving_average_buy: 2, ema_trend_follow: 2, golden_cross: 1, ema_sma_divergence: 1
2020-09-13 21:01:50,000 - INFO - OperationLogger.src.data.data_manager - [DataManager_BACKTEST_DATA_MANAGER] [DATA_CLEANUP] Action: skipped | Rows: 2110 | All within 1h retention window
2020-09-13 21:01:50,000 - INFO - OperationLogger.src.trading.signal_generator - [SignalGenerator_BACKTEST_SIGNAL_GEN] [STATUS_HEARTBEAT] Indicators: SMA: FRESH (2000ms ago) | EMA: FRESH (2000ms ago) | PRICE: FRESH (4000ms ago)
2020-09-13 21:01:51,000 - INFO - OperationLogger.src.trading.trade_manager - [TradeManager_BACKTEST_TRADE_MANAGER] [STATUS_HEARTBEAT] Position: BUY (0.2040 BTC) | 120.0 s History: 62 signals | 60.0 s Density: 32 signals | 24.0 s Density: 13 signals | Last Trade: 209000 ms ago
2020-09-13 21:02:01,000 - INFO - OperationLogger.src.strategy.strategy_manager - [StrategyManager_STRATEGY_MANAGER] [STRATEGY_STATS] Signal Counts (1m): golden_cross: 2, ema_sma_divergence: 2, price_moving_average_buy: 2, ema_trend_follow: 2
2020-09-13 21:02:01,000 - INFO - OperationLogger.src.trading.trade_manager - [TradeManager_BACKTEST_TRADE_MANAGER] [STATUS_HEARTBEAT] Position: BUY (0.2040 BTC) | 120.0 s History: 63 signals | 60.0 s Density: 32 signals | 24.0 s Density: 12 signals | Last Trade: 219000 ms ago
2020-09-13 21:02:01,000 - INFO - OperationLogger.src.trading.signal_generator - [SignalGenerator_BACKTEST_SIGNAL_GEN] [STATUS_HEARTBEAT] Indicators: SMA: FRESH (1000ms ago) | EMA: FRESH (1000ms ago) | PRICE: FRESH (1000ms ago)
2020-09-13 21:02:14,000 - INFO - OperationLogger.src.strategy.strategy_manager - [StrategyManager_STRATEGY_MANAGER] [STRATEGY_STATS] Signal Counts (1m): ema_sma_divergence: 2, price_moving_average_buy: 2, ema_trend_follow: 2, golden_cross: 2
2020-09-13 21:02:14,000 - INFO - OperationLogger.src.trading.trade_manager - [TradeManager_BACKTEST_TRADE_MANAGER] [STATUS_HEARTBEAT] Position: BUY (0.2040 BTC) | 120.0 s History: 61 signals | 60.0 s Density: 31 signals | 24.0 s Density: 12 signals | Last Trade: 232000 ms ago
2020-09-13 21:02:14,000 - INFO - OperationLogger.src.trading.signal_generator - [SignalGenerator_BACKTEST_SIGNAL_GEN] [STATUS_HEARTBEAT] Indicators: SMA: FRESH (1000ms ago) | EMA: FRESH (3000ms ago) | PRICE: FRESH (3000ms ago)
2020-09-13 21:02:21,000 - INFO - OperationLogger.src.strategy.strategy_manager - [StrategyManager_STRATEGY_MANAGER] [STRATEGY_STATS] Signal Counts (1m): ema_sma_divergence: 2, ema_trend_follow: 2, price_moving_average_buy: 1, golden_cross: 1
2020-09-13 21:02:21,000 - INFO - OperationLogger.src.trading.trade_manager - [TradeManager_BACKTEST_TRADE_MANAGER] [STATUS_HEARTBEAT] Position: BUY (0.2040 BTC) | 120.0 s History: 63 signals | 60.0 s Density: 32 signals | 24.0 s Density: 13 signals | Last Trade: 239000 ms ago
2020-09-13 21:02:26,000 - INFO - OperationLogger.src.trading.signal_generator - [SignalGenerator_BACKTEST_SIGNAL_GEN] [STATUS_HEARTBEAT] Indicators: SMA: STALE (5000ms ago) | EMA: STALE (5000ms ago) | PRICE: STALE (5000ms ago)
2020-09-13 21:02:37,000 - INFO - OperationLogger.src.strategy.strategy_manager - [StrategyManager_STRATEGY_MANAGER] [STRATEGY_STATS] Signal Counts (1m): price_moving_average_buy: 3, ema_trend_follow: 2, ema_sma_divergence: 2, golden_cross: 2
2020-09-13 21:02:37,000 - INFO - OperationLogger.src.trading.trade_manager - [TradeManager_BACKTEST_TRADE_MANAGER] [STATUS_HEARTBEAT] Position: BUY (0.2040 BTC) | 120.0 s History: 62 signals | 60.0 s Density: 29 signals | 24.0 s Density: 12 signals | Last Trade: 255000 ms ago
2020-09-13 21:02:37,000 - INFO - OperationLogger.src.trading.signal_generator - [SignalGenerator_BACKTEST_SIGNAL_GEN] [STATUS_HEARTBEAT] Indicators: SMA: FRESH (0ms ago) | EMA: FRESH (1000ms ago) | PRICE: FRESH (1000ms ago)
2020-09-13 21:02:49,000 - INFO - OperationLogger.src.strategy.strategy_manager - [StrategyManager_STRATEGY_MANAGER] [STRATEGY_STATS] Signal Counts (1m): ema_trend_follow: 3, price_moving_average_buy: 2, ema_sma_divergence: 2, golden_cross: 1
2020-09-13 21:02:49,000 - INFO - OperationLogger.src.trading.trade_manager - [TradeManager_BACKTEST_TRADE_MANAGER] [STATUS_HEARTBEAT] Position: BUY (0.2040 BTC) | 120.0 s History: 60 signals | 60.0 s Density: 29 signals | 24.0 s Density: 12 signals | Last Trade: 267000 ms ago
2020-09-13 21:02:54,000 - INFO - OperationLogger.src.trading.signal_generator - [SignalGenerator_BACKTEST_SIGNAL_GEN] [STATUS_HEARTBEAT] Indicators: SMA: STALE (5000ms ago) | EMA: STALE (5000ms ago) | PRICE: STALE (5000ms ago)
2020-09-13 21:03:03,000 - INFO - OperationLogger.src.strategy.strategy_manager - [StrategyManager_STRATEGY_MANAGER] [STRATEGY_STATS] Signal Counts (1m): price_moving_average_buy: 3, golden_cross: 2, ema_trend_follow: 2, ema_sma_divergence: 2
2020-09-13 21:03:03,000 - INFO - OperationLogger.src.trading.trade_manager - [TradeManager_BACKTEST_TRADE_MANAGER] [STATUS_HEARTBEAT] Position: BUY (0.2040 BTC) | 120.0 s History: 61 signals | 60.0 s Density: 30 signals | 24.0 s Density: 12 signals | Last Trade: 281000 ms ago
2020-09-13 21:03:07,000 - INFO - OperationLogger.src.trading.signal_generator - [SignalGenerator_BACKTEST_SIGNAL_GEN] [STATUS_HEARTBEAT] Indicators: SMA: FRESH (4000ms ago) | EMA: FRESH (4000ms ago) | PRICE: FRESH (4000ms ago)
2020-09-13 21:03:11,000 - INFO - OperationLogger.src.strategy.strategy_manager - [StrategyManager_STRATEGY_MANAGER] [STRATEGY_STATS] Signal Counts (1m): ema_trend_follow: 2, price_moving_average_buy: 1, ema_sma_divergence: 1, golden_cross: 1
2020-09-13 21:03:12,000 - INFO - OperationLogger.src.trading.trade_manager - [TradeManager_BACKTEST_TRADE_MANAGER] [STATUS_HEARTBEAT] Position: BUY (0.2040 BTC) | 120.0 s History: 60 signals | 60.0 s Density: 29 signals | 24.0 s Density: 12 signals | Last Trade: 290000 ms ago
2020-09-13 21:03:18,000 - INFO - OperationLogger.src.trading.signal_generator - [SignalGenerator_BACKTEST_SIGNAL_GEN] [STATUS_HEARTBEAT] Indicators: SMA: FRESH (2000ms ago) | EMA: FRESH (2000ms ago) | PRICE: FRESH (2000ms ago)
2020-09-13 21:03:25,000 - INFO - OperationLogger.src.trading.trade_manager - [TradeManager_BACKTEST_TRADE_MANAGER] [STATUS_HEARTBEAT] Position: BUY (0.2040 BTC) | 120.0 s History: 58 signals | 60.0 s Density: 28 signals | 24.0 s Density: 11 signals | Last Trade: 303000 ms ago
2020-09-13 21:03:25,000 - INFO - OperationLogger.src.strategy.strategy_manager - [StrategyManager_STRATEGY_MANAGER] [STRATEGY_STATS] Signal Counts (1m): ema_trend_follow: 2, price_moving_average_buy: 2, ema_sma_divergence: 2, golden_cross: 1
2020-09-13 21:03:27,000 - INFO - OperationLogger.src.trading.signal_generator - [SignalGenerator_BACKTEST_SIGNAL_GEN] [STATUS_HEARTBEAT] Indicators: SMA: FRESH (2000ms ago) | EMA: FRESH (2000ms ago) | PRICE: FRESH (2000ms ago)
2020-09-13 21:03:33,000 - INFO - OperationLogger.src.trading.trade_manager - [TradeManager_BACKTEST_TRADE_MANAGER] [STATUS_HEARTBEAT] Position: BUY (0.2040 BTC) | 120.0 s History: 59 signals | 60.0 s Density: 30 signals | 24.0 s Density: 13 signals | Last Trade: 311000 ms ago
2020-09-13 21:03:33,000 - INFO - OperationLogger.src.strategy.strategy_manager - [StrategyManager_STRATEGY_MANAGER] [STRATEGY_STATS] Signal Counts (1m): golden_cross: 2, ema_trend_follow: 2, price_moving_average_buy: 1, ema_sma_divergence: 1
2020-09-13 21:03:36,000 - INFO - OperationLogger.src.trading.signal_generator - [SignalGenerator_BACKTEST_SIGNAL_GEN] [STATUS_HEARTBEAT] Indicators: SMA: FRESH (0ms ago) | EMA: FRESH (1000ms ago) | PRICE: FRESH (1000ms ago)
2020-09-13 21:03:43,000 - INFO - OperationLogger.src.trading.trade_manager - [TradeManager_BACKTEST_TRADE_MANAGER] [STATUS_HEARTBEAT] Position: BUY (0.2040 BTC) | 120.0 s History: 58 signals | 60.0 s Density: 29 signals | 24.0 s Density: 11 signals | Last Trade: 321000 ms ago
2020-09-13 21:03:43,000 - INFO - OperationLogger.src.strategy.strategy_manager - [StrategyManager_STRATEGY_MANAGER] [STRATEGY_STATS] Signal Counts (1m): price_moving_average_buy: 2, ema_sma_divergence: 2, ema_trend_follow: 1, golden_cross: 1
2020-09-13 21:03:46,000 - INFO - OperationLogger.src.trading.signal_generator - [SignalGenerator_BACKTEST_SIGNAL_GEN] [STATUS_HEARTBEAT] Indicators: SMA: FRESH (2000ms ago) | EMA: FRESH (2000ms ago) | PRICE: FRESH (2000ms ago)
2020-09-13 21:03:55,000 - INFO - OperationLogger.src.trading.trade_manager - [TradeManager_BACKTEST_TRADE_MANAGER] [STATUS_HEARTBEAT] Position: BUY (0.2040 BTC) | 120.0 s History: 57 signals | 60.0 s Density: 28 signals | 24.0 s Density: 12 signals | Last Trade: 333000 ms ago
2020-09-13 21:03:55,000 - INFO - OperationLogger.src.strategy.strategy_manager - [StrategyManager_STRATEGY_MANAGER] [STRATEGY_STATS] Signal Counts (1m): ema_trend_follow: 3, golden_cross: 2, price_moving_average_buy: 2, ema_sma_divergence: 1
2020-09-13 21:03:59,000 - INFO - OperationLogger.src.trading.signal_generator - [SignalGenerator_BACKTEST_SIGNAL_GEN] [STATUS_HEARTBEAT] Indicators: SMA: FRESH (0ms ago) | EMA: FRESH (3000ms ago) | PRICE: FRESH (3000ms ago)
2020-09-13 21:04:03,000 - INFO - OperationLogger.src.trading.trade_manager - [TradeManager_BACKTEST_TRADE_MANAGER] [STATUS_HEARTBEAT] Position: BUY (0.2040 BTC) | 120.0 s History: 58 signals | 60.0 s Density: 30 signals | 24.0 s Density: 13 signals | Last Trade: 341000 ms ago
2020-09-13 21:04:03,000 - INFO - OperationLogger.src.strategy.strategy_manager - [StrategyManager_STRATEGY_MANAGER] [STRATEGY_STATS] Signal Counts (1m): ema_sma_divergence: 1, ema_trend_follow: 1, price_moving_average_buy: 1, golden_cross: 1
2020-09-13 21:04:10,000 - INFO - OperationLogger.src.trading.signal_generator - [SignalGenerator_BACKTEST_SIGNAL_GEN] [STATUS_HEARTBEAT] Indicators: SMA: FRESH (1000ms ago) | EMA: FRESH (1000ms ago) | PRICE: FRESH (2000ms ago)
2020-09-13 21:04:14,000 - INFO - OperationLogger.src.trading.trade_manager - [TradeManager_BACKTEST_TRADE_MANAGER] [STATUS_HEARTBEAT] Position: BUY (0.2040 BTC) | 120.0 s History: 58 signals | 60.0 s Density: 29 signals | 24.0 s Density: 12 signals | Last Trade: 352000 ms ago
2020-09-13 21:04:16,000 - INFO - OperationLogger.src.strategy.strategy_manager - [StrategyManager_STRATEGY_MANAGER] [STRATEGY_STATS] Signal Counts (1m): ema_sma_divergence: 2, ema_trend_follow: 2, price_moving_average_buy: 2, golden_cross: 1
2020-09-13 21:04:20,000 - INFO - OperationLogger.src.trading.signal_generator - [SignalGenerator_BACKTEST_SIGNAL_GEN] [STATUS_HEARTBEAT] Indicators: SMA: FRESH (0ms ago) | EMA: FRESH (2000ms ago) | PRICE: FRESH (2000ms ago)
2020-09-13 21:04:22,000 - INFO - OperationLogger.src.trading.trade_manager - [TradeManager_BACKTEST_TRADE_MANAGER] [STATUS_HEARTBEAT] Position: BUY (0.2040 BTC) | 120.0 s History: 58 signals | 60.0 s Density: 29 signals | 24.0 s Density: 13 signals | Last Trade: 360000 ms ago
2020-09-13 21:04:22,000 - INFO - OperationLogger.src.strategy.strategy_manager - [StrategyManager_STRATEGY_MANAGER] [STRATEGY_STATS] Signal Counts (1m): golden_cross: 1, ema_trend_follow: 2, price_moving_average_buy: 2, ema_sma_divergence: 1
2020-09-13 21:04:30,000 - INFO - OperationLogger.src.trading.signal_generator - [SignalGenerator_BACKTEST_SIGNAL_GEN] [STATUS_HEARTBEAT] Indicators: SMA: FRESH (1000ms ago) | EMA: FRESH (1000ms ago) | PRICE: FRESH (4000ms ago)
2020-09-13 21:04:32,000 - INFO - OperationLogger.src.strategy.strategy_manager - [StrategyManager_STRATEGY_MANAGER] [STRATEGY_STATS] Signal Counts (1m): golden_cross: 2, ema_sma_divergence: 2, price_moving_average_buy: 1, ema_trend_follow: 1
2020-09-13 21:04:32,000 - INFO - OperationLogger.src.trading.trade_manager - [TradeManager_BACKTEST_TRADE_MANAGER] [STATUS_HEARTBEAT] Position: BUY (0.2040 BTC) | 120.0 s History: 58 signals | 60.0 s Density: 30 signals | 24.0 s Density: 12 signals | Last Trade: 370000 ms ago
2020-09-13 21:04:45,000 - INFO - OperationLogger.src.trading.signal_generator - [SignalGenerator_BACKTEST_SIGNAL_GEN] [STATUS_HEARTBEAT] Indicators: SMA: FRESH (4000ms ago) | EMA: FRESH (4000ms ago) | PRICE: FRESH (4000ms ago)
2020-09-13 21:04:46,000 - INFO - OperationLogger.src.strategy.strategy_manager - [StrategyManager_STRATEGY_MANAGER] [STRATEGY_STATS] Signal Counts (1m): price_moving_average_buy: 3, ema_trend_follow: 2, ema_sma_divergence: 2, golden_cross: 1
2020-09-13 21:04:46,000 - INFO - OperationLogger.src.trading.trade_manager - [TradeManager_BACKTEST_TRADE_MANAGER] [STATUS_HEARTBEAT] Position: BUY (0.2040 BTC) | 120.0 s History: 56 signals | 60.0 s Density: 29 signals | 24.0 s Density: 12 signals | Last Trade: 384000 ms ago
2020-09-13 21:05:02,000 - INFO - OperationLogger.src.strategy.strategy_manager - [StrategyManager_STRATEGY_MANAGER] [STRATEGY_STATS] Signal Counts (1m): golden_cross: 3, ema_trend_follow: 3, ema_sma_divergence: 2, price_moving_average_buy: 2
2020-09-13 21:05:02,000 - INFO - OperationLogger.src.trading.signal_generator - [SignalGenerator_BACKTEST_SIGNAL_GEN] [STATUS_HEARTBEAT] Indicators: SMA: FRESH (2000ms ago) | EMA: FRESH (3000ms ago) | PRICE: FRESH (3000ms ago)
2020-09-13 21:05:02,000 - INFO - OperationLogger.src.trading.trade_manager - [TradeManager_BACKTEST_TRADE_MANAGER] [STATUS_HEARTBEAT] Position: BUY (0.2040 BTC) | 120.0 s History: 58 signals | 60.0 s Density: 30 signals | 24.0 s Density: 12 signals | Last Trade: 400000 ms ago
2020-09-13 21:05:23,000 - INFO - OperationLogger.src.strategy.strategy_manager - [StrategyManager_STRATEGY_MANAGER] [STRATEGY_STATS] Signal Counts (1m): price_moving_average_buy: 4, ema_sma_divergence: 3, ema_trend_follow: 4, golden_cross: 3
2020-09-13 21:05:23,000 - INFO - OperationLogger.src.trading.signal_generator - [SignalGenerator_BACKTEST_SIGNAL_GEN] [STATUS_HEARTBEAT] Indicators: SMA: FRESH (2000ms ago) | EMA: FRESH (2000ms ago) | PRICE: FRESH (2000ms ago)
2020-09-13 21:05:23,000 - INFO - OperationLogger.src.trading.trade_manager - [TradeManager_BACKTEST_TRADE_MANAGER] [STATUS_HEARTBEAT] Position: BUY (0.2040 BTC) | 120.0 s History: 58 signals | 60.0 s Density: 29 signals | 24.0 s Density: 14 signals | Last Trade: 421000 ms ago
2020-09-13 21:05:34,000 - INFO - OperationLogger.src.strategy.strategy_manager - [StrategyManager_STRATEGY_MANAGER] [STRATEGY_STATS] Signal Counts (1m): ema_sma_divergence: 2, price_moving_average_buy: 2, ema_trend_follow: 2, golden_cross: 1
2020-09-13 21:05:34,000 - INFO - OperationLogger.src.trading.trade_manager - [TradeManager_BACKTEST_TRADE_MANAGER] [STATUS_HEARTBEAT] Position: BUY (0.2040 BTC) | 120.0 s History: 58 signals | 60.0 s Density: 30 signals | 24.0 s Density: 12 signals | Last Trade: 432000 ms ago
2020-09-13 21:05:37,000 - INFO - OperationLogger.src.trading.signal_generator - [SignalGenerator_BACKTEST_SIGNAL_GEN] [STATUS_HEARTBEAT] Indicators: SMA: FRESH (3000ms ago) | EMA: FRESH (3000ms ago) | PRICE: FRESH (3000ms ago)
2020-09-13 21:05:43,000 - INFO - OperationLogger.src.strategy.strategy_manager - [StrategyManager_STRATEGY_MANAGER] [STRATEGY_STATS] Signal Counts (1m): ema_sma_divergence: 2, ema_trend_follow: 2, price_moving_average_buy: 1, golden_cross: 1
2020-09-13 21:05:44,000 - INFO - OperationLogger.src.trading.trade_manager - [TradeManager_BACKTEST_TRADE_MANAGER] [STATUS_HEARTBEAT] Position: BUY (0.2040 BTC) | 120.0 s History: 59 signals | 60.0 s Density: 30 signals | 24.0 s Density: 11 signals | Last Trade: 442000 ms ago
2020-09-13 21:05:47,000 - INFO - OperationLogger.src.trading.signal_generator - [SignalGenerator_BACKTEST_SIGNAL_GEN] [STATUS_HEARTBEAT] Indicators: SMA: FRESH (3000ms ago) | EMA: FRESH (4000ms ago) | PRICE: FRESH (4000ms ago)
2020-09-13 21:05:52,000 - INFO - OperationLogger.src.strategy.strategy_manager - [StrategyManager_STRATEGY_MANAGER] [STRATEGY_STATS] Signal Counts (1m): price_moving_average_buy: 2, golden_cross: 1, ema_trend_follow: 1, ema_sma_divergence: 1
2020-09-13 21:05:52,000 - INFO - OperationLogger.src.trading.trade_manager - [TradeManager_BACKTEST_TRADE_MANAGER] [STATUS_HEARTBEAT] Position: BUY (0.2040 BTC) | 120.0 s History: 58 signals | 60.0 s Density: 30 signals | 24.0 s Density: 11 signals | Last Trade: 450000 ms ago
2020-09-13 21:05:58,000 - INFO - OperationLogger.src.trading.signal_generator - [SignalGenerator_BACKTEST_SIGNAL_GEN] [STATUS_HEARTBEAT] Indicators: SMA: STALE (6000ms ago) | EMA: STALE (6000ms ago) | PRICE: STALE (6000ms ago)
2020-09-13 21:06:04,000 - INFO - OperationLogger.src.strategy.strategy_manager - [StrategyManager_STRATEGY_MANAGER] [STRATEGY_STATS] Signal Counts (1m): ema_trend_follow: 2, golden_cross: 2, ema_sma_divergence: 2, price_moving_average_buy: 2
2020-09-13 21:06:04,000 - INFO - OperationLogger.src.trading.trade_manager - [TradeManager_BACKTEST_TRADE_MANAGER] [STATUS_HEARTBEAT] Position: BUY (0.2040 BTC) | 120.0 s History: 58 signals | 60.0 s Density: 30 signals | 24.0 s Density: 11 signals | Last Trade: 462000 ms ago
2020-09-13 21:06:06,000 - INFO - OperationLogger.src.trading.signal_generator - [SignalGenerator_BACKTEST_SIGNAL_GEN] [STATUS_HEARTBEAT] Indicators: SMA: FRESH (1000ms ago) | EMA: FRESH (1000ms ago) | PRICE: FRESH (1000ms ago)
2020-09-13 21:06:12,000 - INFO - OperationLogger.src.strategy.strategy_manager - [StrategyManager_STRATEGY_MANAGER] [STRATEGY_STATS] Signal Counts (1m): ema_trend_follow: 2, price_moving_average_buy: 2, golden_cross: 1, ema_sma_divergence: 1
2020-09-13 21:06:12,000 - INFO - OperationLogger.src.trading.trade_manager - [TradeManager_BACKTEST_TRADE_MANAGER] [STATUS_HEARTBEAT] Position: BUY (0.2040 BTC) | 120.0 s History: 60 signals | 60.0 s Density: 31 signals | 24.0 s Density: 13 signals | Last Trade: 470000 ms ago
2020-09-13 21:06:15,000 - INFO - OperationLogger.src.trading.signal_generator - [SignalGenerator_BACKTEST_SIGNAL_GEN] [STATUS_HEARTBEAT] Indicators: SMA: FRESH (2000ms ago) | EMA: FRESH (2000ms ago) | PRICE: FRESH (2000ms ago)
2020-09-13 21:06:18,000 - INFO - OperationLogger.src.strategy.strategy_manager - [StrategyManager_STRATEGY_MANAGER] [STRATEGY_STATS] Signal Counts (1m): ema_sma_divergence: 1, golden_cross: 1, ema_trend_follow: 1, price_moving_average_buy: 1
2020-09-13 21:06:18,000 - INFO - OperationLogger.src.trading.trade_manager - [TradeManager_BACKTEST_TRADE_MANAGER] [STATUS_HEARTBEAT] Position: BUY (0.2040 BTC) | 120.0 s History: 58 signals | 60.0 s Density: 30 signals | 24.0 s Density: 14 signals | Last Trade: 476000 ms ago
2020-09-13 21:06:22,000 - INFO - OperationLogger.src.trading.signal_generator - [SignalGenerator_BACKTEST_SIGNAL_GEN] [STATUS_HEARTBEAT] Indicators: SMA: FRESH (1000ms ago) | EMA: FRESH (1000ms ago) | PRICE: FRESH (1000ms ago)
2020-09-13 21:06:27,000 - INFO - OperationLogger.src.strategy.strategy_manager - [StrategyManager_STRATEGY_MANAGER] [STRATEGY_STATS] Signal Counts (1m): ema_sma_divergence: 2, ema_trend_follow: 1, price_moving_average_buy: 1, golden_cross: 1
2020-09-13 21:06:27,000 - INFO - OperationLogger.src.trading.trade_manager - [TradeManager_BACKTEST_TRADE_MANAGER] [STATUS_HEARTBEAT] Position: BUY (0.2040 BTC) | 120.0 s History: 58 signals | 60.0 s Density: 30 signals | 24.0 s Density: 12 signals | Last Trade: 485000 ms ago
2020-09-13 21:06:30,000 - INFO - OperationLogger.src.trading.signal_generator - [SignalGenerator_BACKTEST_SIGNAL_GEN] [STATUS_HEARTBEAT] Indicators: SMA: FRESH (0ms ago) | EMA: FRESH (0ms ago) | PRICE: FRESH (1000ms ago)
2020-09-13 21:06:34,000 - INFO - OperationLogger.src.strategy.strategy_manager - [StrategyManager_STRATEGY_MANAGER] [STRATEGY_STATS] Signal Counts (1m): ema_trend_follow: 2, price_moving_average_buy: 2, ema_sma_divergence: 1, golden_cross: 1
2020-09-13 21:06:38,000 - INFO - OperationLogger.src.trading.trade_manager - [TradeManager_BACKTEST_TRADE_MANAGER] [STATUS_HEARTBEAT] Position: BUY (0.2040 BTC) | 120.0 s History: 58 signals | 60.0 s Density: 29 signals | 24.0 s Density: 11 signals | Last Trade: 496000 ms ago
2020-09-13 21:06:46,000 - INFO - OperationLogger.src.trading.signal_generator - [SignalGenerator_BACKTEST_SIGNAL_GEN] [STATUS_HEARTBEAT] Indicators: SMA: FRESH (4000ms ago) | EMA: FRESH (4000ms ago) | PRICE: STALE (6000ms ago)
2020-09-13 21:06:48,000 - INFO - OperationLogger.src.strategy.strategy_manager - [StrategyManager_STRATEGY_MANAGER] [STRATEGY_STATS] Signal Counts (1m): ema_trend_follow: 2, price_moving_average_buy: 2, ema_sma_divergence: 2, golden_cross: 1
2020-09-13 21:06:49,000 - INFO - OperationLogger.src.trading.trade_manager - [TradeManager_BACKTEST_TRADE_MANAGER] [STATUS_HEARTBEAT] Position: BUY (0.2040 BTC) | 120.0 s History: 58 signals | 60.0 s Density: 29 signals | 24.0 s Density: 11 signals | Last Trade: 507000 ms ago
2020-09-13 21:06:51,000 - INFO - OperationLogger.src.data.data_manager - [DataManager_BACKTEST_DATA_MANAGER] [DATA_CLEANUP] Action: skipped | Rows: 2411 | All within 1h retention window
2020-09-13 21:06:58,000 - INFO - OperationLogger.src.trading.signal_generator - [SignalGenerator_BACKTEST_SIGNAL_GEN] [STATUS_HEARTBEAT] Indicators: SMA: FRESH (0ms ago) | EMA: FRESH (0ms ago) | PRICE: FRESH (0ms ago)
2020-09-13 21:07:04,000 - INFO - OperationLogger.src.strategy.strategy_manager - [StrategyManager_STRATEGY_MANAGER] [STRATEGY_STATS] Signal Counts (1m): golden_cross: 2, ema_trend_follow: 3, price_moving_average_buy: 2, ema_sma_divergence: 2
2020-09-13 21:07:04,000 - INFO - OperationLogger.src.trading.trade_manager - [TradeManager_BACKTEST_TRADE_MANAGER] [STATUS_HEARTBEAT] Position: BUY (0.2040 BTC) | 120.0 s History: 58 signals | 60.0 s Density: 28 signals | 24.0 s Density: 10 signals | Last Trade: 522000 ms ago
2020-09-13 21:07:10,000 - INFO - OperationLogger.src.trading.signal_generator - [SignalGenerator_BACKTEST_SIGNAL_GEN] [STATUS_HEARTBEAT] Indicators: SMA: FRESH (2000ms ago) | EMA: FRESH (2000ms ago) | PRICE: FRESH (3000ms ago)
2020-09-13 21:07:10,000 - INFO - OperationLogger.src.strategy.strategy_manager - [StrategyManager_STRATEGY_MANAGER] [STRATEGY_STATS] Signal Counts (1m): golden_cross: 1, ema_trend_follow: 1, price_moving_average_sell: 1, ema_sma_divergence: 1
2020-09-13 21:07:12,000 - INFO - OperationLogger.src.trading.trade_manager - [TradeManager_BACKTEST_TRADE_MANAGER] [STATUS_HEARTBEAT] Position: BUY (0.2040 BTC) | 120.0 s History: 57 signals | 60.0 s Density: 28 signals | 24.0 s Density: 11 signals | Last Trade: 530000 ms ago
2020-09-13 21:07:18,000 - INFO - OperationLogger.src.trading.signal_generator - [SignalGenerator_BACKTEST_SIGNAL_GEN] [STATUS_HEARTBEAT] Indicators: SMA: FRESH (0ms ago) | EMA: FRESH (0ms ago) | PRICE: FRESH (1000ms ago)
2020-09-13 21:07:21,000 - INFO - OperationLogger.src.strategy.strategy_manager - [StrategyManager_STRATEGY_MANAGER] [STRATEGY_STATS] Signal Counts (1m): ema_trend_follow: 2, golden_cross: 2, price_moving_average_sell: 1, ema_sma_divergence: 1
2020-09-13 21:07:21,000 - INFO - OperationLogger.src.trading.trade_manager - [TradeManager_BACKTEST_TRADE_MANAGER] [STATUS_HEARTBEAT] Position: BUY (0.2040 BTC) | 120.0 s History: 57 signals | 60.0 s Density: 28 signals | 24.0 s Density: 11 signals | Last Trade: 539000 ms ago
2020-09-13 21:07:32,000 - INFO - OperationLogger.src.trading.signal_generator - [SignalGenerator_BACKTEST_SIGNAL_GEN] [STATUS_HEARTBEAT] Indicators: SMA: FRESH (2000ms ago) | EMA: FRESH (2000ms ago) | PRICE: FRESH (2000ms ago)
2020-09-13 21:07:32,000 - INFO - OperationLogger.src.strategy.strategy_manager - [StrategyManager_STRATEGY_MANAGER] [STRATEGY_STATS] Signal Counts (1m): ema_sma_divergence: 2, ema_trend_follow: 2, price_moving_average_sell: 1, golden_cross: 1, price_moving_average_buy: 1
2020-09-13 21:07:32,000 - INFO - OperationLogger.src.trading.trade_manager - [TradeManager_BACKTEST_TRADE_MANAGER] [STATUS_HEARTBEAT] Position: BUY (0.2040 BTC) | 120.0 s History: 57 signals | 60.0 s Density: 28 signals | 24.0 s Density: 11 signals | Last Trade: 550000 ms ago
2020-09-13 21:07:44,000 - INFO - OperationLogger.src.strategy.strategy_manager - [StrategyManager_STRATEGY_MANAGER] [STRATEGY_STATS] Signal Counts (1m): golden_cross: 2, ema_trend_follow: 2, ema_sma_divergence: 2, price_moving_average_sell: 1
2020-09-13 21:07:45,000 - INFO - OperationLogger.src.trading.signal_generator - [SignalGenerator_BACKTEST_SIGNAL_GEN] [STATUS_HEARTBEAT] Indicators: SMA: FRESH (4000ms ago) | EMA: FRESH (4000ms ago) | PRICE: FRESH (4000ms ago)
2020-09-13 21:07:45,000 - INFO - OperationLogger.src.trading.trade_manager - [TradeManager_BACKTEST_TRADE_MANAGER] [STATUS_HEARTBEAT] Position: BUY (0.2040 BTC) | 120.0 s History: 56 signals | 60.0 s Density: 27 signals | 24.0 s Density: 11 signals | Last Trade: 563000 ms ago
2020-09-13 21:07:49,000 - INFO - OperationLogger.src.strategy.strategy_manager - [StrategyManager_STRATEGY_MANAGER] [STRATEGY_STATS] Signal Counts (1m): ema_sma_divergence: 1, ema_trend_follow: 1, price_moving_average_buy: 1, golden_cross: 1
2020-09-13 21:07:53,000 - INFO - OperationLogger.src.trading.trade_manager - [TradeManager_BACKTEST_TRADE_MANAGER] [STATUS_HEARTBEAT] Position: BUY (0.2040 BTC) | 120.0 s History: 55 signals | 60.0 s Density: 26 signals | 24.0 s Density: 11 signals | Last Trade: 571000 ms ago
2020-09-13 21:07:53,000 - INFO - OperationLogger.src.trading.signal_generator - [SignalGenerator_BACKTEST_SIGNAL_GEN] [STATUS_HEARTBEAT] Indicators: SMA: FRESH (4000ms ago) | EMA: FRESH (4000ms ago) | PRICE: FRESH (4000ms ago)
2020-09-13 21:08:01,000 - INFO - OperationLogger.src.strategy.strategy_manager - [StrategyManager_STRATEGY_MANAGER] [STRATEGY_STATS] Signal Counts (1m): ema_sma_divergence: 1, ema_trend_follow: 1, death_cross: 1, price_moving_average_buy: 1
2020-09-13 21:08:01,000 - INFO - OperationLogger.src.trading.trade_manager - [TradeManager_BACKTEST_TRADE_MANAGER] [STATUS_HEARTBEAT] Position: BUY (0.2040 BTC) | 120.0 s History: 55 signals | 60.0 s Density: 26 signals | 24.0 s Density: 9 signals | Last Trade: 579000 ms ago
2020-09-13 21:08:01,000 - INFO - OperationLogger.src.trading.signal_generator - [SignalGenerator_BACKTEST_SIGNAL_GEN] [STATUS_HEARTBEAT] Indicators: SMA: FRESH (0ms ago) | EMA: FRESH (3000ms ago) | PRICE: FRESH (3000ms ago)
2020-09-13 21:08:14,000 - INFO - OperationLogger.src.strategy.strategy_manager - [StrategyManager_STRATEGY_MANAGER] [STRATEGY_STATS] Signal Counts (1m): ema_sma_divergence: 2, ema_trend_follow: 1, price_moving_average_sell: 2, death_cross: 1, ema_trend_follow_sell: 1
2020-09-13 21:08:14,000 - INFO - OperationLogger.src.trading.trade_manager - [TradeManager_BACKTEST_TRADE_MANAGER] [STATUS_HEARTBEAT] Position: BUY (0.2040 BTC) | 120.0 s History: 55 signals | 60.0 s Density: 29 signals | 24.0 s Density: 11 signals | Last Trade: 592000 ms ago
2020-09-13 21:08:16,000 - INFO - OperationLogger.src.trading.signal_generator - [SignalGenerator_BACKTEST_SIGNAL_GEN] [STATUS_HEARTBEAT] Indicators: SMA: FRESH (2000ms ago) | EMA: FRESH (2000ms ago) | PRICE: FRESH (3000ms ago)
2020-09-13 21:08:27,000 - INFO - OperationLogger.src.strategy.strategy_manager - [StrategyManager_STRATEGY_MANAGER] [STRATEGY_STATS] Signal Counts (1m): death_cross: 2, ema_sma_divergence: 2, price_moving_average_sell: 3, ema_trend_follow_sell: 3
2020-09-13 21:08:27,000 - INFO - OperationLogger.src.trading.trade_manager - [TradeManager_BACKTEST_TRADE_MANAGER] [STATUS_HEARTBEAT] Position: BUY (0.2040 BTC) | 120.0 s History: 54 signals | 60.0 s Density: 28 signals | 24.0 s Density: 13 signals | Last Trade: 605000 ms ago
2020-09-13 21:08:27,000 - INFO - OperationLogger.src.trading.signal_generator - [SignalGenerator_BACKTEST_SIGNAL_GEN] [STATUS_HEARTBEAT] Indicators: SMA: FRESH (0ms ago) | EMA: FRESH (0ms ago) | PRICE: FRESH (3000ms ago)
2020-09-13 21:08:33,000 - INFO - OperationLogger.src.strategy.strategy_manager - [StrategyManager_STRATEGY_MANAGER] [STRATEGY_STATS] Signal Counts (1m): ema_sma_divergence: 1, death_cross: 1, price_moving_average_sell: 1, ema_trend_follow_sell: 1
2020-09-13 21:08:33,000 - INFO - OperationLogger.src.trading.trade_manager - [TradeManager_BACKTEST_TRADE_MANAGER] [STATUS_HEARTBEAT] Position: BUY (0.2040 BTC) | 120.0 s History: 55 signals | 60.0 s Density: 27 signals | 24.0 s Density: 13 signals | Last Trade: 611000 ms ago
2020-09-13 21:08:36,000 - INFO - OperationLogger.src.trading.signal_generator - [SignalGenerator_BACKTEST_SIGNAL_GEN] [STATUS_HEARTBEAT] Indicators: SMA: FRESH (3000ms ago) | EMA: FRESH (3000ms ago) | PRICE: FRESH (3000ms ago)
2020-09-13 21:08:42,000 - INFO - OperationLogger.src.strategy.strategy_manager - [StrategyManager_STRATEGY_MANAGER] [STRATEGY_STATS] Signal Counts (1m): death_cross: 2, ema_sma_divergence: 1, price_moving_average_sell: 2, ema_trend_follow_sell: 2
2020-09-13 21:08:44,000 - INFO - OperationLogger.src.trading.trade_manager - [TradeManager_BACKTEST_TRADE_MANAGER] [STATUS_HEARTBEAT] Position: BUY (0.2040 BTC) | 120.0 s History: 55 signals | 60.0 s Density: 28 signals | 24.0 s Density: 12 signals | Last Trade: 622000 ms ago
2020-09-13 21:08:44,000 - INFO - OperationLogger.src.trading.signal_generator - [SignalGenerator_BACKTEST_SIGNAL_GEN] [STATUS_HEARTBEAT] Indicators: SMA: FRESH (0ms ago) | EMA: FRESH (0ms ago) | PRICE: FRESH (0ms ago)
2020-09-13 21:08:50,000 - INFO - OperationLogger.src.strategy.strategy_manager - [StrategyManager_STRATEGY_MANAGER] [STRATEGY_STATS] Signal Counts (1m): ema_sma_divergence: 2, price_moving_average_sell: 1, ema_trend_follow_sell: 1, death_cross: 1
2020-09-13 21:08:50,000 - INFO - OperationLogger.src.trading.trade_manager - [TradeManager_BACKTEST_TRADE_MANAGER] [STATUS_HEARTBEAT] Position: BUY (0.2040 BTC) | 120.0 s History: 56 signals | 60.0 s Density: 28 signals | 24.0 s Density: 13 signals | Last Trade: 628000 ms ago
2020-09-13 21:08:53,000 - INFO - OperationLogger.src.trading.signal_generator - [SignalGenerator_BACKTEST_SIGNAL_GEN] [STATUS_HEARTBEAT] Indicators: SMA: FRESH (1000ms ago) | EMA: FRESH (2000ms ago) | PRICE: FRESH (2000ms ago)
2020-09-13 21:08:57,000 - INFO - OperationLogger.src.strategy.strategy_manager - [StrategyManager_STRATEGY_MANAGER] [STRATEGY_STATS] Signal Counts (1m): price_moving_average_sell: 2, ema_trend_follow_sell: 1, ema_sma_divergence: 1, death_cross: 1
2020-09-13 21:08:57,000 - INFO - OperationLogger.src.trading.trade_manager - [TradeManager_BACKTEST_TRADE_MANAGER] [STATUS_HEARTBEAT] Position: BUY (0.2040 BTC) | 120.0 s History: 57 signals | 60.0 s Density: 33 signals | 24.0 s Density: 14 signals | Last Trade: 635000 ms ago
2020-09-13 21:09:01,000 - INFO - OperationLogger.src.trading.signal_generator - [SignalGenerator_BACKTEST_SIGNAL_GEN] [STATUS_HEARTBEAT] Indicators: SMA: FRESH (0ms ago) | EMA: FRESH (3000ms ago) | PRICE: FRESH (3000ms ago)
2020-09-13 21:09:08,000 - INFO - OperationLogger.src.strategy.strategy_manager - [StrategyManager_STRATEGY_MANAGER] [STRATEGY_STATS] Signal Counts (1m): ema_trend_follow_sell: 2, ema_sma_divergence: 1, price_moving_average_sell: 2, death_cross: 1
2020-09-13 21:09:09,000 - INFO - OperationLogger.src.trading.trade_manager - [TradeManager_BACKTEST_TRADE_MANAGER] [STATUS_HEARTBEAT] Position: BUY (0.2040 BTC) | 120.0 s History: 57 signals | 60.0 s Density: 32 signals | 24.0 s Density: 13 signals | Last Trade: 647000 ms ago
2020-09-13 21:09:13,000 - INFO - OperationLogger.src.trading.signal_generator - [SignalGenerator_BACKTEST_SIGNAL_GEN] [STATUS_HEARTBEAT] Indicators: SMA: FRESH (3000ms ago) | EMA: FRESH (3000ms ago) | PRICE: FRESH (3000ms ago)
2020-09-13 21:09:13,000 - INFO - OperationLogger.src.strategy.strategy_manager - [StrategyManager_STRATEGY_MANAGER] [STRATEGY_STATS] Signal Counts (1m): ema_sma_divergence: 1, ema_trend_follow_sell: 1, death_cross: 1, price_moving_average_sell: 1
2020-09-13 21:09:13,000 - INFO - OperationLogger.src.trading.trade_manager - [TradeManager_BACKTEST_TRADE_MANAGER] [STATUS_HEARTBEAT] Position: BUY (0.2040 BTC) | 120.0 s History: 58 signals | 60.0 s Density: 32 signals | 24.0 s Density: 13 signals | Last Trade: 651000 ms ago
2020-09-13 21:09:19,000 - INFO - OperationLogger.src.trading.signal_generator - [SignalGenerator_BACKTEST_SIGNAL_GEN] [STATUS_HEARTBEAT] Indicators: SMA: FRESH (0ms ago) | EMA: FRESH (0ms ago) | PRICE: FRESH (0ms ago)
2020-09-13 21:09:22,000 - INFO - TradingLogger.src.trading.trade_manager - [TradeManager_BACKTEST_TRADE_MANAGER] Trade Signal: SELL Entry Price: 67413.5 Amount: 2593.97 USDT or 0.395 BTC It is a REVERSE order.
2020-09-13 21:09:23,000 - INFO - OperationLogger.src.strategy.strategy_manager - [StrategyManager_STRATEGY_MANAGER] [STRATEGY_STATS] Signal Counts (1m): ema_sma_divergence: 2, ema_trend_follow_sell: 2, price_moving_average_sell: 1, death_cross: 1
2020-09-13 21:09:23,000 - INFO - OperationLogger.src.trading.trade_manager - [TradeManager_BACKTEST_TRADE_MANAGER] [STATUS_HEARTBEAT] Position: SELL (0.1910 BTC) | 120.0 s History: 57 signals | 60.0 s Density: 30 signals | 24.0 s Density: 11 signals | Last Trade: 1000 ms ago
2020-09-13 21:09:28,000 - INFO - OperationLogger.src.trading.signal_generator - [SignalGenerator_BACKTEST_SIGNAL_GEN] [STATUS_HEARTBEAT] Indicators: SMA: FRESH (0ms ago) | EMA: FRESH (0ms ago) | PRICE: FRESH (0ms ago)
2020-09-13 21:09:30,000 - INFO - OperationLogger.src.strategy.strategy_manager - [StrategyManager_STRATEGY_MANAGER] [STRATEGY_STATS] Signal Counts (1m): price_moving_average_sell: 1, ema_trend_follow_sell: 1, ema_sma_divergence: 1
2020-09-13 21:09:31,000 - INFO - OperationLogger.src.trading.trade_manager - [TradeManager_BACKTEST_TRADE_MANAGER] [STATUS_HEARTBEAT] Position: SELL (0.1910 BTC) | 120.0 s History: 56 signals | 60.0 s Density: 29 signals | 24.0 s Density: 11 signals | Last Trade: 9000 ms ago
2020-09-13 21:09:39,000 - INFO - OperationLogger.src.strategy.strategy_manager - [StrategyManager_STRATEGY_MANAGER] [STRATEGY_STATS] Signal Counts (1m): death_cross: 2, price_moving_average_sell: 2, ema_trend_follow_sell: 2, ema_sma_divergence: 1
2020-09-13 21:09:40,000 - INFO - OperationLogger.src.trading.trade_manager - [TradeManager_BACKTEST_TRADE_MANAGER] [STATUS_HEARTBEAT] Position: SELL (0.1910 BTC) | 120.0 s History: 58 signals | 60.0 s Density: 30 signals | 24.0 s Density: 12 signals | Last Trade: 18000 ms ago
2020-09-13 21:09:40,000 - INFO - OperationLogger.src.trading.signal_generator - [SignalGenerator_BACKTEST_SIGNAL_GEN] [STATUS_HEARTBEAT] Indicators: SMA: FRESH (1000ms ago) | EMA: FRESH (1000ms ago) | PRICE: FRESH (1000ms ago)
2020-09-13 21:09:48,000 - INFO - OperationLogger.src.trading.trade_manager - [TradeManager_BACKTEST_TRADE_MANAGER] [STATUS_HEARTBEAT] Position: SELL (0.1910 BTC) | 120.0 s History: 60 signals | 60.0 s Density: 30 signals | 24.0 s Density: 13 signals | Last Trade: 26000 ms ago
2020-09-13 21:09:48,000 - INFO - OperationLogger.src.strategy.strategy_manager - [StrategyManager_STRATEGY_MANAGER] [STRATEGY_STATS] Signal Counts (1m): price_moving_average_sell: 2, ema_trend_follow_sell: 2, ema_sma_divergence: 1, death_cross: 1
2020-09-13 21:09:48,000 - INFO - OperationLogger.src.trading.signal_generator - [SignalGenerator_BACKTEST_SIGNAL_GEN] [STATUS_HEARTBEAT] Indicators: SMA: FRESH (1000ms ago) | EMA: FRESH (2000ms ago) | PRICE: FRESH (2000ms ago)
2020-09-13 21:09:55,000 - INFO - OperationLogger.src.trading.trade_manager - [TradeManager_BACKTEST_TRADE_MANAGER] [STATUS_HEARTBEAT] Position: SELL (0.1910 BTC) | 120.0 s History: 60 signals | 60.0 s Density: 30 signals | 24.0 s Density: 13 signals | Last Trade: 33000 ms ago
2020-09-13 21:09:55,000 - INFO - OperationLogger.src.strategy.strategy_manager - [StrategyManager_STRATEGY_MANAGER] [STRATEGY_STATS] Signal Counts (1m): price_moving_average_sell: 1, ema_sma_divergence: 1, ema_trend_follow_sell: 1, death_cross: 1
2020-09-13 21:09:59,000 - INFO - OperationLogger.src.trading.signal_generator - [SignalGenerator_BACKTEST_SIGNAL_GEN] [STATUS_HEARTBEAT] Indicators: SMA: FRESH (4000ms ago) | EMA: FRESH (4000ms ago) | PRICE: FRESH (4000ms ago)
2020-09-13 21:10:14,000 - INFO - OperationLogger.src.trading.trade_manager - [TradeManager_BACKTEST_TRADE_MANAGER] [STATUS_HEARTBEAT] Position: SELL (0.1910 BTC) | 120.0 s History: 60 signals | 60.0 s Density: 28 signals | 24.0 s Density: 11 signals | Last Trade: 52000 ms ago
2020-09-13 21:10:14,000 - INFO - OperationLogger.src.strategy.strategy_manager - [StrategyManager_STRATEGY_MANAGER] [STRATEGY_STATS] Signal Counts (1m): ema_trend_follow_sell: 3, price_moving_average_sell: 3, ema_sma_divergence: 2, death_cross: 2
2020-09-13 21:10:14,000 - INFO - OperationLogger.src.trading.signal_generator - [SignalGenerator_BACKTEST_SIGNAL_GEN] [STATUS_HEARTBEAT] Indicators: SMA: FRESH (3000ms ago) | EMA: FRESH (3000ms ago) | PRICE: FRESH (3000ms ago)
2020-09-13 21:10:21,000 - INFO - OperationLogger.src.trading.trade_manager - [TradeManager_BACKTEST_TRADE_MANAGER] [STATUS_HEARTBEAT] Position: SELL (0.1910 BTC) | 120.0 s History: 60 signals | 60.0 s Density: 31 signals | 24.0 s Density: 13 signals | Last Trade: 59000 ms ago
2020-09-13 21:10:21,000 - INFO - OperationLogger.src.strategy.strategy_manager - [StrategyManager_STRATEGY_MANAGER] [STRATEGY_STATS] Signal Counts (1m): ema_trend_follow_sell: 2, ema_sma_divergence: 2, price_moving_average_sell: 2, death_cross: 1
2020-09-13 21:10:24,000 - INFO - OperationLogger.src.trading.signal_generator - [SignalGenerator_BACKTEST_SIGNAL_GEN] [STATUS_HEARTBEAT] Indicators: SMA: FRESH (2000ms ago) | EMA: FRESH (3000ms ago) | PRICE: FRESH (3000ms ago)
2020-09-13 21:10:28,000 - INFO - OperationLogger.src.trading.trade_manager - [TradeManager_BACKTEST_TRADE_MANAGER] [STATUS_HEARTBEAT] Position: SELL (0.1910 BTC) | 120.0 s History: 60 signals | 60.0 s Density: 30 signals | 24.0 s Density: 13 signals | Last Trade: 66000 ms ago
2020-09-13 21:10:28,000 - INFO - OperationLogger.src.strategy.strategy_manager - [StrategyManager_STRATEGY_MANAGER] [STRATEGY_STATS] Signal Counts (1m): ema_trend_follow_sell: 1, price_moving_average_sell: 1, ema_sma_divergence: 1, death_cross: 1
2020-09-13 21:10:28,000 - INFO - OperationLogger.src.trading.signal_generator - [SignalGenerator_BACKTEST_SIGNAL_GEN] [STATUS_HEARTBEAT] Indicators: SMA: FRESH (0ms ago) | EMA: FRESH (0ms ago) | PRICE: FRESH (1000ms ago)
2020-09-13 21:10:35,000 - INFO - OperationLogger.src.trading.trade_manager - [TradeManager_BACKTEST_TRADE_MANAGER] [STATUS_HEARTBEAT] Position: SELL (0.1910 BTC) | 120.0 s History: 59 signals | 60.0 s Density: 29 signals | 24.0 s Density: 10 signals | Last Trade: 73000 ms ago
2020-09-13 21:10:35,000 - INFO - OperationLogger.src.strategy.strategy_manager - [StrategyManager_STRATEGY_MANAGER] [STRATEGY_STATS] Signal Counts (1m): ema_trend_follow_sell: 1, price_moving_average_sell: 1, ema_sma_divergence: 1, death_cross: 1
2020-09-13 21:10:38,000 - INFO - OperationLogger.src.trading.signal_generator - [SignalGenerator_BACKTEST_SIGNAL_GEN] [STATUS_HEARTBEAT] Indicators: SMA: FRESH (0ms ago) | EMA: FRESH (2000ms ago) | PRICE: FRESH (2000ms ago)
