2026-03-03 00:33:39,452 - INFO - OperationLogger - [SERVICE_INIT] OperationLogger initialized
2026-03-03 00:33:39,452 - INFO - TradingLogger - [SERVICE_INIT] TradingLogger initialized
[BACKTEST] Time and Sleep have been successfully mocked.

==================================================
INITIALIZING BACKTEST: OHLC
==================================================

1970-01-01 08:00:00,000 - INFO - OperationLogger.src.pipeline.data_pipeline - [DataPipeline_DATA_PIPELINE] [COMPONENT_INIT] DATA_PIPELINE | Status: active
1970-01-01 08:00:00,000 - INFO - OperationLogger.src.pipeline.signal_pipeline - [SignalPipeline_SIGNAL_PIPELINE] [COMPONENT_INIT] SIGNAL_PIPELINE | Status: active
1970-01-01 08:00:00,000 - INFO - OperationLogger.src.interfaces.pipeline_interface - [PipelineController_PIPELINE_CONTROLLER] [SERVICE_INIT] PIPELINE_CONTROLLER initialized
1970-01-01 08:00:00,000 - INFO - OperationLogger.src.interfaces.pipeline_interface - [PipelineController_PIPELINE_CONTROLLER] [SERVICE_INIT] PIPELINE_CONTROLLER initialized
1970-01-01 08:00:00,000 - INFO - OperationLogger.src.data.data_manager - [DataManager_BACKTEST_DATA_MANAGER] [THREAD_START] resize_df | Status: running
1970-01-01 08:00:00,000 - INFO - OperationLogger.src.data.data_manager - [DataManager_BACKTEST_DATA_MANAGER] [THREAD_START] resize_df | Status: running
1970-01-01 08:00:00,000 - INFO - OperationLogger.src.data.data_collector - [DataCollector_DATA_COLLECTOR] [THREAD_START] price_data_fetch | Status: running
1970-01-01 08:00:00,000 - INFO - OperationLogger.src.data.data_collector - [DataCollector_DATA_COLLECTOR] [THREAD_START] price_data_fetch | Status: running
1970-01-01 08:00:00,000 - INFO - OperationLogger.src.data.data_processor - [DataProcessor_DATA_PROCESSOR] [THREAD_START] index_thread | Status: running
1970-01-01 08:00:00,000 - INFO - OperationLogger.src.data.data_processor - [DataProcessor_DATA_PROCESSOR] [THREAD_START] index_thread | Status: running
1970-01-01 08:00:00,000 - INFO - OperationLogger.src.data.data_processor - [DataProcessor_DATA_PROCESSOR] [DATA_INIT] DATA_PROCESSOR | Status: ready
1970-01-01 08:00:00,000 - INFO - OperationLogger.src.data.data_manager - [DataManager_BACKTEST_DATA_MANAGER] [DATA_INIT] BACKTEST_DATA_MANAGER | Status: ready
1970-01-01 08:00:00,000 - INFO - OperationLogger.src.strategy.strategy_fetcher - [StrategyFetcher_STRATEGY_FETCHER] [STRATEGY_LOAD] Count: 14 | Source: config/strategies.json
1970-01-01 08:00:00,000 - INFO - OperationLogger.src.strategy.strategy_manager - [StrategyManager_STRATEGY_MANAGER] [THREAD_START] golden_cross_signal_generator | Status: ready
1970-01-01 08:00:00,000 - INFO - OperationLogger.src.strategy.strategy_manager - [StrategyManager_STRATEGY_MANAGER] [THREAD_START] death_cross_signal_generator | Status: ready
1970-01-01 08:00:00,000 - INFO - OperationLogger.src.strategy.strategy_manager - [StrategyManager_STRATEGY_MANAGER] [THREAD_START] ema_trend_follow_signal_generator | Status: ready
1970-01-01 08:00:00,000 - INFO - OperationLogger.src.strategy.strategy_manager - [StrategyManager_STRATEGY_MANAGER] [THREAD_START] ema_trend_follow_sell_signal_generator | Status: ready
1970-01-01 08:00:00,000 - INFO - OperationLogger.src.strategy.strategy_manager - [StrategyManager_STRATEGY_MANAGER] [THREAD_START] price_moving_average_buy_signal_generator | Status: ready
1970-01-01 08:00:00,000 - INFO - OperationLogger.src.strategy.strategy_manager - [StrategyManager_STRATEGY_MANAGER] [THREAD_START] price_moving_average_sell_signal_generator | Status: ready
1970-01-01 08:00:00,000 - INFO - OperationLogger.src.strategy.strategy_manager - [StrategyManager_STRATEGY_MANAGER] [THREAD_START] ema_sma_divergence_signal_generator | Status: ready
1970-01-01 08:00:00,000 - INFO - OperationLogger.src.strategy.strategy_manager - [StrategyManager_STRATEGY_MANAGER] [THREAD_START] StrategyManager_StatusLogger | Status: ready
1970-01-01 08:00:00,000 - INFO - OperationLogger.src.strategy.strategy_manager - [THREAD_START] golden_cross_signal_generator | Status: running
1970-01-01 08:00:00,000 - INFO - OperationLogger.src.strategy.strategy_manager - [THREAD_START] death_cross_signal_generator | Status: running
1970-01-01 08:00:00,000 - INFO - OperationLogger.src.strategy.strategy_manager - [THREAD_START] ema_trend_follow_signal_generator | Status: running
1970-01-01 08:00:00,000 - INFO - OperationLogger.src.strategy.strategy_manager - [THREAD_START] ema_trend_follow_sell_signal_generator | Status: running
1970-01-01 08:00:00,000 - INFO - OperationLogger.src.strategy.strategy_manager - [THREAD_START] price_moving_average_buy_signal_generator | Status: running
1970-01-01 08:00:00,000 - INFO - OperationLogger.src.strategy.strategy_manager - [THREAD_START] price_moving_average_sell_signal_generator | Status: running
1970-01-01 08:00:00,000 - INFO - OperationLogger.src.strategy.strategy_manager - [THREAD_START] ema_sma_divergence_signal_generator | Status: running
1970-01-01 08:00:00,000 - INFO - OperationLogger.src.strategy.strategy_manager - [THREAD_START] StrategyManager_StatusLogger | Status: running
1970-01-01 08:00:00,000 - INFO - OperationLogger.src.strategy.strategy_manager - [StrategyManager_STRATEGY_MANAGER] [STRATEGY_INIT] STRATEGY_MANAGER | Global Period: 0.75 s| Status: ready
1970-01-01 08:00:00,000 - INFO - OperationLogger.src.trading.signal_generator - [SignalGenerator_BACKTEST_SIGNAL_GEN] [THREAD_START] index_data_getter | Status: ready
1970-01-01 08:00:00,000 - INFO - OperationLogger.src.trading.signal_generator - [SignalGenerator_BACKTEST_SIGNAL_GEN] [THREAD_START] status_logger | Status: ready
1970-01-01 08:00:00,000 - INFO - OperationLogger.src.trading.signal_generator - [SignalGenerator_BACKTEST_SIGNAL_GEN] [THREAD_START] index_data_getter | Status: running
1970-01-01 08:00:00,000 - INFO - OperationLogger.src.trading.signal_generator - [SignalGenerator_BACKTEST_SIGNAL_GEN] [THREAD_START] status_logger | Status: running
1970-01-01 08:00:00,000 - INFO - OperationLogger.src.trading.signal_generator - [SignalGenerator_BACKTEST_SIGNAL_GEN] [COMPONENT_INIT] BACKTEST_SIGNAL_GEN | Status: ready
1970-01-01 08:00:00,000 - INFO - OperationLogger.src.trading.trade_manager - [TradeManager_BACKTEST_TRADE_MANAGER] [THREAD_START] Thread-Get-Signal | Status: running
1970-01-01 08:00:00,000 - INFO - OperationLogger.src.trading.trade_manager - [TradeManager_BACKTEST_TRADE_MANAGER] [THREAD_START] Thread-Decide-Trade | Status: running
1970-01-01 08:00:00,000 - INFO - OperationLogger.src.trading.trade_manager - [TradeManager_BACKTEST_TRADE_MANAGER] [THREAD_START] Thread-Log-Status | Status: running
1970-01-01 08:00:00,000 - INFO - OperationLogger.src.trading.trade_manager - [TradeManager_BACKTEST_TRADE_MANAGER] [INIT_COMPLETE] Ready | Pair: BTC/USDT | Leverage: 10 | Window: 120000ms

[RUNNING] Pumping data...
2020-09-13 20:26:41,000 - INFO - OperationLogger.src.data.data_manager - [DataManager_BACKTEST_DATA_MANAGER] [DATA_CLEANUP] Action: skipped | Rows: 0 | All within 1h retention window
2020-09-13 20:27:12,000 - INFO - OperationLogger.src.strategy.strategy_manager - [StrategyManager_STRATEGY_MANAGER] [STRATEGY_STATS] No signals generated in last interval.
2020-09-13 20:27:15,000 - INFO - OperationLogger.src.trading.signal_generator - [SignalGenerator_BACKTEST_SIGNAL_GEN] [STATUS_HEARTBEAT] Indicators: SMA: FRESH (2000ms ago) | EMA: FRESH (2000ms ago) | PRICE: FRESH (2000ms ago)
2020-09-13 20:27:16,000 - INFO - OperationLogger.src.trading.trade_manager - [TradeManager_BACKTEST_TRADE_MANAGER] [STATUS_HEARTBEAT] Position: None | 120.0 s History: 0 signals | 60.0 s Density: 0 signals | 24.0 s Density: 0 signals | Last Trade: N/A ms ago
2020-09-13 20:27:20,000 - INFO - OperationLogger.src.strategy.strategy_manager - [StrategyManager_STRATEGY_MANAGER] [STRATEGY_STATS] No signals generated in last interval.
2020-09-13 20:27:22,000 - INFO - OperationLogger.src.trading.trade_manager - [TradeManager_BACKTEST_TRADE_MANAGER] [STATUS_HEARTBEAT] Position: None | 120.0 s History: 0 signals | 60.0 s Density: 0 signals | 24.0 s Density: 0 signals | Last Trade: N/A ms ago
2020-09-13 20:27:22,000 - INFO - OperationLogger.src.trading.signal_generator - [SignalGenerator_BACKTEST_SIGNAL_GEN] [STATUS_HEARTBEAT] Indicators: SMA: FRESH (2000ms ago) | EMA: FRESH (2000ms ago) | PRICE: FRESH (3000ms ago)
2020-09-13 20:27:25,000 - INFO - OperationLogger.src.strategy.strategy_manager - [StrategyManager_STRATEGY_MANAGER] [STRATEGY_STATS] No signals generated in last interval.
2020-09-13 20:27:26,000 - INFO - OperationLogger.src.trading.trade_manager - [TradeManager_BACKTEST_TRADE_MANAGER] [STATUS_HEARTBEAT] Position: None | 120.0 s History: 0 signals | 60.0 s Density: 0 signals | 24.0 s Density: 0 signals | Last Trade: N/A ms ago
2020-09-13 20:27:26,000 - INFO - OperationLogger.src.trading.signal_generator - [SignalGenerator_BACKTEST_SIGNAL_GEN] [STATUS_HEARTBEAT] Indicators: SMA: FRESH (0ms ago) | EMA: FRESH (1000ms ago) | PRICE: FRESH (1000ms ago)
2020-09-13 20:27:30,000 - INFO - OperationLogger.src.strategy.strategy_manager - [StrategyManager_STRATEGY_MANAGER] [STRATEGY_STATS] No signals generated in last interval.
2020-09-13 20:27:30,000 - INFO - OperationLogger.src.trading.trade_manager - [TradeManager_BACKTEST_TRADE_MANAGER] [STATUS_HEARTBEAT] Position: None | 120.0 s History: 0 signals | 60.0 s Density: 0 signals | 24.0 s Density: 0 signals | Last Trade: N/A ms ago
2020-09-13 20:27:32,000 - INFO - OperationLogger.src.trading.signal_generator - [SignalGenerator_BACKTEST_SIGNAL_GEN] [STATUS_HEARTBEAT] Indicators: SMA: FRESH (0ms ago) | EMA: FRESH (2000ms ago) | PRICE: FRESH (2000ms ago)
2020-09-13 20:27:36,000 - INFO - OperationLogger.src.strategy.strategy_manager - [StrategyManager_STRATEGY_MANAGER] [STRATEGY_STATS] No signals generated in last interval.
2020-09-13 20:27:36,000 - INFO - OperationLogger.src.trading.trade_manager - [TradeManager_BACKTEST_TRADE_MANAGER] [STATUS_HEARTBEAT] Position: None | 120.0 s History: 0 signals | 60.0 s Density: 0 signals | 24.0 s Density: 0 signals | Last Trade: N/A ms ago
2020-09-13 20:27:37,000 - INFO - OperationLogger.src.trading.signal_generator - [SignalGenerator_BACKTEST_SIGNAL_GEN] [STATUS_HEARTBEAT] Indicators: SMA: FRESH (0ms ago) | EMA: FRESH (1000ms ago) | PRICE: FRESH (1000ms ago)
2020-09-13 20:27:40,000 - INFO - OperationLogger.src.strategy.strategy_manager - [StrategyManager_STRATEGY_MANAGER] [STRATEGY_STATS] Signal Counts (1m): ema_sma_divergence: 1
2020-09-13 20:27:40,000 - INFO - OperationLogger.src.trading.trade_manager - [TradeManager_BACKTEST_TRADE_MANAGER] [STATUS_HEARTBEAT] Position: None | 120.0 s History: 0 signals | 60.0 s Density: 0 signals | 24.0 s Density: 0 signals | Last Trade: N/A ms ago
2020-09-13 20:27:43,000 - INFO - OperationLogger.src.trading.signal_generator - [SignalGenerator_BACKTEST_SIGNAL_GEN] [STATUS_HEARTBEAT] Indicators: SMA: FRESH (1000ms ago) | EMA: FRESH (1000ms ago) | PRICE: FRESH (2000ms ago)
2020-09-13 20:27:46,000 - INFO - OperationLogger.src.strategy.strategy_manager - [StrategyManager_STRATEGY_MANAGER] [STRATEGY_STATS] Signal Counts (1m): ema_sma_divergence: 1
2020-09-13 20:27:46,000 - INFO - OperationLogger.src.trading.trade_manager - [TradeManager_BACKTEST_TRADE_MANAGER] [STATUS_HEARTBEAT] Position: None | 120.0 s History: 0 signals | 60.0 s Density: 0 signals | 24.0 s Density: 0 signals | Last Trade: N/A ms ago
2020-09-13 20:27:49,000 - INFO - OperationLogger.src.trading.signal_generator - [SignalGenerator_BACKTEST_SIGNAL_GEN] [STATUS_HEARTBEAT] Indicators: SMA: FRESH (1000ms ago) | EMA: FRESH (1000ms ago) | PRICE: FRESH (2000ms ago)
2020-09-13 20:27:51,000 - INFO - OperationLogger.src.strategy.strategy_manager - [StrategyManager_STRATEGY_MANAGER] [STRATEGY_STATS] Signal Counts (1m): ema_sma_divergence: 1
2020-09-13 20:27:51,000 - INFO - OperationLogger.src.trading.trade_manager - [TradeManager_BACKTEST_TRADE_MANAGER] [STATUS_HEARTBEAT] Position: None | 120.0 s History: 0 signals | 60.0 s Density: 0 signals | 24.0 s Density: 0 signals | Last Trade: N/A ms ago
2020-09-13 20:27:53,000 - INFO - OperationLogger.src.trading.signal_generator - [SignalGenerator_BACKTEST_SIGNAL_GEN] [STATUS_HEARTBEAT] Indicators: SMA: FRESH (1000ms ago) | EMA: FRESH (1000ms ago) | PRICE: FRESH (1000ms ago)
2020-09-13 20:27:54,000 - INFO - OperationLogger.src.strategy.strategy_manager - [StrategyManager_STRATEGY_MANAGER] [STRATEGY_STATS] Signal Counts (1m): ema_sma_divergence: 1
2020-09-13 20:27:54,000 - INFO - OperationLogger.src.trading.trade_manager - [TradeManager_BACKTEST_TRADE_MANAGER] [STATUS_HEARTBEAT] Position: None | 120.0 s History: 0 signals | 60.0 s Density: 0 signals | 24.0 s Density: 0 signals | Last Trade: N/A ms ago
2020-09-13 20:27:57,000 - INFO - OperationLogger.src.trading.signal_generator - [SignalGenerator_BACKTEST_SIGNAL_GEN] [STATUS_HEARTBEAT] Indicators: SMA: FRESH (1000ms ago) | EMA: FRESH (1000ms ago) | PRICE: FRESH (2000ms ago)
2020-09-13 20:27:57,000 - INFO - OperationLogger.src.strategy.strategy_manager - [StrategyManager_STRATEGY_MANAGER] [STRATEGY_STATS] No signals generated in last interval.
2020-09-13 20:27:58,000 - INFO - OperationLogger.src.trading.trade_manager - [TradeManager_BACKTEST_TRADE_MANAGER] [STATUS_HEARTBEAT] Position: None | 120.0 s History: 0 signals | 60.0 s Density: 0 signals | 24.0 s Density: 0 signals | Last Trade: N/A ms ago
2020-09-13 20:28:02,000 - INFO - OperationLogger.src.trading.signal_generator - [SignalGenerator_BACKTEST_SIGNAL_GEN] [STATUS_HEARTBEAT] Indicators: SMA: FRESH (1000ms ago) | EMA: FRESH (1000ms ago) | PRICE: FRESH (1000ms ago)
2020-09-13 20:28:04,000 - INFO - OperationLogger.src.strategy.strategy_manager - [StrategyManager_STRATEGY_MANAGER] [STRATEGY_STATS] Signal Counts (1m): ema_sma_divergence: 1
2020-09-13 20:28:04,000 - INFO - OperationLogger.src.trading.trade_manager - [TradeManager_BACKTEST_TRADE_MANAGER] [STATUS_HEARTBEAT] Position: None | 120.0 s History: 0 signals | 60.0 s Density: 0 signals | 24.0 s Density: 0 signals | Last Trade: N/A ms ago
2020-09-13 20:28:07,000 - INFO - OperationLogger.src.trading.signal_generator - [SignalGenerator_BACKTEST_SIGNAL_GEN] [STATUS_HEARTBEAT] Indicators: SMA: FRESH (1000ms ago) | EMA: FRESH (1000ms ago) | PRICE: FRESH (2000ms ago)
2020-09-13 20:28:07,000 - INFO - OperationLogger.src.strategy.strategy_manager - [StrategyManager_STRATEGY_MANAGER] [STRATEGY_STATS] Signal Counts (1m): ema_sma_divergence: 1
2020-09-13 20:28:08,000 - INFO - OperationLogger.src.trading.trade_manager - [TradeManager_BACKTEST_TRADE_MANAGER] [STATUS_HEARTBEAT] Position: None | 120.0 s History: 0 signals | 60.0 s Density: 0 signals | 24.0 s Density: 0 signals | Last Trade: N/A ms ago
2020-09-13 20:28:12,000 - INFO - OperationLogger.src.trading.signal_generator - [SignalGenerator_BACKTEST_SIGNAL_GEN] [STATUS_HEARTBEAT] Indicators: SMA: FRESH (0ms ago) | EMA: FRESH (0ms ago) | PRICE: FRESH (1000ms ago)
2020-09-13 20:28:13,000 - INFO - OperationLogger.src.strategy.strategy_manager - [StrategyManager_STRATEGY_MANAGER] [STRATEGY_STATS] No signals generated in last interval.
2020-09-13 20:28:13,000 - INFO - OperationLogger.src.trading.trade_manager - [TradeManager_BACKTEST_TRADE_MANAGER] [STATUS_HEARTBEAT] Position: None | 120.0 s History: 0 signals | 60.0 s Density: 0 signals | 24.0 s Density: 0 signals | Last Trade: N/A ms ago
2020-09-13 20:28:19,000 - INFO - OperationLogger.src.strategy.strategy_manager - [StrategyManager_STRATEGY_MANAGER] [STRATEGY_STATS] Signal Counts (1m): ema_sma_divergence: 2
2020-09-13 20:28:19,000 - INFO - OperationLogger.src.trading.signal_generator - [SignalGenerator_BACKTEST_SIGNAL_GEN] [STATUS_HEARTBEAT] Indicators: SMA: FRESH (0ms ago) | EMA: FRESH (1000ms ago) | PRICE: FRESH (1000ms ago)
2020-09-13 20:28:19,000 - INFO - OperationLogger.src.trading.trade_manager - [TradeManager_BACKTEST_TRADE_MANAGER] [STATUS_HEARTBEAT] Position: None | 120.0 s History: 0 signals | 60.0 s Density: 0 signals | 24.0 s Density: 0 signals | Last Trade: N/A ms ago
2020-09-13 20:28:27,000 - INFO - OperationLogger.src.strategy.strategy_manager - [StrategyManager_STRATEGY_MANAGER] [STRATEGY_STATS] Signal Counts (1m): ema_sma_divergence: 1
2020-09-13 20:28:27,000 - INFO - OperationLogger.src.trading.trade_manager - [TradeManager_BACKTEST_TRADE_MANAGER] [STATUS_HEARTBEAT] Position: None | 120.0 s History: 0 signals | 60.0 s Density: 0 signals | 24.0 s Density: 0 signals | Last Trade: N/A ms ago
2020-09-13 20:28:27,000 - INFO - OperationLogger.src.trading.signal_generator - [SignalGenerator_BACKTEST_SIGNAL_GEN] [STATUS_HEARTBEAT] Indicators: SMA: FRESH (1000ms ago) | EMA: FRESH (2000ms ago) | PRICE: FRESH (2000ms ago)
2020-09-13 20:28:32,000 - INFO - OperationLogger.src.strategy.strategy_manager - [StrategyManager_STRATEGY_MANAGER] [STRATEGY_STATS] Signal Counts (1m): ema_sma_divergence: 1
2020-09-13 20:28:35,000 - INFO - OperationLogger.src.trading.trade_manager - [TradeManager_BACKTEST_TRADE_MANAGER] [STATUS_HEARTBEAT] Position: None | 120.0 s History: 0 signals | 60.0 s Density: 0 signals | 24.0 s Density: 0 signals | Last Trade: N/A ms ago
2020-09-13 20:28:35,000 - INFO - OperationLogger.src.trading.signal_generator - [SignalGenerator_BACKTEST_SIGNAL_GEN] [STATUS_HEARTBEAT] Indicators: SMA: FRESH (3000ms ago) | EMA: FRESH (3000ms ago) | PRICE: FRESH (3000ms ago)
2020-09-13 20:28:39,000 - INFO - OperationLogger.src.strategy.strategy_manager - [StrategyManager_STRATEGY_MANAGER] [STRATEGY_STATS] Signal Counts (1m): ema_sma_divergence: 1
2020-09-13 20:28:40,000 - INFO - OperationLogger.src.trading.trade_manager - [TradeManager_BACKTEST_TRADE_MANAGER] [STATUS_HEARTBEAT] Position: None | 120.0 s History: 0 signals | 60.0 s Density: 0 signals | 24.0 s Density: 0 signals | Last Trade: N/A ms ago
2020-09-13 20:28:41,000 - INFO - OperationLogger.src.trading.signal_generator - [SignalGenerator_BACKTEST_SIGNAL_GEN] [STATUS_HEARTBEAT] Indicators: SMA: FRESH (1000ms ago) | EMA: FRESH (1000ms ago) | PRICE: FRESH (2000ms ago)
2020-09-13 20:28:45,000 - INFO - OperationLogger.src.strategy.strategy_manager - [StrategyManager_STRATEGY_MANAGER] [STRATEGY_STATS] Signal Counts (1m): ema_sma_divergence: 1
2020-09-13 20:28:45,000 - INFO - OperationLogger.src.trading.trade_manager - [TradeManager_BACKTEST_TRADE_MANAGER] [STATUS_HEARTBEAT] Position: None | 120.0 s History: 0 signals | 60.0 s Density: 0 signals | 24.0 s Density: 0 signals | Last Trade: N/A ms ago
2020-09-13 20:28:47,000 - INFO - OperationLogger.src.trading.signal_generator - [SignalGenerator_BACKTEST_SIGNAL_GEN] [STATUS_HEARTBEAT] Indicators: SMA: FRESH (1000ms ago) | EMA: FRESH (2000ms ago) | PRICE: FRESH (2000ms ago)
2020-09-13 20:28:52,000 - INFO - OperationLogger.src.strategy.strategy_manager - [StrategyManager_STRATEGY_MANAGER] [STRATEGY_STATS] Signal Counts (1m): ema_sma_divergence: 1
2020-09-13 20:28:52,000 - INFO - OperationLogger.src.trading.trade_manager - [TradeManager_BACKTEST_TRADE_MANAGER] [STATUS_HEARTBEAT] Position: None | 120.0 s History: 0 signals | 60.0 s Density: 0 signals | 24.0 s Density: 0 signals | Last Trade: N/A ms ago
2020-09-13 20:28:53,000 - INFO - OperationLogger.src.trading.signal_generator - [SignalGenerator_BACKTEST_SIGNAL_GEN] [STATUS_HEARTBEAT] Indicators: SMA: FRESH (0ms ago) | EMA: FRESH (1000ms ago) | PRICE: FRESH (1000ms ago)
2020-09-13 20:28:56,000 - INFO - OperationLogger.src.strategy.strategy_manager - [StrategyManager_STRATEGY_MANAGER] [STRATEGY_STATS] No signals generated in last interval.
2020-09-13 20:28:57,000 - INFO - OperationLogger.src.trading.trade_manager - [TradeManager_BACKTEST_TRADE_MANAGER] [STATUS_HEARTBEAT] Position: None | 120.0 s History: 0 signals | 60.0 s Density: 0 signals | 24.0 s Density: 0 signals | Last Trade: N/A ms ago
2020-09-13 20:28:58,000 - INFO - OperationLogger.src.trading.signal_generator - [SignalGenerator_BACKTEST_SIGNAL_GEN] [STATUS_HEARTBEAT] Indicators: SMA: FRESH (0ms ago) | EMA: FRESH (1000ms ago) | PRICE: FRESH (1000ms ago)
2020-09-13 20:29:02,000 - INFO - OperationLogger.src.strategy.strategy_manager - [StrategyManager_STRATEGY_MANAGER] [STRATEGY_STATS] Signal Counts (1m): ema_sma_divergence: 1
2020-09-13 20:29:02,000 - INFO - OperationLogger.src.trading.trade_manager - [TradeManager_BACKTEST_TRADE_MANAGER] [STATUS_HEARTBEAT] Position: None | 120.0 s History: 0 signals | 60.0 s Density: 0 signals | 24.0 s Density: 0 signals | Last Trade: N/A ms ago
2020-09-13 20:29:05,000 - INFO - OperationLogger.src.trading.signal_generator - [SignalGenerator_BACKTEST_SIGNAL_GEN] [STATUS_HEARTBEAT] Indicators: SMA: FRESH (1000ms ago) | EMA: FRESH (2000ms ago) | PRICE: FRESH (2000ms ago)
2020-09-13 20:29:07,000 - INFO - OperationLogger.src.strategy.strategy_manager - [StrategyManager_STRATEGY_MANAGER] [STRATEGY_STATS] Signal Counts (1m): ema_sma_divergence: 1
2020-09-13 20:29:08,000 - INFO - OperationLogger.src.trading.trade_manager - [TradeManager_BACKTEST_TRADE_MANAGER] [STATUS_HEARTBEAT] Position: None | 120.0 s History: 0 signals | 60.0 s Density: 0 signals | 24.0 s Density: 0 signals | Last Trade: N/A ms ago
2020-09-13 20:29:11,000 - INFO - OperationLogger.src.trading.signal_generator - [SignalGenerator_BACKTEST_SIGNAL_GEN] [STATUS_HEARTBEAT] Indicators: SMA: FRESH (1000ms ago) | EMA: FRESH (1000ms ago) | PRICE: FRESH (2000ms ago)
2020-09-13 20:29:15,000 - INFO - OperationLogger.src.strategy.strategy_manager - [StrategyManager_STRATEGY_MANAGER] [STRATEGY_STATS] Signal Counts (1m): ema_sma_divergence: 1
2020-09-13 20:29:15,000 - INFO - OperationLogger.src.trading.trade_manager - [TradeManager_BACKTEST_TRADE_MANAGER] [STATUS_HEARTBEAT] Position: None | 120.0 s History: 0 signals | 60.0 s Density: 0 signals | 24.0 s Density: 0 signals | Last Trade: N/A ms ago
2020-09-13 20:29:17,000 - INFO - OperationLogger.src.trading.signal_generator - [SignalGenerator_BACKTEST_SIGNAL_GEN] [STATUS_HEARTBEAT] Indicators: SMA: FRESH (1000ms ago) | EMA: FRESH (1000ms ago) | PRICE: FRESH (1000ms ago)
2020-09-13 20:29:19,000 - INFO - OperationLogger.src.strategy.strategy_manager - [StrategyManager_STRATEGY_MANAGER] [STRATEGY_STATS] Signal Counts (1m): ema_sma_divergence: 1
2020-09-13 20:29:19,000 - INFO - OperationLogger.src.trading.trade_manager - [TradeManager_BACKTEST_TRADE_MANAGER] [STATUS_HEARTBEAT] Position: None | 120.0 s History: 0 signals | 60.0 s Density: 0 signals | 24.0 s Density: 0 signals | Last Trade: N/A ms ago
2020-09-13 20:29:23,000 - INFO - OperationLogger.src.trading.signal_generator - [SignalGenerator_BACKTEST_SIGNAL_GEN] [STATUS_HEARTBEAT] Indicators: SMA: FRESH (1000ms ago) | EMA: FRESH (1000ms ago) | PRICE: FRESH (1000ms ago)
2020-09-13 20:29:25,000 - INFO - OperationLogger.src.strategy.strategy_manager - [StrategyManager_STRATEGY_MANAGER] [STRATEGY_STATS] Signal Counts (1m): ema_sma_divergence: 1
2020-09-13 20:29:26,000 - INFO - OperationLogger.src.trading.trade_manager - [TradeManager_BACKTEST_TRADE_MANAGER] [STATUS_HEARTBEAT] Position: None | 120.0 s History: 0 signals | 60.0 s Density: 0 signals | 24.0 s Density: 0 signals | Last Trade: N/A ms ago
2020-09-13 20:29:29,000 - INFO - OperationLogger.src.trading.signal_generator - [SignalGenerator_BACKTEST_SIGNAL_GEN] [STATUS_HEARTBEAT] Indicators: SMA: FRESH (1000ms ago) | EMA: FRESH (1000ms ago) | PRICE: FRESH (1000ms ago)
2020-09-13 20:29:30,000 - INFO - OperationLogger.src.strategy.strategy_manager - [StrategyManager_STRATEGY_MANAGER] [STRATEGY_STATS] Signal Counts (1m): ema_sma_divergence: 1
2020-09-13 20:29:30,000 - INFO - OperationLogger.src.trading.trade_manager - [TradeManager_BACKTEST_TRADE_MANAGER] [STATUS_HEARTBEAT] Position: None | 120.0 s History: 0 signals | 60.0 s Density: 0 signals | 24.0 s Density: 0 signals | Last Trade: N/A ms ago
2020-09-13 20:29:36,000 - INFO - OperationLogger.src.trading.signal_generator - [SignalGenerator_BACKTEST_SIGNAL_GEN] [STATUS_HEARTBEAT] Indicators: SMA: FRESH (2000ms ago) | EMA: FRESH (2000ms ago) | PRICE: FRESH (2000ms ago)
2020-09-13 20:29:36,000 - INFO - OperationLogger.src.strategy.strategy_manager - [StrategyManager_STRATEGY_MANAGER] [STRATEGY_STATS] Signal Counts (1m): ema_sma_divergence: 1
2020-09-13 20:29:36,000 - INFO - OperationLogger.src.trading.trade_manager - [TradeManager_BACKTEST_TRADE_MANAGER] [STATUS_HEARTBEAT] Position: None | 120.0 s History: 0 signals | 60.0 s Density: 0 signals | 24.0 s Density: 0 signals | Last Trade: N/A ms ago
2020-09-13 20:29:41,000 - INFO - OperationLogger.src.strategy.strategy_manager - [StrategyManager_STRATEGY_MANAGER] [STRATEGY_STATS] No signals generated in last interval.
2020-09-13 20:29:41,000 - INFO - OperationLogger.src.trading.signal_generator - [SignalGenerator_BACKTEST_SIGNAL_GEN] [STATUS_HEARTBEAT] Indicators: SMA: FRESH (1000ms ago) | EMA: FRESH (2000ms ago) | PRICE: FRESH (2000ms ago)
2020-09-13 20:29:41,000 - INFO - OperationLogger.src.trading.trade_manager - [TradeManager_BACKTEST_TRADE_MANAGER] [STATUS_HEARTBEAT] Position: None | 120.0 s History: 0 signals | 60.0 s Density: 0 signals | 24.0 s Density: 0 signals | Last Trade: N/A ms ago
2020-09-13 20:29:45,000 - INFO - OperationLogger.src.strategy.strategy_manager - [StrategyManager_STRATEGY_MANAGER] [STRATEGY_STATS] Signal Counts (1m): ema_sma_divergence: 1
2020-09-13 20:29:45,000 - INFO - OperationLogger.src.trading.trade_manager - [TradeManager_BACKTEST_TRADE_MANAGER] [STATUS_HEARTBEAT] Position: None | 120.0 s History: 0 signals | 60.0 s Density: 0 signals | 24.0 s Density: 0 signals | Last Trade: N/A ms ago
2020-09-13 20:29:46,000 - INFO - OperationLogger.src.trading.signal_generator - [SignalGenerator_BACKTEST_SIGNAL_GEN] [STATUS_HEARTBEAT] Indicators: SMA: FRESH (1000ms ago) | EMA: FRESH (1000ms ago) | PRICE: FRESH (2000ms ago)
2020-09-13 20:29:51,000 - INFO - OperationLogger.src.strategy.strategy_manager - [StrategyManager_STRATEGY_MANAGER] [STRATEGY_STATS] Signal Counts (1m): ema_sma_divergence: 1
2020-09-13 20:29:51,000 - INFO - OperationLogger.src.trading.trade_manager - [TradeManager_BACKTEST_TRADE_MANAGER] [STATUS_HEARTBEAT] Position: None | 120.0 s History: 0 signals | 60.0 s Density: 0 signals | 24.0 s Density: 0 signals | Last Trade: N/A ms ago
2020-09-13 20:29:51,000 - INFO - OperationLogger.src.trading.signal_generator - [SignalGenerator_BACKTEST_SIGNAL_GEN] [STATUS_HEARTBEAT] Indicators: SMA: FRESH (1000ms ago) | EMA: FRESH (1000ms ago) | PRICE: FRESH (2000ms ago)
2020-09-13 20:29:57,000 - INFO - OperationLogger.src.strategy.strategy_manager - [StrategyManager_STRATEGY_MANAGER] [STRATEGY_STATS] Signal Counts (1m): ema_sma_divergence: 1
2020-09-13 20:29:57,000 - INFO - OperationLogger.src.trading.trade_manager - [TradeManager_BACKTEST_TRADE_MANAGER] [STATUS_HEARTBEAT] Position: None | 120.0 s History: 0 signals | 60.0 s Density: 0 signals | 24.0 s Density: 0 signals | Last Trade: N/A ms ago
2020-09-13 20:29:57,000 - INFO - OperationLogger.src.trading.signal_generator - [SignalGenerator_BACKTEST_SIGNAL_GEN] [STATUS_HEARTBEAT] Indicators: SMA: FRESH (0ms ago) | EMA: FRESH (1000ms ago) | PRICE: FRESH (1000ms ago)
2020-09-13 20:30:01,000 - INFO - OperationLogger.src.strategy.strategy_manager - [StrategyManager_STRATEGY_MANAGER] [STRATEGY_STATS] Signal Counts (1m): ema_sma_divergence: 1
2020-09-13 20:30:02,000 - INFO - OperationLogger.src.trading.trade_manager - [TradeManager_BACKTEST_TRADE_MANAGER] [STATUS_HEARTBEAT] Position: None | 120.0 s History: 0 signals | 60.0 s Density: 0 signals | 24.0 s Density: 0 signals | Last Trade: N/A ms ago
2020-09-13 20:30:04,000 - INFO - OperationLogger.src.trading.signal_generator - [SignalGenerator_BACKTEST_SIGNAL_GEN] [STATUS_HEARTBEAT] Indicators: SMA: FRESH (1000ms ago) | EMA: FRESH (1000ms ago) | PRICE: FRESH (2000ms ago)
2020-09-13 20:30:07,000 - INFO - OperationLogger.src.strategy.strategy_manager - [StrategyManager_STRATEGY_MANAGER] [STRATEGY_STATS] Signal Counts (1m): ema_sma_divergence: 1
2020-09-13 20:30:09,000 - INFO - OperationLogger.src.trading.trade_manager - [TradeManager_BACKTEST_TRADE_MANAGER] [STATUS_HEARTBEAT] Position: None | 120.0 s History: 0 signals | 60.0 s Density: 0 signals | 24.0 s Density: 0 signals | Last Trade: N/A ms ago
2020-09-13 20:30:10,000 - INFO - OperationLogger.src.trading.signal_generator - [SignalGenerator_BACKTEST_SIGNAL_GEN] [STATUS_HEARTBEAT] Indicators: SMA: FRESH (0ms ago) | EMA: FRESH (1000ms ago) | PRICE: FRESH (1000ms ago)
2020-09-13 20:30:14,000 - INFO - OperationLogger.src.strategy.strategy_manager - [StrategyManager_STRATEGY_MANAGER] [STRATEGY_STATS] Signal Counts (1m): ema_sma_divergence: 1
2020-09-13 20:30:14,000 - INFO - OperationLogger.src.trading.trade_manager - [TradeManager_BACKTEST_TRADE_MANAGER] [STATUS_HEARTBEAT] Position: None | 120.0 s History: 0 signals | 60.0 s Density: 0 signals | 24.0 s Density: 0 signals | Last Trade: N/A ms ago
2020-09-13 20:30:15,000 - INFO - OperationLogger.src.trading.signal_generator - [SignalGenerator_BACKTEST_SIGNAL_GEN] [STATUS_HEARTBEAT] Indicators: SMA: FRESH (0ms ago) | EMA: FRESH (1000ms ago) | PRICE: FRESH (1000ms ago)
2020-09-13 20:30:17,000 - INFO - OperationLogger.src.strategy.strategy_manager - [StrategyManager_STRATEGY_MANAGER] [STRATEGY_STATS] No signals generated in last interval.
2020-09-13 20:30:18,000 - INFO - OperationLogger.src.trading.trade_manager - [TradeManager_BACKTEST_TRADE_MANAGER] [STATUS_HEARTBEAT] Position: None | 120.0 s History: 0 signals | 60.0 s Density: 0 signals | 24.0 s Density: 0 signals | Last Trade: N/A ms ago
2020-09-13 20:30:20,000 - INFO - OperationLogger.src.trading.signal_generator - [SignalGenerator_BACKTEST_SIGNAL_GEN] [STATUS_HEARTBEAT] Indicators: SMA: FRESH (1000ms ago) | EMA: FRESH (1000ms ago) | PRICE: FRESH (1000ms ago)
2020-09-13 20:30:22,000 - INFO - OperationLogger.src.strategy.strategy_manager - [StrategyManager_STRATEGY_MANAGER] [STRATEGY_STATS] Signal Counts (1m): ema_sma_divergence: 1
2020-09-13 20:30:23,000 - INFO - OperationLogger.src.trading.trade_manager - [TradeManager_BACKTEST_TRADE_MANAGER] [STATUS_HEARTBEAT] Position: None | 120.0 s History: 0 signals | 60.0 s Density: 0 signals | 24.0 s Density: 0 signals | Last Trade: N/A ms ago
2020-09-13 20:30:26,000 - INFO - OperationLogger.src.trading.signal_generator - [SignalGenerator_BACKTEST_SIGNAL_GEN] [STATUS_HEARTBEAT] Indicators: SMA: FRESH (1000ms ago) | EMA: FRESH (1000ms ago) | PRICE: FRESH (2000ms ago)
2020-09-13 20:30:28,000 - INFO - OperationLogger.src.strategy.strategy_manager - [StrategyManager_STRATEGY_MANAGER] [STRATEGY_STATS] Signal Counts (1m): ema_sma_divergence: 1
2020-09-13 20:30:28,000 - INFO - OperationLogger.src.trading.trade_manager - [TradeManager_BACKTEST_TRADE_MANAGER] [STATUS_HEARTBEAT] Position: None | 120.0 s History: 0 signals | 60.0 s Density: 0 signals | 24.0 s Density: 0 signals | Last Trade: N/A ms ago
2020-09-13 20:30:32,000 - INFO - OperationLogger.src.trading.signal_generator - [SignalGenerator_BACKTEST_SIGNAL_GEN] [STATUS_HEARTBEAT] Indicators: SMA: FRESH (1000ms ago) | EMA: FRESH (1000ms ago) | PRICE: FRESH (1000ms ago)
2020-09-13 20:30:34,000 - INFO - OperationLogger.src.strategy.strategy_manager - [StrategyManager_STRATEGY_MANAGER] [STRATEGY_STATS] Signal Counts (1m): ema_sma_divergence: 1
2020-09-13 20:30:34,000 - INFO - OperationLogger.src.trading.trade_manager - [TradeManager_BACKTEST_TRADE_MANAGER] [STATUS_HEARTBEAT] Position: None | 120.0 s History: 0 signals | 60.0 s Density: 0 signals | 24.0 s Density: 0 signals | Last Trade: N/A ms ago
2020-09-13 20:30:37,000 - INFO - OperationLogger.src.trading.signal_generator - [SignalGenerator_BACKTEST_SIGNAL_GEN] [STATUS_HEARTBEAT] Indicators: SMA: FRESH (1000ms ago) | EMA: FRESH (1000ms ago) | PRICE: FRESH (1000ms ago)
2020-09-13 20:30:38,000 - INFO - OperationLogger.src.strategy.strategy_manager - [StrategyManager_STRATEGY_MANAGER] [STRATEGY_STATS] Signal Counts (1m): ema_sma_divergence: 1
2020-09-13 20:30:38,000 - INFO - OperationLogger.src.trading.trade_manager - [TradeManager_BACKTEST_TRADE_MANAGER] [STATUS_HEARTBEAT] Position: None | 120.0 s History: 0 signals | 60.0 s Density: 0 signals | 24.0 s Density: 0 signals | Last Trade: N/A ms ago
2020-09-13 20:30:43,000 - INFO - OperationLogger.src.trading.signal_generator - [SignalGenerator_BACKTEST_SIGNAL_GEN] [STATUS_HEARTBEAT] Indicators: SMA: FRESH (2000ms ago) | EMA: FRESH (2000ms ago) | PRICE: FRESH (3000ms ago)
2020-09-13 20:30:44,000 - INFO - OperationLogger.src.strategy.strategy_manager - [StrategyManager_STRATEGY_MANAGER] [STRATEGY_STATS] Signal Counts (1m): price_moving_average_sell: 1, death_cross: 1, ema_sma_divergence: 1
2020-09-13 20:30:46,000 - INFO - OperationLogger.src.trading.trade_manager - [TradeManager_BACKTEST_TRADE_MANAGER] [STATUS_HEARTBEAT] Position: None | 120.0 s History: 3 signals | 60.0 s Density: 3 signals | 24.0 s Density: 3 signals | Last Trade: N/A ms ago
2020-09-13 20:30:50,000 - INFO - OperationLogger.src.trading.signal_generator - [SignalGenerator_BACKTEST_SIGNAL_GEN] [STATUS_HEARTBEAT] Indicators: SMA: FRESH (1000ms ago) | EMA: FRESH (2000ms ago) | PRICE: FRESH (2000ms ago)
2020-09-13 20:30:50,000 - INFO - OperationLogger.src.strategy.strategy_manager - [StrategyManager_STRATEGY_MANAGER] [STRATEGY_STATS] Signal Counts (1m): ema_trend_follow_sell: 1, price_moving_average_sell: 1, ema_sma_divergence: 1
2020-09-13 20:30:51,000 - INFO - OperationLogger.src.trading.trade_manager - [TradeManager_BACKTEST_TRADE_MANAGER] [STATUS_HEARTBEAT] Position: None | 120.0 s History: 6 signals | 60.0 s Density: 6 signals | 24.0 s Density: 6 signals | Last Trade: N/A ms ago
2020-09-13 20:30:56,000 - INFO - OperationLogger.src.trading.signal_generator - [SignalGenerator_BACKTEST_SIGNAL_GEN] [STATUS_HEARTBEAT] Indicators: SMA: FRESH (1000ms ago) | EMA: FRESH (1000ms ago) | PRICE: FRESH (1000ms ago)
2020-09-13 20:30:56,000 - INFO - OperationLogger.src.strategy.strategy_manager - [StrategyManager_STRATEGY_MANAGER] [STRATEGY_STATS] Signal Counts (1m): death_cross: 1, ema_trend_follow_sell: 2, price_moving_average_sell: 1, ema_sma_divergence: 1
2020-09-13 20:30:58,000 - INFO - OperationLogger.src.trading.trade_manager - [TradeManager_BACKTEST_TRADE_MANAGER] [STATUS_HEARTBEAT] Position: None | 120.0 s History: 9 signals | 60.0 s Density: 9 signals | 24.0 s Density: 9 signals | Last Trade: N/A ms ago
2020-09-13 20:31:02,000 - INFO - OperationLogger.src.strategy.strategy_manager - [StrategyManager_STRATEGY_MANAGER] [STRATEGY_STATS] Signal Counts (1m): death_cross: 1, price_moving_average_sell: 1, ema_trend_follow_sell: 1, ema_sma_divergence: 1
2020-09-13 20:31:02,000 - INFO - OperationLogger.src.trading.signal_generator - [SignalGenerator_BACKTEST_SIGNAL_GEN] [STATUS_HEARTBEAT] Indicators: SMA: FRESH (1000ms ago) | EMA: FRESH (1000ms ago) | PRICE: FRESH (2000ms ago)
2020-09-13 20:31:03,000 - INFO - OperationLogger.src.trading.trade_manager - [TradeManager_BACKTEST_TRADE_MANAGER] [STATUS_HEARTBEAT] Position: None | 120.0 s History: 11 signals | 60.0 s Density: 11 signals | 24.0 s Density: 11 signals | Last Trade: N/A ms ago
2020-09-13 20:31:07,000 - INFO - OperationLogger.src.strategy.strategy_manager - [StrategyManager_STRATEGY_MANAGER] [STRATEGY_STATS] Signal Counts (1m): price_moving_average_sell: 1, death_cross: 1, ema_trend_follow_sell: 1
2020-09-13 20:31:08,000 - INFO - OperationLogger.src.trading.signal_generator - [SignalGenerator_BACKTEST_SIGNAL_GEN] [STATUS_HEARTBEAT] Indicators: SMA: FRESH (1000ms ago) | EMA: FRESH (1000ms ago) | PRICE: FRESH (2000ms ago)
2020-09-13 20:31:08,000 - INFO - OperationLogger.src.trading.trade_manager - [TradeManager_BACKTEST_TRADE_MANAGER] [STATUS_HEARTBEAT] Position: None | 120.0 s History: 14 signals | 60.0 s Density: 14 signals | 24.0 s Density: 13 signals | Last Trade: N/A ms ago
2020-09-13 20:31:14,000 - INFO - OperationLogger.src.strategy.strategy_manager - [StrategyManager_STRATEGY_MANAGER] [STRATEGY_STATS] Signal Counts (1m): ema_sma_divergence: 2, price_moving_average_sell: 1, ema_trend_follow_sell: 1, death_cross: 1
2020-09-13 20:31:14,000 - INFO - OperationLogger.src.trading.signal_generator - [SignalGenerator_BACKTEST_SIGNAL_GEN] [STATUS_HEARTBEAT] Indicators: SMA: FRESH (1000ms ago) | EMA: FRESH (1000ms ago) | PRICE: FRESH (2000ms ago)
2020-09-13 20:31:14,000 - INFO - OperationLogger.src.trading.trade_manager - [TradeManager_BACKTEST_TRADE_MANAGER] [STATUS_HEARTBEAT] Position: None | 120.0 s History: 17 signals | 60.0 s Density: 17 signals | 24.0 s Density: 13 signals | Last Trade: N/A ms ago
2020-09-13 20:31:19,000 - INFO - OperationLogger.src.strategy.strategy_manager - [StrategyManager_STRATEGY_MANAGER] [STRATEGY_STATS] Signal Counts (1m): price_moving_average_sell: 1, ema_trend_follow_sell: 1, death_cross: 1
2020-09-13 20:31:19,000 - INFO - OperationLogger.src.trading.trade_manager - [TradeManager_BACKTEST_TRADE_MANAGER] [STATUS_HEARTBEAT] Position: None | 120.0 s History: 20 signals | 60.0 s Density: 20 signals | 24.0 s Density: 13 signals | Last Trade: N/A ms ago
2020-09-13 20:31:19,000 - INFO - OperationLogger.src.trading.signal_generator - [SignalGenerator_BACKTEST_SIGNAL_GEN] [STATUS_HEARTBEAT] Indicators: SMA: FRESH (0ms ago) | EMA: FRESH (1000ms ago) | PRICE: FRESH (1000ms ago)
2020-09-13 20:31:25,000 - INFO - OperationLogger.src.strategy.strategy_manager - [StrategyManager_STRATEGY_MANAGER] [STRATEGY_STATS] Signal Counts (1m): ema_sma_divergence: 1, price_moving_average_sell: 1, ema_trend_follow_sell: 1
2020-09-13 20:31:28,000 - INFO - OperationLogger.src.trading.trade_manager - [TradeManager_BACKTEST_TRADE_MANAGER] [STATUS_HEARTBEAT] Position: None | 120.0 s History: 25 signals | 60.0 s Density: 25 signals | 24.0 s Density: 14 signals | Last Trade: N/A ms ago
2020-09-13 20:31:29,000 - INFO - OperationLogger.src.trading.signal_generator - [SignalGenerator_BACKTEST_SIGNAL_GEN] [STATUS_HEARTBEAT] Indicators: SMA: FRESH (1000ms ago) | EMA: FRESH (2000ms ago) | PRICE: FRESH (2000ms ago)
2020-09-13 20:31:34,000 - INFO - OperationLogger.src.strategy.strategy_manager - [StrategyManager_STRATEGY_MANAGER] [STRATEGY_STATS] Signal Counts (1m): death_cross: 2, ema_sma_divergence: 2, price_moving_average_sell: 2, ema_trend_follow_sell: 2
2020-09-13 20:31:34,000 - INFO - OperationLogger.src.trading.trade_manager - [TradeManager_BACKTEST_TRADE_MANAGER] [STATUS_HEARTBEAT] Position: None | 120.0 s History: 28 signals | 60.0 s Density: 28 signals | 24.0 s Density: 14 signals | Last Trade: N/A ms ago
2020-09-13 20:31:35,000 - INFO - OperationLogger.src.trading.signal_generator - [SignalGenerator_BACKTEST_SIGNAL_GEN] [STATUS_HEARTBEAT] Indicators: SMA: FRESH (1000ms ago) | EMA: FRESH (1000ms ago) | PRICE: FRESH (1000ms ago)
2020-09-13 20:31:38,000 - INFO - OperationLogger.src.strategy.strategy_manager - [StrategyManager_STRATEGY_MANAGER] [STRATEGY_STATS] Signal Counts (1m): price_moving_average_sell: 1, ema_trend_follow_sell: 1
2020-09-13 20:31:39,000 - INFO - OperationLogger.src.trading.trade_manager - [TradeManager_BACKTEST_TRADE_MANAGER] [STATUS_HEARTBEAT] Position: None | 120.0 s History: 30 signals | 60.0 s Density: 30 signals | 24.0 s Density: 13 signals | Last Trade: N/A ms ago
2020-09-13 20:31:40,000 - INFO - OperationLogger.src.trading.signal_generator - [SignalGenerator_BACKTEST_SIGNAL_GEN] [STATUS_HEARTBEAT] Indicators: SMA: FRESH (1000ms ago) | EMA: FRESH (1000ms ago) | PRICE: FRESH (1000ms ago)
2020-09-13 20:31:42,000 - INFO - OperationLogger.src.data.data_manager - [DataManager_BACKTEST_DATA_MANAGER] [DATA_CLEANUP] Action: skipped | Rows: 301 | All within 1h retention window
2020-09-13 20:31:47,000 - INFO - OperationLogger.src.strategy.strategy_manager - [StrategyManager_STRATEGY_MANAGER] [STRATEGY_STATS] Signal Counts (1m): ema_sma_divergence: 2, death_cross: 1, price_moving_average_sell: 2, ema_trend_follow_sell: 2
2020-09-13 20:31:52,000 - INFO - OperationLogger.src.trading.trade_manager - [TradeManager_BACKTEST_TRADE_MANAGER] [STATUS_HEARTBEAT] Position: None | 120.0 s History: 38 signals | 60.0 s Density: 32 signals | 24.0 s Density: 13 signals | Last Trade: N/A ms ago
2020-09-13 20:32:00,000 - INFO - OperationLogger.src.trading.signal_generator - [SignalGenerator_BACKTEST_SIGNAL_GEN] [STATUS_HEARTBEAT] Indicators: SMA: FRESH (1000ms ago) | EMA: FRESH (1000ms ago) | PRICE: FRESH (1000ms ago)
2020-09-13 20:32:03,000 - INFO - OperationLogger.src.strategy.strategy_manager - [StrategyManager_STRATEGY_MANAGER] [STRATEGY_STATS] Signal Counts (1m): death_cross: 3, price_moving_average_sell: 3, ema_trend_follow_sell: 3, ema_sma_divergence: 2
2020-09-13 20:32:04,000 - INFO - OperationLogger.src.trading.trade_manager - [TradeManager_BACKTEST_TRADE_MANAGER] [STATUS_HEARTBEAT] Position: None | 120.0 s History: 44 signals | 60.0 s Density: 33 signals | 24.0 s Density: 14 signals | Last Trade: N/A ms ago
2020-09-13 20:32:07,000 - INFO - OperationLogger.src.trading.signal_generator - [SignalGenerator_BACKTEST_SIGNAL_GEN] [STATUS_HEARTBEAT] Indicators: SMA: FRESH (2000ms ago) | EMA: FRESH (2000ms ago) | PRICE: FRESH (2000ms ago)
2020-09-13 20:32:09,000 - INFO - OperationLogger.src.strategy.strategy_manager - [StrategyManager_STRATEGY_MANAGER] [STRATEGY_STATS] Signal Counts (1m): ema_sma_divergence: 1, ema_trend_follow_sell: 1, price_moving_average_sell: 1
2020-09-13 20:32:10,000 - INFO - OperationLogger.src.trading.trade_manager - [TradeManager_BACKTEST_TRADE_MANAGER] [STATUS_HEARTBEAT] Position: None | 120.0 s History: 46 signals | 60.0 s Density: 32 signals | 24.0 s Density: 13 signals | Last Trade: N/A ms ago
2020-09-13 20:32:12,000 - INFO - OperationLogger.src.trading.signal_generator - [SignalGenerator_BACKTEST_SIGNAL_GEN] [STATUS_HEARTBEAT] Indicators: SMA: FRESH (0ms ago) | EMA: FRESH (2000ms ago) | PRICE: FRESH (2000ms ago)
2020-09-13 20:32:16,000 - INFO - OperationLogger.src.strategy.strategy_manager - [StrategyManager_STRATEGY_MANAGER] [STRATEGY_STATS] Signal Counts (1m): death_cross: 1, ema_sma_divergence: 1, price_moving_average_sell: 1, ema_trend_follow_sell: 1
2020-09-13 20:32:16,000 - INFO - OperationLogger.src.trading.trade_manager - [TradeManager_BACKTEST_TRADE_MANAGER] [STATUS_HEARTBEAT] Position: None | 120.0 s History: 49 signals | 60.0 s Density: 32 signals | 24.0 s Density: 13 signals | Last Trade: N/A ms ago
2020-09-13 20:32:18,000 - INFO - OperationLogger.src.trading.signal_generator - [SignalGenerator_BACKTEST_SIGNAL_GEN] [STATUS_HEARTBEAT] Indicators: SMA: FRESH (1000ms ago) | EMA: FRESH (1000ms ago) | PRICE: FRESH (1000ms ago)
2020-09-13 20:32:20,000 - INFO - OperationLogger.src.strategy.strategy_manager - [StrategyManager_STRATEGY_MANAGER] [STRATEGY_STATS] Signal Counts (1m): ema_sma_divergence: 1, death_cross: 1, ema_trend_follow_sell: 1, price_moving_average_sell: 1
2020-09-13 20:32:23,000 - INFO - OperationLogger.src.trading.trade_manager - [TradeManager_BACKTEST_TRADE_MANAGER] [STATUS_HEARTBEAT] Position: None | 120.0 s History: 52 signals | 60.0 s Density: 30 signals | 24.0 s Density: 11 signals | Last Trade: N/A ms ago
2020-09-13 20:32:24,000 - INFO - OperationLogger.src.trading.signal_generator - [SignalGenerator_BACKTEST_SIGNAL_GEN] [STATUS_HEARTBEAT] Indicators: SMA: FRESH (1000ms ago) | EMA: FRESH (1000ms ago) | PRICE: FRESH (1000ms ago)
2020-09-13 20:32:27,000 - INFO - OperationLogger.src.strategy.strategy_manager - [StrategyManager_STRATEGY_MANAGER] [STRATEGY_STATS] Signal Counts (1m): ema_sma_divergence: 1, death_cross: 1, ema_trend_follow_sell: 1, price_moving_average_sell: 1
2020-09-13 20:32:28,000 - INFO - OperationLogger.src.trading.trade_manager - [TradeManager_BACKTEST_TRADE_MANAGER] [STATUS_HEARTBEAT] Position: None | 120.0 s History: 55 signals | 60.0 s Density: 30 signals | 24.0 s Density: 11 signals | Last Trade: N/A ms ago
2020-09-13 20:32:30,000 - INFO - OperationLogger.src.trading.signal_generator - [SignalGenerator_BACKTEST_SIGNAL_GEN] [STATUS_HEARTBEAT] Indicators: SMA: FRESH (0ms ago) | EMA: FRESH (1000ms ago) | PRICE: FRESH (1000ms ago)
2020-09-13 20:32:32,000 - INFO - OperationLogger.src.strategy.strategy_manager - [StrategyManager_STRATEGY_MANAGER] [STRATEGY_STATS] Signal Counts (1m): ema_sma_divergence: 1, ema_trend_follow_sell: 1, death_cross: 1, price_moving_average_sell: 1
2020-09-13 20:32:34,000 - INFO - OperationLogger.src.trading.trade_manager - [TradeManager_BACKTEST_TRADE_MANAGER] [STATUS_HEARTBEAT] Position: None | 120.0 s History: 58 signals | 60.0 s Density: 31 signals | 24.0 s Density: 12 signals | Last Trade: N/A ms ago
2020-09-13 20:32:36,000 - INFO - OperationLogger.src.trading.signal_generator - [SignalGenerator_BACKTEST_SIGNAL_GEN] [STATUS_HEARTBEAT] Indicators: SMA: FRESH (1000ms ago) | EMA: FRESH (1000ms ago) | PRICE: FRESH (1000ms ago)
2020-09-13 20:32:37,000 - INFO - TradingLogger.src.trading.trade_manager - [TradeManager_BACKTEST_TRADE_MANAGER] Trade Signal: SELL Entry Price: 65513.3 Amount: 1500.0 USDT or 0.229 BTC It is a NEW order.
2020-09-13 20:32:38,000 - INFO - OperationLogger.src.strategy.strategy_manager - [StrategyManager_STRATEGY_MANAGER] [STRATEGY_STATS] Signal Counts (1m): ema_sma_divergence: 1, ema_trend_follow_sell: 1, price_moving_average_sell: 1, death_cross: 1
2020-09-13 20:32:38,000 - INFO - OperationLogger.src.trading.trade_manager - [TradeManager_BACKTEST_TRADE_MANAGER] [STATUS_HEARTBEAT] Position: SELL (0.2290 BTC) | 120.0 s History: 61 signals | 60.0 s Density: 31 signals | 24.0 s Density: 14 signals | Last Trade: 0 ms ago
2020-09-13 20:32:44,000 - INFO - OperationLogger.src.trading.signal_generator - [SignalGenerator_BACKTEST_SIGNAL_GEN] [STATUS_HEARTBEAT] Indicators: SMA: FRESH (1000ms ago) | EMA: FRESH (1000ms ago) | PRICE: FRESH (1000ms ago)
2020-09-13 20:32:45,000 - INFO - OperationLogger.src.strategy.strategy_manager - [StrategyManager_STRATEGY_MANAGER] [STRATEGY_STATS] Signal Counts (1m): ema_trend_follow_sell: 2, ema_sma_divergence: 1, price_moving_average_sell: 1, death_cross: 1
2020-09-13 20:32:47,000 - INFO - OperationLogger.src.trading.trade_manager - [TradeManager_BACKTEST_TRADE_MANAGER] [STATUS_HEARTBEAT] Position: SELL (0.2290 BTC) | 120.0 s History: 63 signals | 60.0 s Density: 33 signals | 24.0 s Density: 14 signals | Last Trade: 9000 ms ago
2020-09-13 20:32:50,000 - INFO - OperationLogger.src.trading.signal_generator - [SignalGenerator_BACKTEST_SIGNAL_GEN] [STATUS_HEARTBEAT] Indicators: SMA: FRESH (1000ms ago) | EMA: FRESH (1000ms ago) | PRICE: FRESH (1000ms ago)
2020-09-13 20:32:51,000 - INFO - OperationLogger.src.strategy.strategy_manager - [StrategyManager_STRATEGY_MANAGER] [STRATEGY_STATS] Signal Counts (1m): ema_sma_divergence: 1, price_moving_average_sell: 1, ema_trend_follow_sell: 1
2020-09-13 20:32:55,000 - INFO - OperationLogger.src.trading.trade_manager - [TradeManager_BACKTEST_TRADE_MANAGER] [STATUS_HEARTBEAT] Position: SELL (0.2290 BTC) | 120.0 s History: 62 signals | 60.0 s Density: 31 signals | 24.0 s Density: 13 signals | Last Trade: 17000 ms ago
2020-09-13 20:33:02,000 - INFO - OperationLogger.src.trading.signal_generator - [SignalGenerator_BACKTEST_SIGNAL_GEN] [STATUS_HEARTBEAT] Indicators: SMA: FRESH (0ms ago) | EMA: FRESH (2000ms ago) | PRICE: FRESH (2000ms ago)
2020-09-13 20:33:04,000 - INFO - OperationLogger.src.strategy.strategy_manager - [StrategyManager_STRATEGY_MANAGER] [STRATEGY_STATS] Signal Counts (1m): price_moving_average_sell: 3, death_cross: 2, ema_sma_divergence: 2, ema_trend_follow_sell: 2
2020-09-13 20:33:04,000 - INFO - OperationLogger.src.trading.trade_manager - [TradeManager_BACKTEST_TRADE_MANAGER] [STATUS_HEARTBEAT] Position: SELL (0.2290 BTC) | 120.0 s History: 63 signals | 60.0 s Density: 30 signals | 24.0 s Density: 13 signals | Last Trade: 26000 ms ago
2020-09-13 20:33:11,000 - INFO - OperationLogger.src.trading.signal_generator - [SignalGenerator_BACKTEST_SIGNAL_GEN] [STATUS_HEARTBEAT] Indicators: SMA: FRESH (2000ms ago) | EMA: FRESH (2000ms ago) | PRICE: FRESH (3000ms ago)
2020-09-13 20:33:12,000 - INFO - OperationLogger.src.strategy.strategy_manager - [StrategyManager_STRATEGY_MANAGER] [STRATEGY_STATS] Signal Counts (1m): ema_sma_divergence: 1, ema_trend_follow_sell: 1, death_cross: 1, price_moving_average_sell: 1
2020-09-13 20:33:12,000 - INFO - OperationLogger.src.trading.trade_manager - [TradeManager_BACKTEST_TRADE_MANAGER] [STATUS_HEARTBEAT] Position: SELL (0.2290 BTC) | 120.0 s History: 63 signals | 60.0 s Density: 31 signals | 24.0 s Density: 12 signals | Last Trade: 34000 ms ago
2020-09-13 20:33:34,000 - INFO - OperationLogger.src.trading.signal_generator - [SignalGenerator_BACKTEST_SIGNAL_GEN] [STATUS_HEARTBEAT] Indicators: SMA: FRESH (0ms ago) | EMA: FRESH (0ms ago) | PRICE: FRESH (0ms ago)
2020-09-13 20:33:35,000 - INFO - OperationLogger.src.strategy.strategy_manager - [StrategyManager_STRATEGY_MANAGER] [STRATEGY_STATS] Signal Counts (1m): ema_trend_follow_sell: 5, ema_sma_divergence: 4, price_moving_average_sell: 5, death_cross: 3
2020-09-13 20:33:37,000 - INFO - OperationLogger.src.trading.trade_manager - [TradeManager_BACKTEST_TRADE_MANAGER] [STATUS_HEARTBEAT] Position: SELL (0.2290 BTC) | 120.0 s History: 63 signals | 60.0 s Density: 31 signals | 24.0 s Density: 13 signals | Last Trade: 59000 ms ago
2020-09-13 20:33:40,000 - INFO - OperationLogger.src.strategy.strategy_manager - [StrategyManager_STRATEGY_MANAGER] [STRATEGY_STATS] Signal Counts (1m): ema_sma_divergence: 1, ema_trend_follow_sell: 1, death_cross: 1, price_moving_average_sell: 1
2020-09-13 20:33:40,000 - INFO - OperationLogger.src.trading.signal_generator - [SignalGenerator_BACKTEST_SIGNAL_GEN] [STATUS_HEARTBEAT] Indicators: SMA: FRESH (0ms ago) | EMA: FRESH (1000ms ago) | PRICE: FRESH (1000ms ago)
2020-09-13 20:33:41,000 - INFO - OperationLogger.src.trading.trade_manager - [TradeManager_BACKTEST_TRADE_MANAGER] [STATUS_HEARTBEAT] Position: SELL (0.2290 BTC) | 120.0 s History: 63 signals | 60.0 s Density: 31 signals | 24.0 s Density: 13 signals | Last Trade: 63000 ms ago
2020-09-13 20:33:47,000 - INFO - OperationLogger.src.strategy.strategy_manager - [StrategyManager_STRATEGY_MANAGER] [STRATEGY_STATS] Signal Counts (1m): ema_trend_follow_sell: 1, ema_sma_divergence: 1, death_cross: 1, price_moving_average_sell: 1
2020-09-13 20:33:48,000 - INFO - OperationLogger.src.trading.signal_generator - [SignalGenerator_BACKTEST_SIGNAL_GEN] [STATUS_HEARTBEAT] Indicators: SMA: FRESH (1000ms ago) | EMA: FRESH (1000ms ago) | PRICE: FRESH (1000ms ago)
2020-09-13 20:33:48,000 - INFO - OperationLogger.src.trading.trade_manager - [TradeManager_BACKTEST_TRADE_MANAGER] [STATUS_HEARTBEAT] Position: SELL (0.2290 BTC) | 120.0 s History: 62 signals | 60.0 s Density: 31 signals | 24.0 s Density: 13 signals | Last Trade: 70000 ms ago
2020-09-13 20:33:53,000 - INFO - OperationLogger.src.strategy.strategy_manager - [StrategyManager_STRATEGY_MANAGER] [STRATEGY_STATS] Signal Counts (1m): ema_trend_follow_sell: 2, ema_sma_divergence: 1, price_moving_average_sell: 1, death_cross: 1
2020-09-13 20:33:55,000 - INFO - OperationLogger.src.trading.trade_manager - [TradeManager_BACKTEST_TRADE_MANAGER] [STATUS_HEARTBEAT] Position: SELL (0.2290 BTC) | 120.0 s History: 63 signals | 60.0 s Density: 32 signals | 24.0 s Density: 13 signals | Last Trade: 77000 ms ago
2020-09-13 20:33:55,000 - INFO - OperationLogger.src.trading.signal_generator - [SignalGenerator_BACKTEST_SIGNAL_GEN] [STATUS_HEARTBEAT] Indicators: SMA: FRESH (2000ms ago) | EMA: FRESH (2000ms ago) | PRICE: FRESH (2000ms ago)
2020-09-13 20:33:59,000 - INFO - OperationLogger.src.strategy.strategy_manager - [StrategyManager_STRATEGY_MANAGER] [STRATEGY_STATS] Signal Counts (1m): price_moving_average_sell: 1, ema_sma_divergence: 1, ema_trend_follow_sell: 1
2020-09-13 20:34:00,000 - INFO - OperationLogger.src.trading.trade_manager - [TradeManager_BACKTEST_TRADE_MANAGER] [STATUS_HEARTBEAT] Position: SELL (0.2290 BTC) | 120.0 s History: 63 signals | 60.0 s Density: 33 signals | 24.0 s Density: 14 signals | Last Trade: 82000 ms ago
2020-09-13 20:34:01,000 - INFO - OperationLogger.src.trading.signal_generator - [SignalGenerator_BACKTEST_SIGNAL_GEN] [STATUS_HEARTBEAT] Indicators: SMA: FRESH (1000ms ago) | EMA: FRESH (1000ms ago) | PRICE: FRESH (1000ms ago)
2020-09-13 20:34:08,000 - INFO - OperationLogger.src.strategy.strategy_manager - [StrategyManager_STRATEGY_MANAGER] [STRATEGY_STATS] Signal Counts (1m): price_moving_average_sell: 2, death_cross: 1, ema_sma_divergence: 1, ema_trend_follow_sell: 1
2020-09-13 20:34:08,000 - INFO - OperationLogger.src.trading.trade_manager - [TradeManager_BACKTEST_TRADE_MANAGER] [STATUS_HEARTBEAT] Position: SELL (0.2290 BTC) | 120.0 s History: 63 signals | 60.0 s Density: 32 signals | 24.0 s Density: 13 signals | Last Trade: 90000 ms ago
2020-09-13 20:34:10,000 - INFO - OperationLogger.src.trading.signal_generator - [SignalGenerator_BACKTEST_SIGNAL_GEN] [STATUS_HEARTBEAT] Indicators: SMA: FRESH (2000ms ago) | EMA: FRESH (2000ms ago) | PRICE: FRESH (2000ms ago)
2020-09-13 20:34:15,000 - INFO - OperationLogger.src.strategy.strategy_manager - [StrategyManager_STRATEGY_MANAGER] [STRATEGY_STATS] Signal Counts (1m): death_cross: 1, ema_trend_follow_sell: 1, price_moving_average_sell: 1, ema_sma_divergence: 1
2020-09-13 20:34:15,000 - INFO - OperationLogger.src.trading.trade_manager - [TradeManager_BACKTEST_TRADE_MANAGER] [STATUS_HEARTBEAT] Position: SELL (0.2290 BTC) | 120.0 s History: 63 signals | 60.0 s Density: 33 signals | 24.0 s Density: 14 signals | Last Trade: 97000 ms ago
2020-09-13 20:34:17,000 - INFO - OperationLogger.src.trading.signal_generator - [SignalGenerator_BACKTEST_SIGNAL_GEN] [STATUS_HEARTBEAT] Indicators: SMA: FRESH (2000ms ago) | EMA: FRESH (2000ms ago) | PRICE: FRESH (2000ms ago)
2020-09-13 20:34:20,000 - INFO - OperationLogger.src.strategy.strategy_manager - [StrategyManager_STRATEGY_MANAGER] [STRATEGY_STATS] Signal Counts (1m): death_cross: 1, ema_trend_follow_sell: 2, price_moving_average_sell: 2, ema_sma_divergence: 1
2020-09-13 20:34:21,000 - INFO - OperationLogger.src.trading.trade_manager - [TradeManager_BACKTEST_TRADE_MANAGER] [STATUS_HEARTBEAT] Position: SELL (0.2290 BTC) | 120.0 s History: 62 signals | 60.0 s Density: 32 signals | 24.0 s Density: 13 signals | Last Trade: 103000 ms ago
2020-09-13 20:34:23,000 - INFO - OperationLogger.src.trading.signal_generator - [SignalGenerator_BACKTEST_SIGNAL_GEN] [STATUS_HEARTBEAT] Indicators: SMA: FRESH (1000ms ago) | EMA: FRESH (1000ms ago) | PRICE: FRESH (2000ms ago)
2020-09-13 20:34:29,000 - INFO - OperationLogger.src.strategy.strategy_manager - [StrategyManager_STRATEGY_MANAGER] [STRATEGY_STATS] Signal Counts (1m): death_cross: 1, ema_sma_divergence: 1, ema_trend_follow_sell: 1, price_moving_average_sell: 1
2020-09-13 20:34:30,000 - INFO - OperationLogger.src.trading.trade_manager - [TradeManager_BACKTEST_TRADE_MANAGER] [STATUS_HEARTBEAT] Position: SELL (0.2290 BTC) | 120.0 s History: 65 signals | 60.0 s Density: 33 signals | 24.0 s Density: 15 signals | Last Trade: 112000 ms ago
2020-09-13 20:34:32,000 - INFO - OperationLogger.src.trading.signal_generator - [SignalGenerator_BACKTEST_SIGNAL_GEN] [STATUS_HEARTBEAT] Indicators: SMA: FRESH (1000ms ago) | EMA: FRESH (1000ms ago) | PRICE: FRESH (2000ms ago)
2020-09-13 20:34:35,000 - INFO - OperationLogger.src.strategy.strategy_manager - [StrategyManager_STRATEGY_MANAGER] [STRATEGY_STATS] Signal Counts (1m): price_moving_average_sell: 2, ema_sma_divergence: 1, death_cross: 1, ema_trend_follow_sell: 2
2020-09-13 20:34:37,000 - INFO - OperationLogger.src.trading.trade_manager - [TradeManager_BACKTEST_TRADE_MANAGER] [STATUS_HEARTBEAT] Position: SELL (0.2290 BTC) | 120.0 s History: 62 signals | 60.0 s Density: 32 signals | 24.0 s Density: 13 signals | Last Trade: 119000 ms ago
2020-09-13 20:34:38,000 - INFO - OperationLogger.src.trading.signal_generator - [SignalGenerator_BACKTEST_SIGNAL_GEN] [STATUS_HEARTBEAT] Indicators: SMA: FRESH (1000ms ago) | EMA: FRESH (1000ms ago) | PRICE: FRESH (2000ms ago)
2020-09-13 20:34:41,000 - INFO - OperationLogger.src.strategy.strategy_manager - [StrategyManager_STRATEGY_MANAGER] [STRATEGY_STATS] Signal Counts (1m): death_cross: 1, ema_sma_divergence: 1, price_moving_average_sell: 1, ema_trend_follow_sell: 1
2020-09-13 20:34:42,000 - INFO - OperationLogger.src.trading.trade_manager - [TradeManager_BACKTEST_TRADE_MANAGER] [STATUS_HEARTBEAT] Position: SELL (0.2290 BTC) | 120.0 s History: 63 signals | 60.0 s Density: 32 signals | 24.0 s Density: 13 signals | Last Trade: 124000 ms ago
2020-09-13 20:34:48,000 - INFO - OperationLogger.src.trading.signal_generator - [SignalGenerator_BACKTEST_SIGNAL_GEN] [STATUS_HEARTBEAT] Indicators: SMA: FRESH (2000ms ago) | EMA: FRESH (2000ms ago) | PRICE: FRESH (2000ms ago)
2020-09-13 20:34:51,000 - INFO - OperationLogger.src.strategy.strategy_manager - [StrategyManager_STRATEGY_MANAGER] [STRATEGY_STATS] Signal Counts (1m): ema_sma_divergence: 2, death_cross: 1, ema_trend_follow_sell: 2, price_moving_average_sell: 1
2020-09-13 20:34:51,000 - INFO - OperationLogger.src.trading.trade_manager - [TradeManager_BACKTEST_TRADE_MANAGER] [STATUS_HEARTBEAT] Position: SELL (0.2290 BTC) | 120.0 s History: 62 signals | 60.0 s Density: 31 signals | 24.0 s Density: 12 signals | Last Trade: 133000 ms ago
2020-09-13 20:34:55,000 - INFO - OperationLogger.src.trading.signal_generator - [SignalGenerator_BACKTEST_SIGNAL_GEN] [STATUS_HEARTBEAT] Indicators: SMA: FRESH (1000ms ago) | EMA: FRESH (2000ms ago) | PRICE: FRESH (2000ms ago)
2020-09-13 20:34:56,000 - INFO - OperationLogger.src.strategy.strategy_manager - [StrategyManager_STRATEGY_MANAGER] [STRATEGY_STATS] Signal Counts (1m): price_moving_average_sell: 1, death_cross: 1
2020-09-13 20:34:58,000 - INFO - OperationLogger.src.trading.trade_manager - [TradeManager_BACKTEST_TRADE_MANAGER] [STATUS_HEARTBEAT] Position: SELL (0.2290 BTC) | 120.0 s History: 63 signals | 60.0 s Density: 32 signals | 24.0 s Density: 13 signals | Last Trade: 140000 ms ago
2020-09-13 20:35:14,000 - INFO - OperationLogger.src.trading.signal_generator - [SignalGenerator_BACKTEST_SIGNAL_GEN] [STATUS_HEARTBEAT] Indicators: SMA: FRESH (1000ms ago) | EMA: FRESH (1000ms ago) | PRICE: FRESH (1000ms ago)
2020-09-13 20:35:17,000 - INFO - OperationLogger.src.strategy.strategy_manager - [StrategyManager_STRATEGY_MANAGER] [STRATEGY_STATS] Signal Counts (1m): ema_trend_follow_sell: 5, ema_sma_divergence: 4, price_moving_average_sell: 4, death_cross: 3
2020-09-13 20:35:19,000 - INFO - OperationLogger.src.trading.trade_manager - [TradeManager_BACKTEST_TRADE_MANAGER] [STATUS_HEARTBEAT] Position: SELL (0.2290 BTC) | 120.0 s History: 63 signals | 60.0 s Density: 32 signals | 24.0 s Density: 13 signals | Last Trade: 161000 ms ago
2020-09-13 20:35:25,000 - INFO - OperationLogger.src.trading.signal_generator - [SignalGenerator_BACKTEST_SIGNAL_GEN] [STATUS_HEARTBEAT] Indicators: SMA: FRESH (2000ms ago) | EMA: FRESH (3000ms ago) | PRICE: FRESH (3000ms ago)
2020-09-13 20:35:25,000 - INFO - OperationLogger.src.strategy.strategy_manager - [StrategyManager_STRATEGY_MANAGER] [STRATEGY_STATS] Signal Counts (1m): price_moving_average_sell: 2, ema_trend_follow_sell: 1, death_cross: 1, ema_sma_divergence: 1
2020-09-13 20:35:25,000 - INFO - OperationLogger.src.trading.trade_manager - [TradeManager_BACKTEST_TRADE_MANAGER] [STATUS_HEARTBEAT] Position: SELL (0.2290 BTC) | 120.0 s History: 62 signals | 60.0 s Density: 32 signals | 24.0 s Density: 13 signals | Last Trade: 167000 ms ago
2020-09-13 20:35:34,000 - INFO - OperationLogger.src.trading.signal_generator - [SignalGenerator_BACKTEST_SIGNAL_GEN] [STATUS_HEARTBEAT] Indicators: SMA: FRESH (1000ms ago) | EMA: FRESH (2000ms ago) | PRICE: FRESH (2000ms ago)
2020-09-13 20:35:34,000 - INFO - OperationLogger.src.strategy.strategy_manager - [StrategyManager_STRATEGY_MANAGER] [STRATEGY_STATS] Signal Counts (1m): ema_trend_follow_sell: 2, ema_sma_divergence: 1, death_cross: 1, price_moving_average_sell: 1
2020-09-13 20:35:36,000 - INFO - OperationLogger.src.trading.trade_manager - [TradeManager_BACKTEST_TRADE_MANAGER] [STATUS_HEARTBEAT] Position: SELL (0.2290 BTC) | 120.0 s History: 63 signals | 60.0 s Density: 31 signals | 24.0 s Density: 13 signals | Last Trade: 178000 ms ago
2020-09-13 20:35:42,000 - INFO - OperationLogger.src.trading.signal_generator - [SignalGenerator_BACKTEST_SIGNAL_GEN] [STATUS_HEARTBEAT] Indicators: SMA: FRESH (2000ms ago) | EMA: FRESH (2000ms ago) | PRICE: FRESH (3000ms ago)
2020-09-13 20:35:44,000 - INFO - OperationLogger.src.strategy.strategy_manager - [StrategyManager_STRATEGY_MANAGER] [STRATEGY_STATS] Signal Counts (1m): price_moving_average_sell: 2, ema_sma_divergence: 2, death_cross: 1, ema_trend_follow_sell: 1
2020-09-13 20:35:46,000 - INFO - OperationLogger.src.trading.trade_manager - [TradeManager_BACKTEST_TRADE_MANAGER] [STATUS_HEARTBEAT] Position: SELL (0.2290 BTC) | 120.0 s History: 62 signals | 60.0 s Density: 32 signals | 24.0 s Density: 14 signals | Last Trade: 188000 ms ago
2020-09-13 20:35:54,000 - INFO - OperationLogger.src.strategy.strategy_manager - [StrategyManager_STRATEGY_MANAGER] [STRATEGY_STATS] Signal Counts (1m): death_cross: 2, ema_trend_follow_sell: 3, price_moving_average_sell: 2, ema_sma_divergence: 1
2020-09-13 20:35:54,000 - INFO - OperationLogger.src.trading.signal_generator - [SignalGenerator_BACKTEST_SIGNAL_GEN] [STATUS_HEARTBEAT] Indicators: SMA: FRESH (2000ms ago) | EMA: FRESH (3000ms ago) | PRICE: FRESH (3000ms ago)
2020-09-13 20:35:54,000 - INFO - OperationLogger.src.trading.trade_manager - [TradeManager_BACKTEST_TRADE_MANAGER] [STATUS_HEARTBEAT] Position: SELL (0.2290 BTC) | 120.0 s History: 62 signals | 60.0 s Density: 31 signals | 24.0 s Density: 13 signals | Last Trade: 196000 ms ago
2020-09-13 20:36:00,000 - INFO - OperationLogger.src.strategy.strategy_manager - [StrategyManager_STRATEGY_MANAGER] [STRATEGY_STATS] Signal Counts (1m): ema_sma_divergence: 1, price_moving_average_sell: 1, ema_trend_follow_sell: 1, death_cross: 1
2020-09-13 20:36:00,000 - INFO - OperationLogger.src.trading.signal_generator - [SignalGenerator_BACKTEST_SIGNAL_GEN] [STATUS_HEARTBEAT] Indicators: SMA: FRESH (1000ms ago) | EMA: FRESH (1000ms ago) | PRICE: FRESH (3000ms ago)
2020-09-13 20:36:00,000 - INFO - OperationLogger.src.trading.trade_manager - [TradeManager_BACKTEST_TRADE_MANAGER] [STATUS_HEARTBEAT] Position: SELL (0.2290 BTC) | 120.0 s History: 63 signals | 60.0 s Density: 32 signals | 24.0 s Density: 13 signals | Last Trade: 202000 ms ago
2020-09-13 20:36:04,000 - INFO - OperationLogger.src.strategy.strategy_manager - [StrategyManager_STRATEGY_MANAGER] [STRATEGY_STATS] Signal Counts (1m): ema_sma_divergence: 1, price_moving_average_sell: 1, ema_trend_follow_sell: 1
2020-09-13 20:36:07,000 - INFO - OperationLogger.src.trading.signal_generator - [SignalGenerator_BACKTEST_SIGNAL_GEN] [STATUS_HEARTBEAT] Indicators: SMA: FRESH (3000ms ago) | EMA: FRESH (3000ms ago) | PRICE: FRESH (3000ms ago)
2020-09-13 20:36:07,000 - INFO - OperationLogger.src.trading.trade_manager - [TradeManager_BACKTEST_TRADE_MANAGER] [STATUS_HEARTBEAT] Position: SELL (0.2290 BTC) | 120.0 s History: 63 signals | 60.0 s Density: 32 signals | 24.0 s Density: 14 signals | Last Trade: 209000 ms ago
2020-09-13 20:36:16,000 - INFO - OperationLogger.src.strategy.strategy_manager - [StrategyManager_STRATEGY_MANAGER] [STRATEGY_STATS] Signal Counts (1m): ema_sma_divergence: 2, price_moving_average_sell: 2, death_cross: 2, ema_trend_follow_sell: 2
2020-09-13 20:36:16,000 - INFO - OperationLogger.src.trading.trade_manager - [TradeManager_BACKTEST_TRADE_MANAGER] [STATUS_HEARTBEAT] Position: SELL (0.2290 BTC) | 120.0 s History: 61 signals | 60.0 s Density: 31 signals | 24.0 s Density: 12 signals | Last Trade: 218000 ms ago
2020-09-13 20:36:17,000 - INFO - OperationLogger.src.trading.signal_generator - [SignalGenerator_BACKTEST_SIGNAL_GEN] [STATUS_HEARTBEAT] Indicators: SMA: FRESH (1000ms ago) | EMA: FRESH (1000ms ago) | PRICE: FRESH (3000ms ago)
2020-09-13 20:36:28,000 - INFO - OperationLogger.src.strategy.strategy_manager - [StrategyManager_STRATEGY_MANAGER] [STRATEGY_STATS] Signal Counts (1m): price_moving_average_sell: 2, ema_sma_divergence: 1, ema_trend_follow_sell: 1, death_cross: 1
2020-09-13 20:36:28,000 - INFO - OperationLogger.src.trading.trade_manager - [TradeManager_BACKTEST_TRADE_MANAGER] [STATUS_HEARTBEAT] Position: SELL (0.2290 BTC) | 120.0 s History: 61 signals | 60.0 s Density: 31 signals | 24.0 s Density: 12 signals | Last Trade: 230000 ms ago
2020-09-13 20:36:28,000 - INFO - OperationLogger.src.trading.signal_generator - [SignalGenerator_BACKTEST_SIGNAL_GEN] [STATUS_HEARTBEAT] Indicators: SMA: FRESH (3000ms ago) | EMA: FRESH (3000ms ago) | PRICE: FRESH (3000ms ago)
2020-09-13 20:36:32,000 - INFO - OperationLogger.src.strategy.strategy_manager - [StrategyManager_STRATEGY_MANAGER] [STRATEGY_STATS] Signal Counts (1m): ema_trend_follow_sell: 1, ema_sma_divergence: 1, price_moving_average_sell: 1, death_cross: 1
2020-09-13 20:36:34,000 - INFO - OperationLogger.src.trading.trade_manager - [TradeManager_BACKTEST_TRADE_MANAGER] [STATUS_HEARTBEAT] Position: SELL (0.2290 BTC) | 120.0 s History: 61 signals | 60.0 s Density: 31 signals | 24.0 s Density: 12 signals | Last Trade: 236000 ms ago
2020-09-13 20:36:34,000 - INFO - OperationLogger.src.trading.signal_generator - [SignalGenerator_BACKTEST_SIGNAL_GEN] [STATUS_HEARTBEAT] Indicators: SMA: FRESH (1000ms ago) | EMA: FRESH (1000ms ago) | PRICE: FRESH (2000ms ago)
2020-09-13 20:36:39,000 - INFO - OperationLogger.src.strategy.strategy_manager - [StrategyManager_STRATEGY_MANAGER] [STRATEGY_STATS] Signal Counts (1m): ema_trend_follow_sell: 2, ema_sma_divergence: 1, price_moving_average_sell: 2, death_cross: 1
2020-09-13 20:36:39,000 - INFO - OperationLogger.src.trading.trade_manager - [TradeManager_BACKTEST_TRADE_MANAGER] [STATUS_HEARTBEAT] Position: SELL (0.2290 BTC) | 120.0 s History: 62 signals | 60.0 s Density: 31 signals | 24.0 s Density: 14 signals | Last Trade: 241000 ms ago
2020-09-13 20:36:42,000 - INFO - OperationLogger.src.trading.signal_generator - [SignalGenerator_BACKTEST_SIGNAL_GEN] [STATUS_HEARTBEAT] Indicators: SMA: FRESH (2000ms ago) | EMA: FRESH (3000ms ago) | PRICE: FRESH (3000ms ago)
2020-09-13 20:36:43,000 - INFO - OperationLogger.src.data.data_manager - [DataManager_BACKTEST_DATA_MANAGER] [DATA_CLEANUP] Action: skipped | Rows: 602 | All within 1h retention window
2020-09-13 20:36:44,000 - INFO - OperationLogger.src.strategy.strategy_manager - [StrategyManager_STRATEGY_MANAGER] [STRATEGY_STATS] Signal Counts (1m): ema_sma_divergence: 1, death_cross: 1, ema_trend_follow_sell: 1, price_moving_average_sell: 1
2020-09-13 20:36:46,000 - INFO - OperationLogger.src.trading.trade_manager - [TradeManager_BACKTEST_TRADE_MANAGER] [STATUS_HEARTBEAT] Position: SELL (0.2290 BTC) | 120.0 s History: 62 signals | 60.0 s Density: 31 signals | 24.0 s Density: 13 signals | Last Trade: 248000 ms ago
2020-09-13 20:36:46,000 - INFO - OperationLogger.src.trading.signal_generator - [SignalGenerator_BACKTEST_SIGNAL_GEN] [STATUS_HEARTBEAT] Indicators: SMA: FRESH (0ms ago) | EMA: FRESH (1000ms ago) | PRICE: FRESH (1000ms ago)
2020-09-13 20:36:51,000 - INFO - OperationLogger.src.strategy.strategy_manager - [StrategyManager_STRATEGY_MANAGER] [STRATEGY_STATS] Signal Counts (1m): ema_sma_divergence: 1, price_moving_average_buy: 1, ema_trend_follow_sell: 1, death_cross: 1
2020-09-13 20:36:56,000 - INFO - OperationLogger.src.trading.trade_manager - [TradeManager_BACKTEST_TRADE_MANAGER] [STATUS_HEARTBEAT] Position: SELL (0.2290 BTC) | 120.0 s History: 61 signals | 60.0 s Density: 30 signals | 24.0 s Density: 12 signals | Last Trade: 258000 ms ago
2020-09-13 20:36:56,000 - INFO - OperationLogger.src.trading.signal_generator - [SignalGenerator_BACKTEST_SIGNAL_GEN] [STATUS_HEARTBEAT] Indicators: SMA: FRESH (0ms ago) | EMA: FRESH (1000ms ago) | PRICE: FRESH (1000ms ago)
2020-09-13 20:37:00,000 - INFO - OperationLogger.src.strategy.strategy_manager - [StrategyManager_STRATEGY_MANAGER] [STRATEGY_STATS] Signal Counts (1m): price_moving_average_buy: 1, ema_sma_divergence: 1, ema_trend_follow_sell: 1, death_cross: 1
2020-09-13 20:37:01,000 - INFO - OperationLogger.src.trading.trade_manager - [TradeManager_BACKTEST_TRADE_MANAGER] [STATUS_HEARTBEAT] Position: SELL (0.2290 BTC) | 120.0 s History: 62 signals | 60.0 s Density: 31 signals | 24.0 s Density: 14 signals | Last Trade: 263000 ms ago
2020-09-13 20:37:04,000 - INFO - OperationLogger.src.trading.signal_generator - [SignalGenerator_BACKTEST_SIGNAL_GEN] [STATUS_HEARTBEAT] Indicators: SMA: FRESH (0ms ago) | EMA: FRESH (2000ms ago) | PRICE: FRESH (2000ms ago)
2020-09-13 20:37:07,000 - INFO - OperationLogger.src.strategy.strategy_manager - [StrategyManager_STRATEGY_MANAGER] [STRATEGY_STATS] Signal Counts (1m): price_moving_average_buy: 2, ema_trend_follow_sell: 2, ema_sma_divergence: 1, death_cross: 1
2020-09-13 20:37:07,000 - INFO - OperationLogger.src.trading.trade_manager - [TradeManager_BACKTEST_TRADE_MANAGER] [STATUS_HEARTBEAT] Position: SELL (0.2290 BTC) | 120.0 s History: 62 signals | 60.0 s Density: 32 signals | 24.0 s Density: 14 signals | Last Trade: 269000 ms ago
2020-09-13 20:37:12,000 - INFO - OperationLogger.src.trading.signal_generator - [SignalGenerator_BACKTEST_SIGNAL_GEN] [STATUS_HEARTBEAT] Indicators: SMA: FRESH (2000ms ago) | EMA: FRESH (2000ms ago) | PRICE: FRESH (3000ms ago)
2020-09-13 20:37:13,000 - INFO - OperationLogger.src.strategy.strategy_manager - [StrategyManager_STRATEGY_MANAGER] [STRATEGY_STATS] Signal Counts (1m): ema_sma_divergence: 1, price_moving_average_sell: 1, ema_trend_follow_sell: 1, death_cross: 1
2020-09-13 20:37:14,000 - INFO - OperationLogger.src.trading.trade_manager - [TradeManager_BACKTEST_TRADE_MANAGER] [STATUS_HEARTBEAT] Position: SELL (0.2290 BTC) | 120.0 s History: 61 signals | 60.0 s Density: 31 signals | 24.0 s Density: 12 signals | Last Trade: 276000 ms ago
2020-09-13 20:37:19,000 - INFO - OperationLogger.src.trading.signal_generator - [SignalGenerator_BACKTEST_SIGNAL_GEN] [STATUS_HEARTBEAT] Indicators: SMA: FRESH (1000ms ago) | EMA: FRESH (2000ms ago) | PRICE: FRESH (2000ms ago)
2020-09-13 20:37:21,000 - INFO - OperationLogger.src.strategy.strategy_manager - [StrategyManager_STRATEGY_MANAGER] [STRATEGY_STATS] Signal Counts (1m): price_moving_average_sell: 1, ema_sma_divergence: 1, ema_trend_follow_sell: 1, price_moving_average_buy: 1
2020-09-13 20:37:21,000 - INFO - OperationLogger.src.trading.trade_manager - [TradeManager_BACKTEST_TRADE_MANAGER] [STATUS_HEARTBEAT] Position: SELL (0.2290 BTC) | 120.0 s History: 63 signals | 60.0 s Density: 33 signals | 24.0 s Density: 14 signals | Last Trade: 283000 ms ago
2020-09-13 20:37:26,000 - INFO - OperationLogger.src.trading.signal_generator - [SignalGenerator_BACKTEST_SIGNAL_GEN] [STATUS_HEARTBEAT] Indicators: SMA: FRESH (3000ms ago) | EMA: FRESH (3000ms ago) | PRICE: FRESH (3000ms ago)
2020-09-13 20:37:27,000 - INFO - OperationLogger.src.strategy.strategy_manager - [StrategyManager_STRATEGY_MANAGER] [STRATEGY_STATS] Signal Counts (1m): price_moving_average_sell: 2, death_cross: 1, ema_sma_divergence: 1, ema_trend_follow_sell: 1
2020-09-13 20:37:30,000 - INFO - OperationLogger.src.trading.trade_manager - [TradeManager_BACKTEST_TRADE_MANAGER] [STATUS_HEARTBEAT] Position: SELL (0.2290 BTC) | 120.0 s History: 62 signals | 60.0 s Density: 32 signals | 24.0 s Density: 14 signals | Last Trade: 292000 ms ago
2020-09-13 20:37:35,000 - INFO - OperationLogger.src.trading.signal_generator - [SignalGenerator_BACKTEST_SIGNAL_GEN] [STATUS_HEARTBEAT] Indicators: SMA: FRESH (0ms ago) | EMA: FRESH (1000ms ago) | PRICE: FRESH (1000ms ago)
2020-09-13 20:37:39,000 - INFO - OperationLogger.src.strategy.strategy_manager - [StrategyManager_STRATEGY_MANAGER] [STRATEGY_STATS] Signal Counts (1m): ema_trend_follow_sell: 2, death_cross: 2, ema_sma_divergence: 2, price_moving_average_buy: 2
2020-09-13 20:37:39,000 - INFO - OperationLogger.src.trading.trade_manager - [TradeManager_BACKTEST_TRADE_MANAGER] [STATUS_HEARTBEAT] Position: SELL (0.2290 BTC) | 120.0 s History: 61 signals | 60.0 s Density: 32 signals | 24.0 s Density: 13 signals | Last Trade: 301000 ms ago
2020-09-13 20:37:44,000 - INFO - OperationLogger.src.trading.signal_generator - [SignalGenerator_BACKTEST_SIGNAL_GEN] [STATUS_HEARTBEAT] Indicators: SMA: FRESH (3000ms ago) | EMA: FRESH (3000ms ago) | PRICE: FRESH (3000ms ago)
2020-09-13 20:37:44,000 - INFO - OperationLogger.src.strategy.strategy_manager - [StrategyManager_STRATEGY_MANAGER] [STRATEGY_STATS] Signal Counts (1m): ema_trend_follow: 1, price_moving_average_buy: 1
2020-09-13 20:37:46,000 - INFO - OperationLogger.src.trading.trade_manager - [TradeManager_BACKTEST_TRADE_MANAGER] [STATUS_HEARTBEAT] Position: SELL (0.2290 BTC) | 120.0 s History: 62 signals | 60.0 s Density: 31 signals | 24.0 s Density: 12 signals | Last Trade: 308000 ms ago
2020-09-13 20:37:52,000 - INFO - OperationLogger.src.trading.signal_generator - [SignalGenerator_BACKTEST_SIGNAL_GEN] [STATUS_HEARTBEAT] Indicators: SMA: FRESH (0ms ago) | EMA: FRESH (2000ms ago) | PRICE: FRESH (2000ms ago)
2020-09-13 20:37:55,000 - INFO - OperationLogger.src.strategy.strategy_manager - [StrategyManager_STRATEGY_MANAGER] [STRATEGY_STATS] Signal Counts (1m): golden_cross: 2, ema_sma_divergence: 2, ema_trend_follow: 2, price_moving_average_buy: 2
2020-09-13 20:37:55,000 - INFO - OperationLogger.src.trading.trade_manager - [TradeManager_BACKTEST_TRADE_MANAGER] [STATUS_HEARTBEAT] Position: SELL (0.2290 BTC) | 120.0 s History: 61 signals | 60.0 s Density: 32 signals | 24.0 s Density: 12 signals | Last Trade: 317000 ms ago
2020-09-13 20:38:00,000 - INFO - OperationLogger.src.trading.signal_generator - [SignalGenerator_BACKTEST_SIGNAL_GEN] [STATUS_HEARTBEAT] Indicators: SMA: FRESH (2000ms ago) | EMA: FRESH (2000ms ago) | PRICE: FRESH (4000ms ago)
2020-09-13 20:38:00,000 - INFO - OperationLogger.src.strategy.strategy_manager - [StrategyManager_STRATEGY_MANAGER] [STRATEGY_STATS] Signal Counts (1m): ema_sma_divergence: 1, ema_trend_follow: 1, price_moving_average_buy: 1
2020-09-13 20:38:00,000 - INFO - OperationLogger.src.trading.trade_manager - [TradeManager_BACKTEST_TRADE_MANAGER] [STATUS_HEARTBEAT] Position: SELL (0.2290 BTC) | 120.0 s History: 61 signals | 60.0 s Density: 31 signals | 24.0 s Density: 11 signals | Last Trade: 322000 ms ago
2020-09-13 20:38:07,000 - INFO - OperationLogger.src.trading.signal_generator - [SignalGenerator_BACKTEST_SIGNAL_GEN] [STATUS_HEARTBEAT] Indicators: SMA: FRESH (2000ms ago) | EMA: FRESH (3000ms ago) | PRICE: FRESH (3000ms ago)
2020-09-13 20:38:07,000 - INFO - OperationLogger.src.strategy.strategy_manager - [StrategyManager_STRATEGY_MANAGER] [STRATEGY_STATS] Signal Counts (1m): golden_cross: 1, ema_trend_follow: 1, ema_sma_divergence: 1, price_moving_average_buy: 1
2020-09-13 20:38:07,000 - INFO - OperationLogger.src.trading.trade_manager - [TradeManager_BACKTEST_TRADE_MANAGER] [STATUS_HEARTBEAT] Position: SELL (0.2290 BTC) | 120.0 s History: 61 signals | 60.0 s Density: 30 signals | 24.0 s Density: 12 signals | Last Trade: 329000 ms ago
2020-09-13 20:38:15,000 - INFO - OperationLogger.src.trading.signal_generator - [SignalGenerator_BACKTEST_SIGNAL_GEN] [STATUS_HEARTBEAT] Indicators: SMA: FRESH (3000ms ago) | EMA: FRESH (3000ms ago) | PRICE: FRESH (3000ms ago)
2020-09-13 20:38:15,000 - INFO - OperationLogger.src.strategy.strategy_manager - [StrategyManager_STRATEGY_MANAGER] [STRATEGY_STATS] Signal Counts (1m): ema_trend_follow: 2, golden_cross: 1, ema_sma_divergence: 1, price_moving_average_buy: 1
2020-09-13 20:38:15,000 - INFO - OperationLogger.src.trading.trade_manager - [TradeManager_BACKTEST_TRADE_MANAGER] [STATUS_HEARTBEAT] Position: SELL (0.2290 BTC) | 120.0 s History: 61 signals | 60.0 s Density: 30 signals | 24.0 s Density: 12 signals | Last Trade: 337000 ms ago
2020-09-13 20:38:24,000 - INFO - OperationLogger.src.strategy.strategy_manager - [StrategyManager_STRATEGY_MANAGER] [STRATEGY_STATS] Signal Counts (1m): golden_cross: 1, price_moving_average_buy: 2, ema_sma_divergence: 1, ema_trend_follow: 1
2020-09-13 20:38:24,000 - INFO - OperationLogger.src.trading.signal_generator - [SignalGenerator_BACKTEST_SIGNAL_GEN] [STATUS_HEARTBEAT] Indicators: SMA: FRESH (2000ms ago) | EMA: FRESH (2000ms ago) | PRICE: FRESH (3000ms ago)
2020-09-13 20:38:24,000 - INFO - OperationLogger.src.trading.trade_manager - [TradeManager_BACKTEST_TRADE_MANAGER] [STATUS_HEARTBEAT] Position: SELL (0.2290 BTC) | 120.0 s History: 61 signals | 60.0 s Density: 28 signals | 24.0 s Density: 12 signals | Last Trade: 346000 ms ago
2020-09-13 20:38:29,000 - INFO - OperationLogger.src.strategy.strategy_manager - [StrategyManager_STRATEGY_MANAGER] [STRATEGY_STATS] Signal Counts (1m): golden_cross: 1, ema_sma_divergence: 1, ema_trend_follow: 1, price_moving_average_buy: 1
2020-09-13 20:38:30,000 - INFO - OperationLogger.src.trading.trade_manager - [TradeManager_BACKTEST_TRADE_MANAGER] [STATUS_HEARTBEAT] Position: SELL (0.2290 BTC) | 120.0 s History: 60 signals | 60.0 s Density: 28 signals | 24.0 s Density: 12 signals | Last Trade: 352000 ms ago
2020-09-13 20:38:30,000 - INFO - OperationLogger.src.trading.signal_generator - [SignalGenerator_BACKTEST_SIGNAL_GEN] [STATUS_HEARTBEAT] Indicators: SMA: FRESH (1000ms ago) | EMA: FRESH (2000ms ago) | PRICE: FRESH (2000ms ago)
2020-09-13 20:38:55,000 - INFO - OperationLogger.src.strategy.strategy_manager - [StrategyManager_STRATEGY_MANAGER] [STRATEGY_STATS] Signal Counts (1m): ema_trend_follow: 5, ema_sma_divergence: 4, golden_cross: 4, price_moving_average_buy: 5
2020-09-13 20:39:00,000 - INFO - OperationLogger.src.trading.trade_manager - [TradeManager_BACKTEST_TRADE_MANAGER] [STATUS_HEARTBEAT] Position: SELL (0.2290 BTC) | 120.0 s History: 62 signals | 60.0 s Density: 32 signals | 24.0 s Density: 14 signals | Last Trade: 382000 ms ago
2020-09-13 20:39:00,000 - INFO - TradingLogger.src.trading.trade_manager - [TradeManager_BACKTEST_TRADE_MANAGER] Trade Signal: BUY Entry Price: 66896.6 Amount: 2773.84 USDT or 0.419 BTC It is a REVERSE order.
2020-09-13 20:39:01,000 - INFO - OperationLogger.src.trading.signal_generator - [SignalGenerator_BACKTEST_SIGNAL_GEN] [STATUS_HEARTBEAT] Indicators: SMA: FRESH (1000ms ago) | EMA: FRESH (1000ms ago) | PRICE: FRESH (1000ms ago)
2020-09-13 20:39:08,000 - INFO - OperationLogger.src.strategy.strategy_manager - [StrategyManager_STRATEGY_MANAGER] [STRATEGY_STATS] Signal Counts (1m): ema_sma_divergence: 3, ema_trend_follow: 3, price_moving_average_buy: 2, golden_cross: 2
2020-09-13 20:39:13,000 - INFO - OperationLogger.src.trading.trade_manager - [TradeManager_BACKTEST_TRADE_MANAGER] [STATUS_HEARTBEAT] Position: BUY (0.1900 BTC) | 120.0 s History: 61 signals | 60.0 s Density: 30 signals | 24.0 s Density: 12 signals | Last Trade: 12000 ms ago
2020-09-13 20:39:14,000 - INFO - OperationLogger.src.trading.signal_generator - [SignalGenerator_BACKTEST_SIGNAL_GEN] [STATUS_HEARTBEAT] Indicators: SMA: FRESH (3000ms ago) | EMA: FRESH (3000ms ago) | PRICE: FRESH (3000ms ago)
2020-09-13 20:39:44,000 - INFO - OperationLogger.src.strategy.strategy_manager - [StrategyManager_STRATEGY_MANAGER] [STRATEGY_STATS] Signal Counts (1m): price_moving_average_buy: 7, ema_trend_follow: 7, ema_sma_divergence: 6, golden_cross: 5
2020-09-13 20:39:50,000 - INFO - OperationLogger.src.trading.trade_manager - [TradeManager_BACKTEST_TRADE_MANAGER] [STATUS_HEARTBEAT] Position: BUY (0.1900 BTC) | 120.0 s History: 62 signals | 60.0 s Density: 32 signals | 24.0 s Density: 13 signals | Last Trade: 49000 ms ago
2020-09-13 20:39:51,000 - INFO - OperationLogger.src.trading.signal_generator - [SignalGenerator_BACKTEST_SIGNAL_GEN] [STATUS_HEARTBEAT] Indicators: SMA: STALE (5000ms ago) | EMA: STALE (5000ms ago) | PRICE: STALE (5000ms ago)
2020-09-13 20:40:00,000 - INFO - OperationLogger.src.strategy.strategy_manager - [StrategyManager_STRATEGY_MANAGER] [STRATEGY_STATS] Signal Counts (1m): price_moving_average_buy: 3, ema_trend_follow: 3, golden_cross: 2, ema_sma_divergence: 2
2020-09-13 20:40:00,000 - INFO - OperationLogger.src.trading.trade_manager - [TradeManager_BACKTEST_TRADE_MANAGER] [STATUS_HEARTBEAT] Position: BUY (0.1900 BTC) | 120.0 s History: 63 signals | 60.0 s Density: 33 signals | 24.0 s Density: 12 signals | Last Trade: 59000 ms ago
2020-09-13 20:40:02,000 - INFO - OperationLogger.src.trading.signal_generator - [SignalGenerator_BACKTEST_SIGNAL_GEN] [STATUS_HEARTBEAT] Indicators: SMA: FRESH (1000ms ago) | EMA: FRESH (2000ms ago) | PRICE: FRESH (2000ms ago)
2020-09-13 20:40:09,000 - INFO - OperationLogger.src.strategy.strategy_manager - [StrategyManager_STRATEGY_MANAGER] [STRATEGY_STATS] Signal Counts (1m): price_moving_average_buy: 2, ema_sma_divergence: 2, golden_cross: 1, ema_trend_follow: 1
2020-09-13 20:40:10,000 - INFO - OperationLogger.src.trading.trade_manager - [TradeManager_BACKTEST_TRADE_MANAGER] [STATUS_HEARTBEAT] Position: BUY (0.1900 BTC) | 120.0 s History: 62 signals | 60.0 s Density: 32 signals | 24.0 s Density: 12 signals | Last Trade: 69000 ms ago
2020-09-13 20:40:11,000 - INFO - OperationLogger.src.trading.signal_generator - [SignalGenerator_BACKTEST_SIGNAL_GEN] [STATUS_HEARTBEAT] Indicators: SMA: FRESH (1000ms ago) | EMA: FRESH (2000ms ago) | PRICE: FRESH (2000ms ago)
2020-09-13 20:40:17,000 - INFO - OperationLogger.src.strategy.strategy_manager - [StrategyManager_STRATEGY_MANAGER] [STRATEGY_STATS] Signal Counts (1m): ema_trend_follow: 2, golden_cross: 1, price_moving_average_buy: 1, ema_sma_divergence: 1
2020-09-13 20:40:17,000 - INFO - OperationLogger.src.trading.trade_manager - [TradeManager_BACKTEST_TRADE_MANAGER] [STATUS_HEARTBEAT] Position: BUY (0.1900 BTC) | 120.0 s History: 63 signals | 60.0 s Density: 31 signals | 24.0 s Density: 12 signals | Last Trade: 76000 ms ago
2020-09-13 20:40:17,000 - INFO - OperationLogger.src.trading.signal_generator - [SignalGenerator_BACKTEST_SIGNAL_GEN] [STATUS_HEARTBEAT] Indicators: SMA: FRESH (1000ms ago) | EMA: FRESH (1000ms ago) | PRICE: FRESH (2000ms ago)
2020-09-13 20:40:22,000 - INFO - OperationLogger.src.strategy.strategy_manager - [StrategyManager_STRATEGY_MANAGER] [STRATEGY_STATS] Signal Counts (1m): golden_cross: 1, price_moving_average_buy: 1, ema_trend_follow: 1, ema_sma_divergence: 1
2020-09-13 20:40:22,000 - INFO - OperationLogger.src.trading.trade_manager - [TradeManager_BACKTEST_TRADE_MANAGER] [STATUS_HEARTBEAT] Position: BUY (0.1900 BTC) | 120.0 s History: 63 signals | 60.0 s Density: 31 signals | 24.0 s Density: 12 signals | Last Trade: 81000 ms ago
2020-09-13 20:40:24,000 - INFO - OperationLogger.src.trading.signal_generator - [SignalGenerator_BACKTEST_SIGNAL_GEN] [STATUS_HEARTBEAT] Indicators: SMA: FRESH (1000ms ago) | EMA: FRESH (1000ms ago) | PRICE: FRESH (2000ms ago)
2020-09-13 20:40:28,000 - INFO - OperationLogger.src.strategy.strategy_manager - [StrategyManager_STRATEGY_MANAGER] [STRATEGY_STATS] Signal Counts (1m): price_moving_average_buy: 1, golden_cross: 1, ema_trend_follow: 1, ema_sma_divergence: 1
2020-09-13 20:40:30,000 - INFO - OperationLogger.src.trading.trade_manager - [TradeManager_BACKTEST_TRADE_MANAGER] [STATUS_HEARTBEAT] Position: BUY (0.1900 BTC) | 120.0 s History: 63 signals | 60.0 s Density: 31 signals | 24.0 s Density: 12 signals | Last Trade: 89000 ms ago
2020-09-13 20:40:31,000 - INFO - OperationLogger.src.trading.signal_generator - [SignalGenerator_BACKTEST_SIGNAL_GEN] [STATUS_HEARTBEAT] Indicators: SMA: FRESH (1000ms ago) | EMA: FRESH (2000ms ago) | PRICE: FRESH (2000ms ago)
2020-09-13 20:40:33,000 - INFO - OperationLogger.src.strategy.strategy_manager - [StrategyManager_STRATEGY_MANAGER] [STRATEGY_STATS] Signal Counts (1m): price_moving_average_buy: 1, ema_trend_follow: 1, golden_cross: 1
2020-09-13 20:40:35,000 - INFO - OperationLogger.src.trading.trade_manager - [TradeManager_BACKTEST_TRADE_MANAGER] [STATUS_HEARTBEAT] Position: BUY (0.1900 BTC) | 120.0 s History: 64 signals | 60.0 s Density: 32 signals | 24.0 s Density: 13 signals | Last Trade: 94000 ms ago
2020-09-13 20:40:48,000 - INFO - OperationLogger.src.trading.signal_generator - [SignalGenerator_BACKTEST_SIGNAL_GEN] [STATUS_HEARTBEAT] Indicators: SMA: FRESH (3000ms ago) | EMA: FRESH (3000ms ago) | PRICE: FRESH (3000ms ago)
2020-09-13 20:40:52,000 - INFO - OperationLogger.src.strategy.strategy_manager - [StrategyManager_STRATEGY_MANAGER] [STRATEGY_STATS] Signal Counts (1m): price_moving_average_buy: 4, ema_sma_divergence: 3, ema_trend_follow: 4, golden_cross: 2
2020-09-13 20:40:52,000 - INFO - OperationLogger.src.trading.trade_manager - [TradeManager_BACKTEST_TRADE_MANAGER] [STATUS_HEARTBEAT] Position: BUY (0.1900 BTC) | 120.0 s History: 64 signals | 60.0 s Density: 32 signals | 24.0 s Density: 13 signals | Last Trade: 111000 ms ago
2020-09-13 20:40:54,000 - INFO - OperationLogger.src.trading.signal_generator - [SignalGenerator_BACKTEST_SIGNAL_GEN] [STATUS_HEARTBEAT] Indicators: SMA: FRESH (1000ms ago) | EMA: FRESH (1000ms ago) | PRICE: FRESH (2000ms ago)
2020-09-13 20:40:56,000 - INFO - OperationLogger.src.strategy.strategy_manager - [StrategyManager_STRATEGY_MANAGER] [STRATEGY_STATS] Signal Counts (1m): golden_cross: 1, ema_sma_divergence: 1
2020-09-13 20:40:58,000 - INFO - OperationLogger.src.trading.trade_manager - [TradeManager_BACKTEST_TRADE_MANAGER] [STATUS_HEARTBEAT] Position: BUY (0.1900 BTC) | 120.0 s History: 63 signals | 60.0 s Density: 31 signals | 24.0 s Density: 13 signals | Last Trade: 117000 ms ago
2020-09-13 20:41:01,000 - INFO - OperationLogger.src.trading.signal_generator - [SignalGenerator_BACKTEST_SIGNAL_GEN] [STATUS_HEARTBEAT] Indicators: SMA: FRESH (3000ms ago) | EMA: FRESH (3000ms ago) | PRICE: FRESH (3000ms ago)
2020-09-13 20:41:13,000 - INFO - OperationLogger.src.strategy.strategy_manager - [StrategyManager_STRATEGY_MANAGER] [STRATEGY_STATS] Signal Counts (1m): ema_trend_follow: 4, price_moving_average_buy: 3, golden_cross: 2, ema_sma_divergence: 2
2020-09-13 20:41:18,000 - INFO - OperationLogger.src.trading.trade_manager - [TradeManager_BACKTEST_TRADE_MANAGER] [STATUS_HEARTBEAT] Position: BUY (0.1900 BTC) | 120.0 s History: 63 signals | 60.0 s Density: 32 signals | 24.0 s Density: 12 signals | Last Trade: 137000 ms ago
2020-09-13 20:41:37,000 - INFO - OperationLogger.src.trading.signal_generator - [SignalGenerator_BACKTEST_SIGNAL_GEN] [STATUS_HEARTBEAT] Indicators: SMA: FRESH (4000ms ago) | EMA: FRESH (4000ms ago) | PRICE: FRESH (4000ms ago)
2020-09-13 20:41:44,000 - INFO - OperationLogger.src.data.data_manager - [DataManager_BACKTEST_DATA_MANAGER] [DATA_CLEANUP] Action: skipped | Rows: 903 | All within 1h retention window
2020-09-13 20:41:47,000 - INFO - OperationLogger.src.strategy.strategy_manager - [StrategyManager_STRATEGY_MANAGER] [STRATEGY_STATS] Signal Counts (1m): ema_sma_divergence: 6, price_moving_average_buy: 7, golden_cross: 5, ema_trend_follow: 6
2020-09-13 20:41:48,000 - INFO - OperationLogger.src.trading.trade_manager - [TradeManager_BACKTEST_TRADE_MANAGER] [STATUS_HEARTBEAT] Position: BUY (0.1900 BTC) | 120.0 s History: 62 signals | 60.0 s Density: 31 signals | 24.0 s Density: 11 signals | Last Trade: 167000 ms ago
2020-09-13 20:42:02,000 - INFO - OperationLogger.src.trading.signal_generator - [SignalGenerator_BACKTEST_SIGNAL_GEN] [STATUS_HEARTBEAT] Indicators: SMA: FRESH (2000ms ago) | EMA: FRESH (2000ms ago) | PRICE: FRESH (2000ms ago)
2020-09-13 20:42:07,000 - INFO - OperationLogger.src.strategy.strategy_manager - [StrategyManager_STRATEGY_MANAGER] [STRATEGY_STATS] Signal Counts (1m): ema_trend_follow: 4, price_moving_average_buy: 3, ema_sma_divergence: 4, golden_cross: 3, price_moving_average_sell: 1
2020-09-13 20:42:07,000 - INFO - OperationLogger.src.trading.trade_manager - [TradeManager_BACKTEST_TRADE_MANAGER] [STATUS_HEARTBEAT] Position: BUY (0.1900 BTC) | 120.0 s History: 63 signals | 60.0 s Density: 33 signals | 24.0 s Density: 14 signals | Last Trade: 186000 ms ago
2020-09-13 20:42:13,000 - INFO - OperationLogger.src.trading.signal_generator - [SignalGenerator_BACKTEST_SIGNAL_GEN] [STATUS_HEARTBEAT] Indicators: SMA: FRESH (2000ms ago) | EMA: FRESH (2000ms ago) | PRICE: FRESH (4000ms ago)
2020-09-13 20:42:15,000 - INFO - OperationLogger.src.strategy.strategy_manager - [StrategyManager_STRATEGY_MANAGER] [STRATEGY_STATS] Signal Counts (1m): price_moving_average_sell: 1, ema_trend_follow: 1, golden_cross: 1, ema_sma_divergence: 1
2020-09-13 20:42:15,000 - INFO - OperationLogger.src.trading.trade_manager - [TradeManager_BACKTEST_TRADE_MANAGER] [STATUS_HEARTBEAT] Position: BUY (0.1900 BTC) | 120.0 s History: 62 signals | 60.0 s Density: 31 signals | 24.0 s Density: 11 signals | Last Trade: 194000 ms ago
2020-09-13 20:42:21,000 - INFO - OperationLogger.src.trading.signal_generator - [SignalGenerator_BACKTEST_SIGNAL_GEN] [STATUS_HEARTBEAT] Indicators: SMA: FRESH (1000ms ago) | EMA: FRESH (2000ms ago) | PRICE: FRESH (2000ms ago)
2020-09-13 20:42:24,000 - INFO - OperationLogger.src.strategy.strategy_manager - [StrategyManager_STRATEGY_MANAGER] [STRATEGY_STATS] Signal Counts (1m): price_moving_average_sell: 2, golden_cross: 1, ema_trend_follow: 2, ema_sma_divergence: 1
2020-09-13 20:42:24,000 - INFO - OperationLogger.src.trading.trade_manager - [TradeManager_BACKTEST_TRADE_MANAGER] [STATUS_HEARTBEAT] Position: BUY (0.1900 BTC) | 120.0 s History: 63 signals | 60.0 s Density: 30 signals | 24.0 s Density: 11 signals | Last Trade: 203000 ms ago
2020-09-13 20:42:32,000 - INFO - OperationLogger.src.trading.signal_generator - [SignalGenerator_BACKTEST_SIGNAL_GEN] [STATUS_HEARTBEAT] Indicators: SMA: FRESH (4000ms ago) | EMA: FRESH (4000ms ago) | PRICE: FRESH (4000ms ago)
2020-09-13 20:42:32,000 - INFO - OperationLogger.src.strategy.strategy_manager - [StrategyManager_STRATEGY_MANAGER] [STRATEGY_STATS] Signal Counts (1m): golden_cross: 1, price_moving_average_sell: 1, ema_sma_divergence: 1, ema_trend_follow: 1
2020-09-13 20:42:35,000 - INFO - OperationLogger.src.trading.trade_manager - [TradeManager_BACKTEST_TRADE_MANAGER] [STATUS_HEARTBEAT] Position: BUY (0.1900 BTC) | 120.0 s History: 61 signals | 60.0 s Density: 29 signals | 24.0 s Density: 12 signals | Last Trade: 214000 ms ago
2020-09-13 20:42:39,000 - INFO - OperationLogger.src.trading.signal_generator - [SignalGenerator_BACKTEST_SIGNAL_GEN] [STATUS_HEARTBEAT] Indicators: SMA: FRESH (0ms ago) | EMA: FRESH (0ms ago) | PRICE: FRESH (2000ms ago)
2020-09-13 20:42:41,000 - INFO - OperationLogger.src.strategy.strategy_manager - [StrategyManager_STRATEGY_MANAGER] [STRATEGY_STATS] Signal Counts (1m): golden_cross: 2, price_moving_average_sell: 2, ema_sma_divergence: 1, ema_trend_follow: 1
2020-09-13 20:42:42,000 - INFO - OperationLogger.src.trading.trade_manager - [TradeManager_BACKTEST_TRADE_MANAGER] [STATUS_HEARTBEAT] Position: BUY (0.1900 BTC) | 120.0 s History: 61 signals | 60.0 s Density: 30 signals | 24.0 s Density: 12 signals | Last Trade: 221000 ms ago
2020-09-13 20:42:50,000 - INFO - OperationLogger.src.trading.signal_generator - [SignalGenerator_BACKTEST_SIGNAL_GEN] [STATUS_HEARTBEAT] Indicators: SMA: FRESH (2000ms ago) | EMA: FRESH (4000ms ago) | PRICE: FRESH (4000ms ago)
2020-09-13 20:42:50,000 - INFO - OperationLogger.src.strategy.strategy_manager - [StrategyManager_STRATEGY_MANAGER] [STRATEGY_STATS] Signal Counts (1m): ema_sma_divergence: 1, ema_trend_follow: 1, price_moving_average_sell: 1, death_cross: 1
2020-09-13 20:42:50,000 - INFO - OperationLogger.src.trading.trade_manager - [TradeManager_BACKTEST_TRADE_MANAGER] [STATUS_HEARTBEAT] Position: BUY (0.1900 BTC) | 120.0 s History: 60 signals | 60.0 s Density: 28 signals | 24.0 s Density: 11 signals | Last Trade: 229000 ms ago
2020-09-13 20:42:56,000 - INFO - OperationLogger.src.trading.signal_generator - [SignalGenerator_BACKTEST_SIGNAL_GEN] [STATUS_HEARTBEAT] Indicators: SMA: FRESH (1000ms ago) | EMA: FRESH (4000ms ago) | PRICE: FRESH (4000ms ago)
2020-09-13 20:42:56,000 - INFO - OperationLogger.src.strategy.strategy_manager - [StrategyManager_STRATEGY_MANAGER] [STRATEGY_STATS] Signal Counts (1m): price_moving_average_sell: 2, ema_trend_follow_sell: 2, ema_sma_divergence: 1
2020-09-13 20:42:56,000 - INFO - OperationLogger.src.trading.trade_manager - [TradeManager_BACKTEST_TRADE_MANAGER] [STATUS_HEARTBEAT] Position: BUY (0.1900 BTC) | 120.0 s History: 61 signals | 60.0 s Density: 29 signals | 24.0 s Density: 12 signals | Last Trade: 235000 ms ago
2020-09-13 20:43:03,000 - INFO - OperationLogger.src.trading.signal_generator - [SignalGenerator_BACKTEST_SIGNAL_GEN] [STATUS_HEARTBEAT] Indicators: SMA: FRESH (3000ms ago) | EMA: FRESH (3000ms ago) | PRICE: FRESH (3000ms ago)
2020-09-13 20:43:03,000 - INFO - OperationLogger.src.strategy.strategy_manager - [StrategyManager_STRATEGY_MANAGER] [STRATEGY_STATS] Signal Counts (1m): death_cross: 1, ema_sma_divergence: 1, price_moving_average_sell: 1, ema_trend_follow_sell: 1
2020-09-13 20:43:03,000 - INFO - OperationLogger.src.trading.trade_manager - [TradeManager_BACKTEST_TRADE_MANAGER] [STATUS_HEARTBEAT] Position: BUY (0.1900 BTC) | 120.0 s History: 60 signals | 60.0 s Density: 29 signals | 24.0 s Density: 12 signals | Last Trade: 242000 ms ago
2020-09-13 20:43:09,000 - INFO - OperationLogger.src.strategy.strategy_manager - [StrategyManager_STRATEGY_MANAGER] [STRATEGY_STATS] Signal Counts (1m): death_cross: 1, ema_sma_divergence: 1, price_moving_average_sell: 1, ema_trend_follow_sell: 1
2020-09-13 20:43:09,000 - INFO - OperationLogger.src.trading.trade_manager - [TradeManager_BACKTEST_TRADE_MANAGER] [STATUS_HEARTBEAT] Position: BUY (0.1900 BTC) | 120.0 s History: 59 signals | 60.0 s Density: 29 signals | 24.0 s Density: 13 signals | Last Trade: 248000 ms ago
2020-09-13 20:43:09,000 - INFO - OperationLogger.src.trading.signal_generator - [SignalGenerator_BACKTEST_SIGNAL_GEN] [STATUS_HEARTBEAT] Indicators: SMA: FRESH (1000ms ago) | EMA: FRESH (1000ms ago) | PRICE: FRESH (2000ms ago)
2020-09-13 20:43:15,000 - INFO - OperationLogger.src.strategy.strategy_manager - [StrategyManager_STRATEGY_MANAGER] [STRATEGY_STATS] Signal Counts (1m): death_cross: 1, ema_sma_divergence: 1, price_moving_average_buy: 1, ema_trend_follow_sell: 1
2020-09-13 20:43:15,000 - INFO - OperationLogger.src.trading.trade_manager - [TradeManager_BACKTEST_TRADE_MANAGER] [STATUS_HEARTBEAT] Position: BUY (0.1900 BTC) | 120.0 s History: 60 signals | 60.0 s Density: 29 signals | 24.0 s Density: 13 signals | Last Trade: 254000 ms ago
2020-09-13 20:43:15,000 - INFO - OperationLogger.src.trading.signal_generator - [SignalGenerator_BACKTEST_SIGNAL_GEN] [STATUS_HEARTBEAT] Indicators: SMA: FRESH (0ms ago) | EMA: FRESH (2000ms ago) | PRICE: FRESH (2000ms ago)
2020-09-13 20:43:22,000 - INFO - OperationLogger.src.strategy.strategy_manager - [StrategyManager_STRATEGY_MANAGER] [STRATEGY_STATS] Signal Counts (1m): price_moving_average_sell: 1, death_cross: 1, ema_sma_divergence: 1, ema_trend_follow_sell: 1
2020-09-13 20:43:22,000 - INFO - OperationLogger.src.trading.trade_manager - [TradeManager_BACKTEST_TRADE_MANAGER] [STATUS_HEARTBEAT] Position: BUY (0.1900 BTC) | 120.0 s History: 60 signals | 60.0 s Density: 28 signals | 24.0 s Density: 11 signals | Last Trade: 261000 ms ago
2020-09-13 20:43:25,000 - INFO - OperationLogger.src.trading.signal_generator - [SignalGenerator_BACKTEST_SIGNAL_GEN] [STATUS_HEARTBEAT] Indicators: SMA: FRESH (3000ms ago) | EMA: FRESH (3000ms ago) | PRICE: FRESH (3000ms ago)
2020-09-13 20:43:31,000 - INFO - OperationLogger.src.strategy.strategy_manager - [StrategyManager_STRATEGY_MANAGER] [STRATEGY_STATS] Signal Counts (1m): price_moving_average_buy: 1, ema_sma_divergence: 2, death_cross: 1, ema_trend_follow_sell: 1, price_moving_average_sell: 1
2020-09-13 20:43:31,000 - INFO - OperationLogger.src.trading.trade_manager - [TradeManager_BACKTEST_TRADE_MANAGER] [STATUS_HEARTBEAT] Position: BUY (0.1900 BTC) | 120.0 s History: 58 signals | 60.0 s Density: 29 signals | 24.0 s Density: 12 signals | Last Trade: 270000 ms ago
2020-09-13 20:43:36,000 - INFO - OperationLogger.src.trading.signal_generator - [SignalGenerator_BACKTEST_SIGNAL_GEN] [STATUS_HEARTBEAT] Indicators: SMA: STALE (5000ms ago) | EMA: STALE (5000ms ago) | PRICE: STALE (5000ms ago)
2020-09-13 20:43:41,000 - INFO - OperationLogger.src.strategy.strategy_manager - [StrategyManager_STRATEGY_MANAGER] [STRATEGY_STATS] Signal Counts (1m): ema_trend_follow_sell: 2, death_cross: 1, price_moving_average_sell: 1, ema_sma_divergence: 1
2020-09-13 20:43:42,000 - INFO - OperationLogger.src.trading.trade_manager - [TradeManager_BACKTEST_TRADE_MANAGER] [STATUS_HEARTBEAT] Position: BUY (0.1900 BTC) | 120.0 s History: 58 signals | 60.0 s Density: 28 signals | 24.0 s Density: 12 signals | Last Trade: 281000 ms ago
2020-09-13 20:43:42,000 - INFO - OperationLogger.src.trading.signal_generator - [SignalGenerator_BACKTEST_SIGNAL_GEN] [STATUS_HEARTBEAT] Indicators: SMA: FRESH (0ms ago) | EMA: FRESH (2000ms ago) | PRICE: FRESH (2000ms ago)
2020-09-13 20:43:48,000 - INFO - OperationLogger.src.strategy.strategy_manager - [StrategyManager_STRATEGY_MANAGER] [STRATEGY_STATS] Signal Counts (1m): price_moving_average_buy: 1, ema_trend_follow_sell: 1, death_cross: 1, ema_sma_divergence: 1, ema_trend_follow: 1, price_moving_average_sell: 1
2020-09-13 20:43:48,000 - INFO - OperationLogger.src.trading.trade_manager - [TradeManager_BACKTEST_TRADE_MANAGER] [STATUS_HEARTBEAT] Position: BUY (0.1900 BTC) | 120.0 s History: 59 signals | 60.0 s Density: 30 signals | 24.0 s Density: 13 signals | Last Trade: 287000 ms ago
2020-09-13 20:43:50,000 - INFO - OperationLogger.src.trading.signal_generator - [SignalGenerator_BACKTEST_SIGNAL_GEN] [STATUS_HEARTBEAT] Indicators: SMA: FRESH (1000ms ago) | EMA: FRESH (1000ms ago) | PRICE: FRESH (1000ms ago)
2020-09-13 20:43:58,000 - INFO - OperationLogger.src.strategy.strategy_manager - [StrategyManager_STRATEGY_MANAGER] [STRATEGY_STATS] Signal Counts (1m): ema_sma_divergence: 1, death_cross: 1, price_moving_average_buy: 1, ema_trend_follow_sell: 1
2020-09-13 20:43:58,000 - INFO - OperationLogger.src.trading.trade_manager - [TradeManager_BACKTEST_TRADE_MANAGER] [STATUS_HEARTBEAT] Position: BUY (0.1900 BTC) | 120.0 s History: 56 signals | 60.0 s Density: 27 signals | 24.0 s Density: 12 signals | Last Trade: 297000 ms ago
2020-09-13 20:44:01,000 - INFO - OperationLogger.src.trading.signal_generator - [SignalGenerator_BACKTEST_SIGNAL_GEN] [STATUS_HEARTBEAT] Indicators: SMA: FRESH (2000ms ago) | EMA: FRESH (2000ms ago) | PRICE: FRESH (3000ms ago)
2020-09-13 20:44:03,000 - INFO - OperationLogger.src.strategy.strategy_manager - [StrategyManager_STRATEGY_MANAGER] [STRATEGY_STATS] Signal Counts (1m): price_moving_average_sell: 1, ema_trend_follow_sell: 1, death_cross: 1, ema_sma_divergence: 1
2020-09-13 20:44:03,000 - INFO - OperationLogger.src.trading.trade_manager - [TradeManager_BACKTEST_TRADE_MANAGER] [STATUS_HEARTBEAT] Position: BUY (0.1900 BTC) | 120.0 s History: 57 signals | 60.0 s Density: 29 signals | 24.0 s Density: 12 signals | Last Trade: 302000 ms ago
2020-09-13 20:44:12,000 - INFO - OperationLogger.src.trading.signal_generator - [SignalGenerator_BACKTEST_SIGNAL_GEN] [STATUS_HEARTBEAT] Indicators: SMA: FRESH (2000ms ago) | EMA: FRESH (2000ms ago) | PRICE: FRESH (3000ms ago)
2020-09-13 20:44:19,000 - INFO - TradingLogger.src.trading.trade_manager - [TradeManager_BACKTEST_TRADE_MANAGER] Trade Signal: SELL Entry Price: 65954.2 Amount: 2584.71 USDT or 0.389 BTC It is a REVERSE order.
2020-09-13 20:44:20,000 - INFO - OperationLogger.src.strategy.strategy_manager - [StrategyManager_STRATEGY_MANAGER] [STRATEGY_STATS] Signal Counts (1m): price_moving_average_sell: 3, ema_sma_divergence: 2, death_cross: 2, ema_trend_follow_sell: 3
2020-09-13 20:44:21,000 - INFO - OperationLogger.src.trading.trade_manager - [TradeManager_BACKTEST_TRADE_MANAGER] [STATUS_HEARTBEAT] Position: SELL (0.1990 BTC) | 120.0 s History: 56 signals | 60.0 s Density: 28 signals | 24.0 s Density: 11 signals | Last Trade: 2000 ms ago
2020-09-13 20:44:27,000 - INFO - OperationLogger.src.trading.signal_generator - [SignalGenerator_BACKTEST_SIGNAL_GEN] [STATUS_HEARTBEAT] Indicators: SMA: FRESH (4000ms ago) | EMA: FRESH (4000ms ago) | PRICE: FRESH (4000ms ago)
2020-09-13 20:44:29,000 - INFO - OperationLogger.src.strategy.strategy_manager - [StrategyManager_STRATEGY_MANAGER] [STRATEGY_STATS] Signal Counts (1m): ema_sma_divergence: 2, ema_trend_follow_sell: 1, price_moving_average_sell: 1, death_cross: 1
2020-09-13 20:44:29,000 - INFO - OperationLogger.src.trading.trade_manager - [TradeManager_BACKTEST_TRADE_MANAGER] [STATUS_HEARTBEAT] Position: SELL (0.1990 BTC) | 120.0 s History: 55 signals | 60.0 s Density: 27 signals | 24.0 s Density: 11 signals | Last Trade: 10000 ms ago
2020-09-13 20:44:35,000 - INFO - OperationLogger.src.trading.signal_generator - [SignalGenerator_BACKTEST_SIGNAL_GEN] [STATUS_HEARTBEAT] Indicators: SMA: FRESH (3000ms ago) | EMA: FRESH (3000ms ago) | PRICE: FRESH (3000ms ago)
2020-09-13 20:44:37,000 - INFO - OperationLogger.src.strategy.strategy_manager - [StrategyManager_STRATEGY_MANAGER] [STRATEGY_STATS] Signal Counts (1m): ema_trend_follow_sell: 2, price_moving_average_sell: 2, death_cross: 1, ema_sma_divergence: 1
2020-09-13 20:44:37,000 - INFO - OperationLogger.src.trading.trade_manager - [TradeManager_BACKTEST_TRADE_MANAGER] [STATUS_HEARTBEAT] Position: SELL (0.1990 BTC) | 120.0 s History: 56 signals | 60.0 s Density: 28 signals | 24.0 s Density: 13 signals | Last Trade: 18000 ms ago
2020-09-13 20:44:41,000 - INFO - OperationLogger.src.trading.signal_generator - [SignalGenerator_BACKTEST_SIGNAL_GEN] [STATUS_HEARTBEAT] Indicators: SMA: FRESH (0ms ago) | EMA: FRESH (0ms ago) | PRICE: FRESH (0ms ago)
2020-09-13 20:44:52,000 - INFO - OperationLogger.src.strategy.strategy_manager - [StrategyManager_STRATEGY_MANAGER] [STRATEGY_STATS] Signal Counts (1m): ema_sma_divergence: 3, death_cross: 2, price_moving_average_sell: 3, ema_trend_follow_sell: 3
2020-09-13 20:44:54,000 - INFO - OperationLogger.src.trading.trade_manager - [TradeManager_BACKTEST_TRADE_MANAGER] [STATUS_HEARTBEAT] Position: SELL (0.1990 BTC) | 120.0 s History: 57 signals | 60.0 s Density: 30 signals | 24.0 s Density: 13 signals | Last Trade: 35000 ms ago
2020-09-13 20:45:18,000 - INFO - OperationLogger.src.trading.signal_generator - [SignalGenerator_BACKTEST_SIGNAL_GEN] [STATUS_HEARTBEAT] Indicators: SMA: FRESH (2000ms ago) | EMA: FRESH (2000ms ago) | PRICE: FRESH (2000ms ago)
2020-09-13 20:45:20,000 - INFO - OperationLogger.src.strategy.strategy_manager - [StrategyManager_STRATEGY_MANAGER] [STRATEGY_STATS] Signal Counts (1m): death_cross: 4, ema_trend_follow_sell: 5, price_moving_average_sell: 5, ema_sma_divergence: 4
2020-09-13 20:45:20,000 - INFO - OperationLogger.src.trading.trade_manager - [TradeManager_BACKTEST_TRADE_MANAGER] [STATUS_HEARTBEAT] Position: SELL (0.1990 BTC) | 120.0 s History: 58 signals | 60.0 s Density: 33 signals | 24.0 s Density: 13 signals | Last Trade: 61000 ms ago
2020-09-13 20:45:35,000 - INFO - OperationLogger.src.trading.signal_generator - [SignalGenerator_BACKTEST_SIGNAL_GEN] [STATUS_HEARTBEAT] Indicators: SMA: FRESH (1000ms ago) | EMA: FRESH (1000ms ago) | PRICE: FRESH (1000ms ago)
2020-09-13 20:45:37,000 - INFO - OperationLogger.src.strategy.strategy_manager - [StrategyManager_STRATEGY_MANAGER] [STRATEGY_STATS] Signal Counts (1m): ema_sma_divergence: 3, ema_trend_follow_sell: 4, price_moving_average_sell: 3, death_cross: 2
2020-09-13 20:45:37,000 - INFO - OperationLogger.src.trading.trade_manager - [TradeManager_BACKTEST_TRADE_MANAGER] [STATUS_HEARTBEAT] Position: SELL (0.1990 BTC) | 120.0 s History: 59 signals | 60.0 s Density: 33 signals | 24.0 s Density: 14 signals | Last Trade: 78000 ms ago
2020-09-13 20:45:45,000 - INFO - OperationLogger.src.trading.signal_generator - [SignalGenerator_BACKTEST_SIGNAL_GEN] [STATUS_HEARTBEAT] Indicators: SMA: FRESH (3000ms ago) | EMA: FRESH (3000ms ago) | PRICE: FRESH (4000ms ago)
2020-09-13 20:45:48,000 - INFO - OperationLogger.src.strategy.strategy_manager - [StrategyManager_STRATEGY_MANAGER] [STRATEGY_STATS] Signal Counts (1m): death_cross: 2, price_moving_average_sell: 2, ema_sma_divergence: 2, ema_trend_follow_sell: 2
2020-09-13 20:45:48,000 - INFO - OperationLogger.src.trading.trade_manager - [TradeManager_BACKTEST_TRADE_MANAGER] [STATUS_HEARTBEAT] Position: SELL (0.1990 BTC) | 120.0 s History: 61 signals | 60.0 s Density: 32 signals | 24.0 s Density: 13 signals | Last Trade: 89000 ms ago
DataLoader finished. Processed 288 15m intervals.
[FINISHED] Processed 3 files in 1600001152.00 seconds.

==================================================
BACKTEST PERFORMANCE REPORT
==================================================
Initial Balance:  $10,000.00
Final Balance:    $9,965.66
Total PnL:        $-34.34 (-0.34%)
Total Trades:     3
==================================================
2020-09-13 20:45:52,000 - INFO - OperationLogger.src.trading.signal_generator - [SignalGenerator_BACKTEST_SIGNAL_GEN] [STATUS_HEARTBEAT] Indicators: SMA: FRESH (1000ms ago) | EMA: FRESH (1000ms ago) | PRICE: FRESH (1000ms ago)

2020-09-13 20:45:52,000 - INFO - OperationLogger.src.strategy.strategy_manager - [StrategyManager_STRATEGY_MANAGER] [STRATEGY_STATS] Signal Counts (1m): price_moving_average_sell: 1, death_cross: 1
2020-09-13 20:45:52,000 - INFO - OperationLogger.src.trading.trade_manager - [TradeManager_BACKTEST_TRADE_MANAGER] [STATUS_HEARTBEAT] Position: SELL (0.1990 BTC) | 120.0 s History: 61 signals | 60.0 s Density: 33 signals | 24.0 s Density: 14 signals | Last Trade: 93000 ms ago
2020-09-13 20:45:52,000 - INFO - OperationLogger.src.trading.signal_generator - [SignalGenerator_BACKTEST_SIGNAL_GEN] [STATUS_HEARTBEAT] Indicators: SMA: FRESH (0ms ago) | EMA: FRESH (0ms ago) | PRICE: FRESH (0ms ago)
2020-09-13 20:45:52,000 - INFO - OperationLogger.src.strategy.strategy_manager - [StrategyManager_STRATEGY_MANAGER] [STRATEGY_STATS] No signals generated in last interval.
2020-09-13 20:45:52,000 - INFO - OperationLogger.src.trading.trade_manager - [TradeManager_BACKTEST_TRADE_MANAGER] [STATUS_HEARTBEAT] Position: SELL (0.1990 BTC) | 120.0 s History: 61 signals | 60.0 s Density: 33 signals | 24.0 s Density: 14 signals | Last Trade: 93000 ms ago
2020-09-13 20:45:52,000 - INFO - OperationLogger.src.strategy.strategy_manager - [StrategyManager_STRATEGY_MANAGER] [STRATEGY_STATS] No signals generated in last interval.
2020-09-13 20:45:52,000 - INFO - OperationLogger.src.trading.trade_manager - [TradeManager_BACKTEST_TRADE_MANAGER] [STATUS_HEARTBEAT] Position: SELL (0.1990 BTC) | 120.0 s History: 61 signals | 60.0 s Density: 33 signals | 24.0 s Density: 14 signals | Last Trade: 93000 ms ago
2020-09-13 20:45:52,000 - INFO - OperationLogger.src.trading.signal_generator - [SignalGenerator_BACKTEST_SIGNAL_GEN] [STATUS_HEARTBEAT] Indicators: SMA: FRESH (0ms ago) | EMA: FRESH (0ms ago) | PRICE: FRESH (0ms ago)
2020-09-13 20:45:52,000 - INFO - OperationLogger.src.strategy.strategy_manager - [StrategyManager_STRATEGY_MANAGER] [STRATEGY_STATS] No signals generated in last interval.
2020-09-13 20:45:52,000 - INFO - OperationLogger.src.trading.trade_manager - [TradeManager_BACKTEST_TRADE_MANAGER] [STATUS_HEARTBEAT] Position: SELL (0.1990 BTC) | 120.0 s History: 61 signals | 60.0 s Density: 33 signals | 24.0 s Density: 14 signals | Last Trade: 93000 ms ago
2020-09-13 20:45:52,000 - INFO - OperationLogger.src.trading.signal_generator - [SignalGenerator_BACKTEST_SIGNAL_GEN] [STATUS_HEARTBEAT] Indicators: SMA: FRESH (0ms ago) | EMA: FRESH (0ms ago) | PRICE: FRESH (0ms ago)
